# Blender 5.2.1 LTS
# www.blender.org
mtllib FireCore.mtl
o Sphere.001
v 0.000000 0.056240 0.320804
v 0.000000 0.084360 0.121077
v -0.000000 0.109743 -0.096914
v 0.000000 -0.000015 -0.280115
v 0.010975 0.055160 0.320804
v 0.016461 0.082739 0.121077
v 0.023855 0.119911 -0.034600
v 0.021413 0.107634 -0.096914
v 0.018210 0.091533 -0.158822
v 0.014308 0.071914 -0.209628
v 0.009855 0.049531 -0.247381
v 0.005211 0.026182 -0.270336
v 0.021528 0.051958 0.320804
v 0.032289 0.077938 0.121077
v 0.046793 0.112953 -0.034600
v 0.042003 0.101389 -0.096914
v 0.035720 0.086222 -0.158822
v 0.028065 0.067741 -0.209628
v 0.019332 0.046656 -0.247381
v 0.010221 0.024662 -0.270336
v 0.031254 0.046760 0.320804
v 0.046876 0.070141 0.121077
v 0.067933 0.101654 -0.034600
v 0.060978 0.091246 -0.096914
v 0.051858 0.077596 -0.158822
v 0.040744 0.060964 -0.209628
v 0.028065 0.041988 -0.247381
v 0.014839 0.022194 -0.270336
v 0.039778 0.039764 0.320804
v 0.059662 0.059647 0.121077
v 0.086462 0.086447 -0.034600
v 0.077610 0.077596 -0.096914
v 0.066002 0.065988 -0.158822
v 0.051858 0.051843 -0.209628
v 0.035720 0.035706 -0.247381
v 0.018887 0.018872 -0.270336
v 0.046774 0.031239 0.320804
v 0.070155 0.046862 0.121077
v 0.101668 0.067918 -0.034600
v 0.091260 0.060964 -0.096914
v 0.077610 0.051843 -0.158822
v 0.060978 0.040730 -0.209628
v 0.042003 0.028051 -0.247381
v 0.022208 0.014825 -0.270336
v 0.051973 0.021513 0.320804
v 0.077952 0.032274 0.121077
v 0.112968 0.046778 -0.034600
v 0.101403 0.041988 -0.096914
v 0.086236 0.035706 -0.158822
v 0.067755 0.028051 -0.209628
v 0.046671 0.019317 -0.247381
v 0.024677 0.010207 -0.270336
v 0.055174 0.010960 0.320804
v 0.082754 0.016446 0.121077
v 0.119926 0.023840 -0.034600
v 0.107649 0.021398 -0.096914
v 0.091548 0.018195 -0.158822
v 0.071929 0.014293 -0.209628
v 0.049546 0.009841 -0.247381
v 0.026196 0.005196 -0.270336
v 0.056255 -0.000015 0.320804
v 0.084375 -0.000015 0.121077
v 0.122276 -0.000015 -0.034600
v 0.109758 -0.000015 -0.096914
v 0.093342 -0.000015 -0.158822
v 0.073338 -0.000015 -0.209628
v 0.050516 -0.000015 -0.247381
v 0.026710 -0.000015 -0.270336
v 0.055174 -0.010989 0.320804
v 0.082754 -0.016475 0.121077
v 0.119926 -0.023869 -0.034600
v 0.107649 -0.021427 -0.096914
v 0.091548 -0.018225 -0.158822
v 0.071929 -0.014322 -0.209628
v 0.049546 -0.009870 -0.247381
v 0.026196 -0.005225 -0.270336
v 0.051973 -0.021542 0.320804
v 0.077952 -0.032304 0.121077
v 0.112968 -0.046807 -0.034600
v 0.101403 -0.042017 -0.096914
v 0.086236 -0.035735 -0.158822
v 0.067755 -0.028080 -0.209628
v 0.046671 -0.019346 -0.247381
v 0.024677 -0.010236 -0.270336
v 0.046774 -0.031268 0.320804
v 0.070155 -0.046891 0.121077
v 0.101668 -0.067947 -0.034600
v 0.091260 -0.060993 -0.096914
v 0.077610 -0.051872 -0.158822
v 0.060978 -0.040759 -0.209628
v 0.042003 -0.028080 -0.247381
v 0.022208 -0.014854 -0.270336
v 0.039778 -0.039793 0.320804
v 0.059662 -0.059677 0.121077
v 0.086462 -0.086477 -0.034600
v 0.077610 -0.077625 -0.096914
v 0.066002 -0.066017 -0.158822
v 0.051858 -0.051872 -0.209628
v 0.035720 -0.035735 -0.247381
v 0.018887 -0.018901 -0.270336
v 0.031254 -0.046789 0.320804
v 0.046876 -0.070170 0.121077
v 0.067933 -0.101683 -0.034600
v 0.060978 -0.091275 -0.096914
v 0.051858 -0.077625 -0.158822
v 0.040744 -0.060993 -0.209628
v 0.028065 -0.042017 -0.247381
v 0.014839 -0.022223 -0.270336
v 0.021528 -0.051987 0.320804
v 0.032289 -0.077967 0.121077
v 0.046793 -0.112983 -0.034600
v 0.042003 -0.101418 -0.096914
v 0.035720 -0.086251 -0.158822
v 0.028065 -0.067770 -0.209628
v 0.019332 -0.046685 -0.247381
v 0.010221 -0.024691 -0.270336
v 0.010975 -0.055189 0.320804
v 0.016461 -0.082768 0.121077
v 0.023855 -0.119941 -0.034600
v 0.021413 -0.107664 -0.096914
v 0.018210 -0.091563 -0.158822
v 0.014308 -0.071943 -0.209628
v 0.009855 -0.049560 -0.247381
v 0.005211 -0.026211 -0.270336
v 0.000000 -0.056269 0.320804
v 0.000000 -0.084390 0.121077
v 0.000000 -0.122290 -0.034600
v 0.000000 -0.109773 -0.096914
v -0.000000 -0.093356 -0.158822
v -0.000000 -0.073352 -0.209628
v -0.000000 -0.050531 -0.247381
v -0.000000 -0.026724 -0.270336
v -0.010975 -0.055189 0.320804
v -0.016461 -0.082768 0.121077
v -0.023855 -0.119941 -0.034600
v -0.021413 -0.107664 -0.096914
v -0.018210 -0.091563 -0.158822
v -0.014308 -0.071943 -0.209628
v -0.009855 -0.049560 -0.247381
v -0.005211 -0.026211 -0.270336
v -0.021528 -0.051987 0.320804
v -0.032289 -0.077967 0.121077
v -0.046793 -0.112983 -0.034600
v -0.042003 -0.101418 -0.096914
v -0.035720 -0.086251 -0.158822
v -0.028065 -0.067770 -0.209628
v -0.019332 -0.046685 -0.247381
v -0.010221 -0.024691 -0.270336
v -0.031254 -0.046789 0.320804
v -0.046876 -0.070170 0.121077
v -0.067933 -0.101683 -0.034600
v -0.060978 -0.091275 -0.096914
v -0.051858 -0.077625 -0.158822
v -0.040744 -0.060993 -0.209628
v -0.028065 -0.042017 -0.247381
v -0.014839 -0.022223 -0.270336
v -0.039778 -0.039793 0.320804
v -0.059662 -0.059677 0.121077
v -0.086462 -0.086476 -0.034600
v -0.077610 -0.077625 -0.096914
v -0.066002 -0.066017 -0.158822
v -0.051858 -0.051872 -0.209628
v -0.035720 -0.035735 -0.247381
v -0.018887 -0.018901 -0.270336
v -0.046774 -0.031268 0.320804
v -0.070155 -0.046891 0.121077
v -0.101668 -0.067947 -0.034600
v -0.091260 -0.060993 -0.096914
v -0.077610 -0.051872 -0.158822
v -0.060978 -0.040759 -0.209628
v -0.042003 -0.028080 -0.247381
v -0.022208 -0.014854 -0.270336
v -0.051973 -0.021542 0.320804
v -0.077952 -0.032304 0.121077
v -0.112968 -0.046807 -0.034600
v -0.101403 -0.042017 -0.096914
v -0.086236 -0.035735 -0.158822
v -0.067755 -0.028080 -0.209628
v -0.046671 -0.019346 -0.247381
v -0.024677 -0.010236 -0.270336
v -0.055174 -0.010989 0.320804
v -0.082754 -0.016475 0.121077
v -0.119926 -0.023869 -0.034600
v -0.107649 -0.021427 -0.096914
v -0.091548 -0.018225 -0.158822
v -0.071929 -0.014322 -0.209628
v -0.049546 -0.009870 -0.247381
v -0.026196 -0.005225 -0.270336
v -0.056255 -0.000015 0.320804
v -0.084375 -0.000015 0.121077
v -0.122276 -0.000015 -0.034600
v -0.109758 -0.000015 -0.096914
v -0.093342 -0.000015 -0.158822
v -0.073338 -0.000015 -0.209628
v -0.050516 -0.000015 -0.247381
v -0.026710 -0.000015 -0.270336
v -0.055174 0.010960 0.320804
v -0.082754 0.016446 0.121077
v -0.119926 0.023840 -0.034600
v -0.107649 0.021398 -0.096914
v -0.091548 0.018195 -0.158822
v -0.071929 0.014293 -0.209628
v -0.049546 0.009841 -0.247381
v -0.026196 0.005196 -0.270336
v -0.051973 0.021513 0.320804
v -0.077952 0.032274 0.121077
v -0.112968 0.046778 -0.034600
v -0.101403 0.041988 -0.096914
v -0.086236 0.035706 -0.158822
v -0.067755 0.028051 -0.209628
v -0.046671 0.019317 -0.247381
v -0.024677 0.010207 -0.270336
v -0.046774 0.031239 0.320804
v -0.070155 0.046862 0.121077
v -0.101668 0.067918 -0.034600
v -0.091260 0.060964 -0.096914
v -0.077610 0.051843 -0.158822
v -0.060978 0.040730 -0.209628
v -0.042003 0.028051 -0.247381
v -0.022208 0.014825 -0.270336
v -0.039778 0.039764 0.320804
v -0.059662 0.059647 0.121077
v -0.086462 0.086447 -0.034600
v -0.077610 0.077596 -0.096914
v -0.066002 0.065988 -0.158822
v -0.051858 0.051843 -0.209628
v -0.035720 0.035706 -0.247381
v -0.018887 0.018872 -0.270336
v -0.031254 0.046760 0.320804
v -0.046876 0.070141 0.121077
v -0.067933 0.101654 -0.034600
v -0.060978 0.091246 -0.096914
v -0.051858 0.077596 -0.158822
v -0.040744 0.060964 -0.209628
v -0.028065 0.041988 -0.247381
v -0.014839 0.022194 -0.270336
v -0.021528 0.051958 0.320804
v -0.032289 0.077938 0.121077
v -0.046793 0.112953 -0.034600
v -0.042003 0.101388 -0.096914
v -0.035720 0.086222 -0.158822
v -0.028065 0.067741 -0.209628
v -0.019332 0.046656 -0.247381
v -0.010221 0.024662 -0.270336
v -0.010975 0.055160 0.320804
v -0.016461 0.082739 0.121077
v -0.023855 0.119911 -0.034600
v -0.021413 0.107634 -0.096914
v -0.018210 0.091533 -0.158822
v -0.014308 0.071914 -0.209628
v -0.009855 0.049531 -0.247381
v -0.005211 0.026182 -0.270336
v -0.000000 0.122261 -0.034600
v 0.000000 0.093327 -0.158822
v 0.000000 0.073323 -0.209628
v -0.000000 0.050502 -0.247381
v 0.000000 0.026695 -0.270336
v 0.018957 0.095289 0.057383
v 0.021231 0.106723 0.028552
v 0.024630 0.123808 0.000175
v 0.037186 0.089759 0.057383
v 0.041647 0.100530 0.028552
v 0.048313 0.116624 0.000175
v 0.053985 0.080780 0.057383
v 0.060462 0.090473 0.028552
v 0.070140 0.104957 0.000175
v 0.068710 0.068696 0.057383
v 0.076953 0.076939 0.028552
v 0.089271 0.089256 0.000175
v 0.080795 0.053971 0.057383
v 0.090487 0.060447 0.028552
v 0.104972 0.070125 0.000175
v 0.089774 0.037171 0.057383
v 0.100544 0.041632 0.028552
v 0.116638 0.048298 0.000175
v 0.095304 0.018942 0.057383
v 0.106737 0.021217 0.028552
v 0.123823 0.024615 0.000175
v 0.097171 -0.000015 0.057383
v 0.108828 -0.000015 0.028552
v 0.126249 -0.000015 0.000175
v 0.095304 -0.018972 0.057383
v 0.106737 -0.021246 0.028552
v 0.123823 -0.024644 0.000175
v 0.089774 -0.037200 0.057383
v 0.100544 -0.041661 0.028552
v 0.116638 -0.048328 0.000175
v 0.080795 -0.054000 0.057383
v 0.090487 -0.060476 0.028552
v 0.104972 -0.070155 0.000175
v 0.068710 -0.068725 0.057383
v 0.076953 -0.076968 0.028552
v 0.089271 -0.089286 0.000175
v 0.053985 -0.080809 0.057383
v 0.060462 -0.090502 0.028552
v 0.070140 -0.104986 0.000175
v 0.037186 -0.089789 0.057383
v 0.041647 -0.100559 0.028552
v 0.048313 -0.116653 0.000175
v 0.018957 -0.095318 0.057383
v 0.021231 -0.106752 0.028552
v 0.024630 -0.123837 0.000175
v 0.000000 -0.097186 0.057383
v -0.000000 -0.108843 0.028552
v -0.000000 -0.126263 0.000175
v -0.018957 -0.095318 0.057383
v -0.021231 -0.106752 0.028552
v -0.024630 -0.123837 0.000175
v -0.037186 -0.089789 0.057383
v -0.041647 -0.100559 0.028552
v -0.048313 -0.116653 0.000175
v -0.053985 -0.080809 0.057383
v -0.060462 -0.090502 0.028552
v -0.070140 -0.104986 0.000175
v -0.068710 -0.068725 0.057383
v -0.076953 -0.076968 0.028552
v -0.089271 -0.089286 0.000175
v -0.080795 -0.054000 0.057383
v -0.090487 -0.060476 0.028552
v -0.104972 -0.070155 0.000175
v -0.089774 -0.037200 0.057383
v -0.100544 -0.041661 0.028552
v -0.116638 -0.048328 0.000175
v -0.095304 -0.018972 0.057383
v -0.106737 -0.021246 0.028552
v -0.123823 -0.024644 0.000175
v -0.097171 -0.000015 0.057383
v -0.108828 -0.000015 0.028552
v -0.126249 -0.000015 0.000175
v -0.095304 0.018942 0.057383
v -0.106737 0.021217 0.028552
v -0.123823 0.024615 0.000175
v -0.089774 0.037171 0.057383
v -0.100544 0.041632 0.028552
v -0.116638 0.048298 0.000175
v -0.080795 0.053971 0.057383
v -0.090487 0.060447 0.028552
v -0.104972 0.070125 0.000175
v -0.068710 0.068696 0.057383
v -0.076953 0.076939 0.028552
v -0.089271 0.089256 0.000175
v -0.053985 0.080780 0.057383
v -0.060462 0.090473 0.028552
v -0.070140 0.104957 0.000175
v -0.037186 0.089759 0.057383
v -0.041647 0.100530 0.028552
v -0.048313 0.116624 0.000175
v -0.018957 0.095289 0.057383
v -0.021231 0.106722 0.028552
v -0.024630 0.123808 0.000175
v 0.000000 0.097156 0.057383
v 0.000000 0.108814 0.028552
v 0.000000 0.126234 0.000175
v 0.003922 0.026528 -0.270299
v 0.002642 0.026808 -0.270263
v 0.001331 0.026783 -0.270299
v 0.000000 0.044471 -0.254592
v 0.000000 0.038424 -0.260849
v 0.000000 0.032464 -0.266111
v 0.007412 0.049955 -0.247381
v 0.004951 0.050258 -0.247381
v 0.002479 0.050441 -0.247381
v 0.008679 0.043617 -0.254592
v 0.007499 0.037685 -0.260849
v 0.006336 0.031839 -0.266111
v 0.001968 0.009879 -0.277803
v 0.003082 0.015478 -0.275915
v 0.004134 0.020770 -0.273533
v -0.000000 0.010073 -0.277803
v -0.000000 0.015782 -0.275915
v -0.000000 0.021177 -0.273533
v 0.004140 0.084259 0.121077
v 0.008270 0.083954 0.121077
v 0.012380 0.083447 0.121077
v 0.000000 0.064164 0.262915
v 0.000000 0.071731 0.208208
v 0.000000 0.078582 0.159868
v 0.002760 0.056173 0.320804
v 0.005514 0.055969 0.320804
v 0.008254 0.055631 0.320804
v 0.012521 0.062931 0.262915
v 0.013997 0.070352 0.208208
v 0.015333 0.077072 0.159868
v 0.014258 0.096104 0.057383
v 0.009524 0.096688 0.057383
v 0.004768 0.097039 0.057383
v 0.000000 0.088827 0.093960
v 0.000000 0.092214 0.076413
v 0.000000 0.094874 0.065275
v 0.017332 0.087120 0.093960
v 0.017993 0.090442 0.076413
v 0.018512 0.093050 0.065275
v 0.005386 0.109611 -0.096914
v 0.010758 0.109214 -0.096914
v 0.016105 0.108555 -0.096914
v 0.000000 0.113214 -0.080103
v -0.000000 0.116443 -0.063565
v 0.000000 0.119451 -0.048123
v 0.017942 0.120937 -0.034600
v 0.011985 0.121672 -0.034600
v 0.006000 0.122113 -0.034600
v 0.023307 0.117155 -0.048123
v 0.022720 0.114205 -0.063565
v 0.022090 0.111039 -0.080103
v 0.013696 0.092316 -0.158822
v 0.009149 0.092877 -0.158822
v 0.004580 0.093214 -0.158822
v 0.000000 0.106012 -0.113307
v -0.000000 0.102026 -0.129115
v -0.000000 0.097794 -0.144299
v 0.020685 0.103975 -0.113307
v 0.019907 0.100065 -0.129115
v 0.019082 0.095915 -0.144299
v 0.010761 0.072530 -0.209628
v 0.007188 0.072970 -0.209628
v 0.003598 0.073235 -0.209628
v -0.000000 0.088634 -0.172648
v -0.000000 0.083728 -0.185744
v 0.000000 0.078620 -0.198081
v 0.017295 0.086931 -0.172648
v 0.016337 0.082119 -0.185744
v 0.015341 0.077110 -0.198081
v 0.000000 0.067849 -0.220355
v 0.000000 0.062212 -0.230238
v -0.000000 0.056425 -0.239254
v 0.013240 0.066545 -0.220355
v 0.012140 0.061016 -0.230238
v 0.011011 0.055340 -0.239254
v 0.012274 0.048988 -0.247381
v 0.014664 0.048326 -0.247381
v 0.017018 0.047548 -0.247381
v 0.017820 0.071125 -0.209628
v 0.021289 0.070165 -0.209628
v 0.024707 0.069036 -0.209628
v 0.025971 0.062684 -0.220355
v 0.023813 0.057475 -0.230238
v 0.021598 0.052128 -0.239254
v 0.006534 0.026009 -0.270299
v 0.007824 0.025777 -0.270263
v 0.009025 0.025253 -0.270299
v 0.017024 0.041085 -0.254592
v 0.014710 0.035498 -0.260849
v 0.012429 0.029991 -0.266111
v 0.003860 0.009305 -0.277803
v 0.006045 0.014580 -0.275915
v 0.008110 0.019564 -0.273533
v 0.020501 0.081832 0.121077
v 0.024493 0.080727 0.121077
v 0.028425 0.079428 0.121077
v 0.013669 0.054555 0.320804
v 0.016330 0.053818 0.320804
v 0.018952 0.052952 0.320804
v 0.024560 0.059279 0.262915
v 0.027456 0.066269 0.208208
v 0.030078 0.072599 0.159868
v 0.023611 0.094244 0.057383
v 0.028207 0.092972 0.057383
v 0.032736 0.091476 0.057383
v 0.033998 0.082064 0.093960
v 0.035295 0.085194 0.076413
v 0.036312 0.087651 0.065275
v 0.026669 0.106454 -0.096914
v 0.031861 0.105017 -0.096914
v 0.036976 0.103327 -0.096914
v 0.029711 0.118596 -0.034600
v 0.035495 0.116995 -0.034600
v 0.041193 0.115113 -0.034600
v 0.045717 0.110357 -0.048123
v 0.044566 0.107578 -0.063565
v 0.043331 0.104595 -0.080103
v 0.022680 0.090529 -0.158822
v 0.027096 0.089307 -0.158822
v 0.031446 0.087870 -0.158822
v 0.040575 0.097942 -0.113307
v 0.039049 0.094259 -0.129115
v 0.037430 0.090349 -0.144299
v 0.033924 0.081886 -0.172648
v 0.032047 0.077354 -0.185744
v 0.030092 0.072635 -0.198081
v 0.046927 0.099205 -0.096914
v 0.051739 0.096783 -0.096914
v 0.056427 0.094128 -0.096914
v 0.052279 0.110521 -0.034600
v 0.057640 0.107822 -0.034600
v 0.062862 0.104864 -0.034600
v 0.066371 0.099317 -0.048123
v 0.064700 0.096816 -0.063565
v 0.062907 0.094132 -0.080103
v 0.039908 0.084365 -0.158822
v 0.044001 0.082305 -0.158822
v 0.047987 0.080047 -0.158822
v 0.058905 0.088144 -0.113307
v 0.056691 0.084829 -0.129115
v 0.054340 0.081310 -0.144299
v 0.031356 0.066282 -0.209628
v 0.034571 0.064663 -0.209628
v 0.037703 0.062889 -0.209628
v 0.049251 0.073694 -0.172648
v 0.046525 0.069615 -0.185744
v 0.043687 0.065368 -0.198081
v 0.021598 0.045651 -0.247381
v 0.023813 0.044536 -0.247381
v 0.025971 0.043314 -0.247381
v 0.037703 0.056412 -0.220355
v 0.034571 0.051725 -0.230238
v 0.031356 0.046913 -0.239254
v 0.011485 0.024234 -0.270299
v 0.012705 0.023755 -0.270263
v 0.013781 0.023007 -0.270299
v 0.024715 0.036974 -0.254592
v 0.021355 0.031946 -0.260849
v 0.018044 0.026990 -0.266111
v 0.005604 0.008373 -0.277803
v 0.008776 0.013120 -0.275915
v 0.011773 0.017606 -0.273533
v 0.036075 0.076259 0.121077
v 0.039774 0.074397 0.121077
v 0.043377 0.072356 0.121077
v 0.024052 0.050839 0.320804
v 0.026518 0.049598 0.320804
v 0.028921 0.048237 0.320804
v 0.035656 0.053348 0.262915
v 0.039859 0.059639 0.208208
v 0.043666 0.065336 0.159868
v 0.041546 0.087827 0.057383
v 0.045806 0.085682 0.057383
v 0.049956 0.083331 0.057383
v 0.049358 0.073854 0.093960
v 0.051240 0.076671 0.076413
v 0.052717 0.078882 0.065275
v 0.015995 0.021527 -0.270299
v 0.017098 0.020820 -0.270263
v 0.018008 0.019876 -0.270299
v 0.030092 0.040560 -0.247381
v 0.032047 0.039035 -0.247381
v 0.033924 0.037415 -0.247381
v 0.031456 0.031442 -0.254592
v 0.027180 0.027165 -0.260849
v 0.022965 0.022951 -0.266111
v 0.007133 0.007118 -0.277803
v 0.011170 0.011155 -0.275915
v 0.014985 0.014970 -0.273533
v 0.050262 0.067756 0.121077
v 0.053527 0.065208 0.121077
v 0.056663 0.062503 0.121077
v 0.033511 0.045170 0.320804
v 0.035688 0.043471 0.320804
v 0.037778 0.041667 0.320804
v 0.045381 0.045367 0.262915
v 0.050732 0.050717 0.208208
v 0.055576 0.055561 0.159868
v 0.057885 0.078034 0.057383
v 0.061644 0.075099 0.057383
v 0.065256 0.071984 0.057383
v 0.062821 0.062806 0.093960
v 0.065216 0.065201 0.076413
v 0.067096 0.067082 0.065275
v 0.065382 0.088144 -0.096914
v 0.069629 0.084829 -0.096914
v 0.073709 0.081310 -0.096914
v 0.072839 0.098198 -0.034600
v 0.077571 0.094505 -0.034600
v 0.082115 0.090585 -0.034600
v 0.084475 0.084460 -0.048123
v 0.082348 0.082333 -0.063565
v 0.080065 0.080050 -0.080103
v 0.055603 0.074958 -0.158822
v 0.059215 0.072139 -0.158822
v 0.062684 0.069147 -0.158822
v 0.074972 0.074958 -0.113307
v 0.072153 0.072139 -0.129115
v 0.069161 0.069147 -0.144299
v 0.043687 0.058891 -0.209628
v 0.046525 0.056676 -0.209628
v 0.049251 0.054325 -0.209628
v 0.062684 0.062669 -0.172648
v 0.059215 0.059200 -0.185744
v 0.055603 0.055589 -0.198081
v 0.047987 0.047972 -0.220355
v 0.044001 0.043986 -0.230238
v 0.039908 0.039894 -0.239254
v 0.081325 0.073694 -0.096914
v 0.084844 0.069615 -0.096914
v 0.088158 0.065368 -0.096914
v 0.090600 0.082101 -0.034600
v 0.094520 0.077556 -0.034600
v 0.098213 0.072825 -0.034600
v 0.099332 0.066357 -0.048123
v 0.096831 0.064686 -0.063565
v 0.094146 0.062892 -0.080103
v 0.069161 0.062669 -0.158822
v 0.072153 0.059200 -0.158822
v 0.074972 0.055589 -0.158822
v 0.088158 0.058891 -0.113307
v 0.084844 0.056676 -0.129115
v 0.081325 0.054325 -0.144299
v 0.054340 0.049236 -0.209628
v 0.056691 0.046510 -0.209628
v 0.058905 0.043673 -0.209628
v 0.073709 0.049236 -0.172648
v 0.069629 0.046510 -0.185744
v 0.065382 0.043673 -0.198081
v 0.037430 0.033910 -0.247381
v 0.039049 0.032032 -0.247381
v 0.040575 0.030078 -0.247381
v 0.056427 0.037689 -0.220355
v 0.051739 0.034557 -0.230238
v 0.046927 0.031341 -0.239254
v 0.019890 0.017993 -0.270299
v 0.020834 0.017084 -0.270263
v 0.021542 0.015980 -0.270299
v 0.036989 0.024701 -0.254592
v 0.031960 0.021341 -0.260849
v 0.027005 0.018029 -0.266111
v 0.008388 0.005590 -0.277803
v 0.013134 0.008762 -0.275915
v 0.017620 0.011759 -0.273533
v 0.062518 0.056648 0.121077
v 0.065223 0.053512 0.121077
v 0.067771 0.050247 0.121077
v 0.041682 0.037764 0.320804
v 0.043485 0.035673 0.320804
v 0.045184 0.033496 0.320804
v 0.053363 0.035641 0.262915
v 0.059654 0.039845 0.208208
v 0.065351 0.043651 0.159868
v 0.071999 0.065241 0.057383
v 0.075114 0.061630 0.057383
v 0.078048 0.057870 0.057383
v 0.073869 0.049343 0.093960
v 0.076686 0.051225 0.076413
v 0.078897 0.052703 0.065275
v 0.023021 0.013767 -0.270299
v 0.023770 0.012691 -0.270263
v 0.024249 0.011470 -0.270299
v 0.043329 0.025956 -0.247381
v 0.044551 0.023798 -0.247381
v 0.045666 0.021584 -0.247381
v 0.041100 0.017009 -0.254592
v 0.035513 0.014695 -0.260849
v 0.030006 0.012414 -0.266111
v 0.009320 0.003846 -0.277803
v 0.014594 0.006030 -0.275915
v 0.019579 0.008095 -0.273533
v 0.072371 0.043363 0.121077
v 0.074412 0.039759 0.121077
v 0.076274 0.036060 0.121077
v 0.048251 0.028906 0.320804
v 0.049612 0.026504 0.320804
v 0.050854 0.024037 0.320804
v 0.059294 0.024546 0.262915
v 0.066284 0.027441 0.208208
v 0.072614 0.030063 0.159868
v 0.083346 0.049941 0.057383
v 0.085697 0.045791 0.057383
v 0.087841 0.041531 0.057383
v 0.082079 0.033984 0.093960
v 0.085208 0.035280 0.076413
v 0.087665 0.036298 0.065275
v 0.094142 0.056412 -0.096914
v 0.096798 0.051725 -0.096914
v 0.099220 0.046913 -0.096914
v 0.104879 0.062847 -0.034600
v 0.107837 0.057625 -0.034600
v 0.110536 0.052265 -0.034600
v 0.110372 0.045703 -0.048123
v 0.107593 0.044552 -0.063565
v 0.104610 0.043316 -0.080103
v 0.080061 0.047972 -0.158822
v 0.082319 0.043986 -0.158822
v 0.084380 0.039894 -0.158822
v 0.097956 0.040560 -0.113307
v 0.094273 0.039035 -0.129115
v 0.090364 0.037415 -0.144299
v 0.062904 0.037689 -0.209628
v 0.064678 0.034557 -0.209628
v 0.066297 0.031341 -0.209628
v 0.081901 0.033910 -0.172648
v 0.077368 0.032032 -0.185744
v 0.072649 0.030078 -0.198081
v 0.062698 0.025956 -0.220355
v 0.057490 0.023798 -0.230238
v 0.052143 0.021584 -0.239254
v 0.087885 0.031431 -0.158822
v 0.089322 0.027081 -0.158822
v 0.090544 0.022665 -0.158822
v 0.103342 0.036962 -0.096914
v 0.105032 0.031846 -0.096914
v 0.106469 0.026654 -0.096914
v 0.103990 0.020670 -0.113307
v 0.100080 0.019893 -0.129115
v 0.095930 0.019067 -0.144299
v 0.069051 0.024692 -0.209628
v 0.070180 0.021274 -0.209628
v 0.071140 0.017805 -0.209628
v 0.086946 0.017280 -0.172648
v 0.082134 0.016323 -0.185744
v 0.077124 0.015326 -0.198081
v 0.047563 0.017004 -0.247381
v 0.048341 0.014649 -0.247381
v 0.049002 0.012260 -0.247381
v 0.066560 0.013225 -0.220355
v 0.061031 0.012125 -0.230238
v 0.055355 0.010996 -0.239254
v 0.025268 0.009010 -0.270299
v 0.025792 0.007809 -0.270263
v 0.026023 0.006519 -0.270299
v 0.043631 0.008664 -0.254592
v 0.037700 0.007484 -0.260849
v 0.031854 0.006322 -0.266111
v 0.009894 0.001953 -0.277803
v 0.015493 0.003067 -0.275915
v 0.020784 0.004120 -0.273533
v 0.079443 0.028410 0.121077
v 0.080742 0.024478 0.121077
v 0.081846 0.020487 0.121077
v 0.052967 0.018937 0.320804
v 0.053833 0.016315 0.320804
v 0.054569 0.013654 0.320804
v 0.062946 0.012506 0.262915
v 0.070367 0.013982 0.208208
v 0.077086 0.015319 0.159868
v 0.091491 0.032721 0.057383
v 0.092986 0.028193 0.057383
v 0.094259 0.023596 0.057383
v 0.087135 0.017317 0.093960
v 0.090457 0.017978 0.076413
v 0.093065 0.018497 0.065275
v 0.115128 0.041179 -0.034600
v 0.117010 0.035480 -0.034600
v 0.118611 0.029696 -0.034600
v 0.117170 0.023292 -0.048123
v 0.114220 0.022705 -0.063565
v 0.111053 0.022075 -0.080103
v 0.010088 -0.000015 -0.277803
v 0.015797 -0.000015 -0.275915
v 0.021192 -0.000015 -0.273533
v 0.026543 0.003908 -0.270299
v 0.026823 0.002627 -0.270263
v 0.026798 0.001317 -0.270299
v 0.083462 0.012366 0.121077
v 0.083969 0.008256 0.121077
v 0.084273 0.004125 0.121077
v 0.055646 0.008240 0.320804
v 0.055984 0.005499 0.320804
v 0.056187 0.002746 0.320804
v 0.064179 -0.000015 0.262915
v 0.071745 -0.000015 0.208208
v 0.078597 -0.000015 0.159868
v 0.096119 0.014243 0.057383
v 0.096703 0.009510 0.057383
v 0.097054 0.004753 0.057383
v 0.088842 -0.000015 0.093960
v 0.092229 -0.000015 0.076413
v 0.094888 -0.000015 0.065275
v 0.108570 0.016090 -0.096914
v 0.109229 0.010744 -0.096914
v 0.109626 0.005371 -0.096914
v 0.120952 0.017927 -0.034600
v 0.121686 0.011971 -0.034600
v 0.122128 0.005985 -0.034600
v 0.119465 -0.000015 -0.048123
v 0.116457 -0.000015 -0.063565
v 0.113229 -0.000015 -0.080103
v 0.092331 0.013681 -0.158822
v 0.092892 0.009134 -0.158822
v 0.093229 0.004565 -0.158822
v 0.106027 -0.000015 -0.113307
v 0.102041 -0.000015 -0.129115
v 0.097809 -0.000015 -0.144299
v 0.072544 0.010746 -0.209628
v 0.072985 0.007174 -0.209628
v 0.073249 0.003584 -0.209628
v 0.088649 -0.000015 -0.172648
v 0.083743 -0.000015 -0.185744
v 0.078635 -0.000015 -0.198081
v 0.049969 0.007398 -0.247381
v 0.050273 0.004937 -0.247381
v 0.050455 0.002464 -0.247381
v 0.067864 -0.000015 -0.220355
v 0.062226 -0.000015 -0.230238
v 0.056439 -0.000015 -0.239254
v 0.044486 -0.000015 -0.254592
v 0.038438 -0.000015 -0.260849
v 0.032478 -0.000015 -0.266111
v 0.073249 -0.003613 -0.209628
v 0.072985 -0.007203 -0.209628
v 0.072544 -0.010776 -0.209628
v 0.093229 -0.004595 -0.158822
v 0.092892 -0.009164 -0.158822
v 0.092331 -0.013711 -0.158822
v 0.086946 -0.017309 -0.172648
v 0.082134 -0.016352 -0.185744
v 0.077124 -0.015356 -0.198081
v 0.050455 -0.002493 -0.247381
v 0.050273 -0.004966 -0.247381
v 0.049969 -0.007427 -0.247381
v 0.066560 -0.013254 -0.220355
v 0.061031 -0.012154 -0.230238
v 0.055355 -0.011025 -0.239254
v 0.026798 -0.001346 -0.270299
v 0.026823 -0.002656 -0.270263
v 0.026543 -0.003937 -0.270299
v 0.043631 -0.008693 -0.254592
v 0.037700 -0.007514 -0.260849
v 0.031854 -0.006351 -0.266111
v 0.009894 -0.001983 -0.277803
v 0.015493 -0.003096 -0.275915
v 0.020784 -0.004149 -0.273533
v 0.084273 -0.004155 0.121077
v 0.083969 -0.008285 0.121077
v 0.083462 -0.012395 0.121077
v 0.056187 -0.002775 0.320804
v 0.055984 -0.005529 0.320804
v 0.055646 -0.008269 0.320804
v 0.062946 -0.012535 0.262915
v 0.070367 -0.014011 0.208208
v 0.077086 -0.015348 0.159868
v 0.097054 -0.004782 0.057383
v 0.096703 -0.009539 0.057383
v 0.096119 -0.014273 0.057383
v 0.087135 -0.017347 0.093960
v 0.090457 -0.018008 0.076413
v 0.093065 -0.018526 0.065275
v 0.109626 -0.005400 -0.096914
v 0.109229 -0.010773 -0.096914
v 0.108570 -0.016119 -0.096914
v 0.122128 -0.006014 -0.034600
v 0.121686 -0.012000 -0.034600
v 0.120952 -0.017956 -0.034600
v 0.117170 -0.023321 -0.048123
v 0.114220 -0.022734 -0.063565
v 0.111053 -0.022104 -0.080103
v 0.103990 -0.020699 -0.113307
v 0.100080 -0.019922 -0.129115
v 0.095930 -0.019096 -0.144299
v 0.081846 -0.020516 0.121077
v 0.080742 -0.024507 0.121077
v 0.079443 -0.028440 0.121077
v 0.054569 -0.013683 0.320804
v 0.053833 -0.016345 0.320804
v 0.052967 -0.018966 0.320804
v 0.059294 -0.024575 0.262915
v 0.066284 -0.027470 0.208208
v 0.072614 -0.030092 0.159868
v 0.094259 -0.023625 0.057383
v 0.092986 -0.028222 0.057383
v 0.091491 -0.032750 0.057383
v 0.082079 -0.034013 0.093960
v 0.085208 -0.035309 0.076413
v 0.087665 -0.036327 0.065275
v 0.106469 -0.026683 -0.096914
v 0.105032 -0.031875 -0.096914
v 0.103342 -0.036991 -0.096914
v 0.118611 -0.029725 -0.034600
v 0.117010 -0.035509 -0.034600
v 0.115128 -0.041208 -0.034600
v 0.110372 -0.045732 -0.048123
v 0.107593 -0.044581 -0.063565
v 0.104610 -0.043345 -0.080103
v 0.090544 -0.022695 -0.158822
v 0.089322 -0.027110 -0.158822
v 0.087885 -0.031460 -0.158822
v 0.097956 -0.040589 -0.113307
v 0.094273 -0.039064 -0.129115
v 0.090364 -0.037444 -0.144299
v 0.071140 -0.017834 -0.209628
v 0.070180 -0.021304 -0.209628
v 0.069051 -0.024722 -0.209628
v 0.081901 -0.033939 -0.172648
v 0.077368 -0.032062 -0.185744
v 0.072649 -0.030107 -0.198081
v 0.049002 -0.012289 -0.247381
v 0.048341 -0.014679 -0.247381
v 0.047563 -0.017033 -0.247381
v 0.062698 -0.025985 -0.220355
v 0.057490 -0.023828 -0.230238
v 0.052143 -0.021613 -0.239254
v 0.026023 -0.006548 -0.270299
v 0.025792 -0.007838 -0.270263
v 0.025268 -0.009040 -0.270299
v 0.041100 -0.017039 -0.254592
v 0.035513 -0.014724 -0.260849
v 0.030006 -0.012444 -0.266111
v 0.009320 -0.003875 -0.277803
v 0.014594 -0.006060 -0.275915
v 0.019579 -0.008124 -0.273533
v 0.066297 -0.031371 -0.209628
v 0.064678 -0.034586 -0.209628
v 0.062904 -0.037718 -0.209628
v 0.084380 -0.039923 -0.158822
v 0.082319 -0.044015 -0.158822
v 0.080061 -0.048002 -0.158822
v 0.073709 -0.049265 -0.172648
v 0.069629 -0.046540 -0.185744
v 0.065382 -0.043702 -0.198081
v 0.045666 -0.021613 -0.247381
v 0.044551 -0.023828 -0.247381
v 0.043329 -0.025985 -0.247381
v 0.056427 -0.037718 -0.220355
v 0.051739 -0.034586 -0.230238
v 0.046927 -0.031371 -0.239254
v 0.024249 -0.011500 -0.270299
v 0.023770 -0.012720 -0.270263
v 0.023021 -0.013796 -0.270299
v 0.036989 -0.024730 -0.254592
v 0.031960 -0.021370 -0.260849
v 0.027005 -0.018059 -0.266111
v 0.008388 -0.005619 -0.277803
v 0.013134 -0.008791 -0.275915
v 0.017620 -0.011788 -0.273533
v 0.076274 -0.036090 0.121077
v 0.074412 -0.039789 0.121077
v 0.072371 -0.043392 0.121077
v 0.050854 -0.024067 0.320804
v 0.049612 -0.026533 0.320804
v 0.048251 -0.028935 0.320804
v 0.053363 -0.035670 0.262915
v 0.059654 -0.039874 0.208208
v 0.065351 -0.043681 0.159868
v 0.087841 -0.041560 0.057383
v 0.085697 -0.045821 0.057383
v 0.083346 -0.049970 0.057383
v 0.073869 -0.049372 0.093960
v 0.076686 -0.051254 0.076413
v 0.078897 -0.052732 0.065275
v 0.099220 -0.046942 -0.096914
v 0.096798 -0.051754 -0.096914
v 0.094142 -0.056441 -0.096914
v 0.110536 -0.052294 -0.034600
v 0.107837 -0.057655 -0.034600
v 0.104879 -0.062877 -0.034600
v 0.099332 -0.066386 -0.048123
v 0.096831 -0.064715 -0.063565
v 0.094146 -0.062921 -0.080103
v 0.088158 -0.058920 -0.113307
v 0.084844 -0.056705 -0.129115
v 0.081325 -0.054354 -0.144299
v 0.078048 -0.057899 0.057383
v 0.075114 -0.061659 0.057383
v 0.071999 -0.065271 0.057383
v 0.067771 -0.050277 0.121077
v 0.065223 -0.053541 0.121077
v 0.062518 -0.056677 0.121077
v 0.062821 -0.062835 0.093960
v 0.065216 -0.065230 0.076413
v 0.067096 -0.067111 0.065275
v 0.088158 -0.065397 -0.096914
v 0.084844 -0.069644 -0.096914
v 0.081325 -0.073724 -0.096914
v 0.098213 -0.072854 -0.034600
v 0.094520 -0.077585 -0.034600
v 0.090600 -0.082130 -0.034600
v 0.084475 -0.084489 -0.048123
v 0.082348 -0.082362 -0.063565
v 0.080065 -0.080080 -0.080103
v 0.074972 -0.055618 -0.158822
v 0.072153 -0.059230 -0.158822
v 0.069161 -0.062699 -0.158822
v 0.074972 -0.074987 -0.113307
v 0.072153 -0.072168 -0.129115
v 0.069161 -0.069176 -0.144299
v 0.058905 -0.043702 -0.209628
v 0.056691 -0.046540 -0.209628
v 0.054340 -0.049265 -0.209628
v 0.062684 -0.062699 -0.172648
v 0.059215 -0.059230 -0.185744
v 0.055603 -0.055618 -0.198081
v 0.040575 -0.030107 -0.247381
v 0.039049 -0.032062 -0.247381
v 0.037430 -0.033939 -0.247381
v 0.047987 -0.048002 -0.220355
v 0.044001 -0.044015 -0.230238
v 0.039908 -0.039923 -0.239254
v 0.021542 -0.016010 -0.270299
v 0.020834 -0.017113 -0.270263
v 0.019890 -0.018022 -0.270299
v 0.031456 -0.031471 -0.254592
v 0.027180 -0.027195 -0.260849
v 0.022965 -0.022980 -0.266111
v 0.007133 -0.007148 -0.277803
v 0.011170 -0.011184 -0.275915
v 0.014985 -0.014999 -0.273533
v 0.045184 -0.033525 0.320804
v 0.043485 -0.035702 0.320804
v 0.041682 -0.037793 0.320804
v 0.045381 -0.045396 0.262915
v 0.050732 -0.050746 0.208208
v 0.055576 -0.055591 0.159868
v 0.033924 -0.037444 -0.247381
v 0.032047 -0.039064 -0.247381
v 0.030092 -0.040589 -0.247381
v 0.049251 -0.054354 -0.209628
v 0.046525 -0.056705 -0.209628
v 0.043687 -0.058920 -0.209628
v 0.037703 -0.056441 -0.220355
v 0.034571 -0.051754 -0.230238
v 0.031356 -0.046942 -0.239254
v 0.018008 -0.019905 -0.270299
v 0.017098 -0.020849 -0.270263
v 0.015995 -0.021557 -0.270299
v 0.024715 -0.037003 -0.254592
v 0.021355 -0.031975 -0.260849
v 0.018044 -0.027019 -0.266111
v 0.005604 -0.008402 -0.277803
v 0.008776 -0.013149 -0.275915
v 0.011773 -0.017635 -0.273533
v 0.056663 -0.062532 0.121077
v 0.053527 -0.065237 0.121077
v 0.050262 -0.067785 0.121077
v 0.037778 -0.041697 0.320804
v 0.035688 -0.043500 0.320804
v 0.033511 -0.045199 0.320804
v 0.035656 -0.053377 0.262915
v 0.039859 -0.059669 0.208208
v 0.043666 -0.065365 0.159868
v 0.065256 -0.072013 0.057383
v 0.061644 -0.075129 0.057383
v 0.057885 -0.078063 0.057383
v 0.049358 -0.073884 0.093960
v 0.051240 -0.076700 0.076413
v 0.052717 -0.078911 0.065275
v 0.073709 -0.081340 -0.096914
v 0.069629 -0.084859 -0.096914
v 0.065382 -0.088173 -0.096914
v 0.082115 -0.090615 -0.034600
v 0.077571 -0.094535 -0.034600
v 0.072839 -0.098227 -0.034600
v 0.066371 -0.099346 -0.048123
v 0.064700 -0.096845 -0.063565
v 0.062907 -0.094161 -0.080103
v 0.062684 -0.069176 -0.158822
v 0.059215 -0.072168 -0.158822
v 0.055603 -0.074987 -0.158822
v 0.058905 -0.088173 -0.113307
v 0.056691 -0.084859 -0.129115
v 0.054340 -0.081340 -0.144299
v 0.049251 -0.073724 -0.172648
v 0.046525 -0.069644 -0.185744
v 0.043687 -0.065397 -0.198081
v 0.049956 -0.083361 0.057383
v 0.045806 -0.085711 0.057383
v 0.041546 -0.087856 0.057383
v 0.043377 -0.072385 0.121077
v 0.039774 -0.074426 0.121077
v 0.036075 -0.076289 0.121077
v 0.033998 -0.082093 0.093960
v 0.035295 -0.085223 0.076413
v 0.036312 -0.087680 0.065275
v 0.056427 -0.094157 -0.096914
v 0.051739 -0.096812 -0.096914
v 0.046927 -0.099235 -0.096914
v 0.062862 -0.104894 -0.034600
v 0.057640 -0.107852 -0.034600
v 0.052279 -0.110550 -0.034600
v 0.045717 -0.110386 -0.048123
v 0.044566 -0.107607 -0.063565
v 0.043331 -0.104625 -0.080103
v 0.047987 -0.080076 -0.158822
v 0.044001 -0.082334 -0.158822
v 0.039908 -0.084394 -0.158822
v 0.040575 -0.097971 -0.113307
v 0.039049 -0.094288 -0.129115
v 0.037430 -0.090378 -0.144299
v 0.037703 -0.062918 -0.209628
v 0.034571 -0.064693 -0.209628
v 0.031356 -0.066311 -0.209628
v 0.033924 -0.081915 -0.172648
v 0.032047 -0.077383 -0.185744
v 0.030092 -0.072664 -0.198081
v 0.025971 -0.043343 -0.247381
v 0.023813 -0.044565 -0.247381
v 0.021598 -0.045680 -0.247381
v 0.025971 -0.062713 -0.220355
v 0.023813 -0.057504 -0.230238
v 0.021598 -0.052158 -0.239254
v 0.013781 -0.023036 -0.270299
v 0.012705 -0.023784 -0.270263
v 0.011485 -0.024263 -0.270299
v 0.017024 -0.041114 -0.254592
v 0.014710 -0.035527 -0.260849
v 0.012429 -0.030021 -0.266111
v 0.003860 -0.009334 -0.277803
v 0.006045 -0.014609 -0.275915
v 0.008110 -0.019593 -0.273533
v 0.028921 -0.048266 0.320804
v 0.026518 -0.049627 0.320804
v 0.024052 -0.050868 0.320804
v 0.024560 -0.059308 0.262915
v 0.027456 -0.066298 0.208208
v 0.030078 -0.072628 0.159868
v 0.017018 -0.047578 -0.247381
v 0.014664 -0.048355 -0.247381
v 0.012274 -0.049017 -0.247381
v 0.024707 -0.069065 -0.209628
v 0.021289 -0.070194 -0.209628
v 0.017820 -0.071155 -0.209628
v 0.013240 -0.066575 -0.220355
v 0.012140 -0.061045 -0.230238
v 0.011011 -0.055369 -0.239254
v 0.009025 -0.025282 -0.270299
v 0.007824 -0.025806 -0.270263
v 0.006534 -0.026038 -0.270299
v 0.008679 -0.043646 -0.254592
v 0.007499 -0.037715 -0.260849
v 0.006336 -0.031869 -0.266111
v 0.001968 -0.009908 -0.277803
v 0.003082 -0.015508 -0.275915
v 0.004134 -0.020799 -0.273533
v 0.028425 -0.079457 0.121077
v 0.024493 -0.080756 0.121077
v 0.020501 -0.081861 0.121077
v 0.018952 -0.052981 0.320804
v 0.016330 -0.053847 0.320804
v 0.013669 -0.054584 0.320804
v 0.012521 -0.062960 0.262915
v 0.013997 -0.070381 0.208208
v 0.015333 -0.077101 0.159868
v 0.032736 -0.091505 0.057383
v 0.028207 -0.093001 0.057383
v 0.023610 -0.094273 0.057383
v 0.017332 -0.087149 0.093960
v 0.017993 -0.090471 0.076413
v 0.018512 -0.093080 0.065275
v 0.036976 -0.103356 -0.096914
v 0.031861 -0.105046 -0.096914
v 0.026669 -0.106483 -0.096914
v 0.041193 -0.115142 -0.034600
v 0.035495 -0.117025 -0.034600
v 0.029711 -0.118626 -0.034600
v 0.023307 -0.117185 -0.048123
v 0.022720 -0.114234 -0.063565
v 0.022090 -0.111068 -0.080103
v 0.031446 -0.087900 -0.158822
v 0.027096 -0.089337 -0.158822
v 0.022680 -0.090559 -0.158822
v 0.020685 -0.104004 -0.113307
v 0.019907 -0.100095 -0.129115
v 0.019082 -0.095944 -0.144299
v 0.017295 -0.086960 -0.172648
v 0.016337 -0.082148 -0.185744
v 0.015341 -0.077139 -0.198081
v 0.016105 -0.108584 -0.096914
v 0.010758 -0.109244 -0.096914
v 0.005386 -0.109640 -0.096914
v 0.017942 -0.120967 -0.034600
v 0.011985 -0.121701 -0.034600
v 0.006000 -0.122143 -0.034600
v -0.000000 -0.119480 -0.048123
v 0.000000 -0.116472 -0.063565
v -0.000000 -0.113244 -0.080103
v 0.013696 -0.092346 -0.158822
v 0.009149 -0.092906 -0.158822
v 0.004580 -0.093244 -0.158822
v -0.000000 -0.106042 -0.113307
v 0.000000 -0.102055 -0.129115
v 0.000000 -0.097824 -0.144299
v 0.010761 -0.072559 -0.209628
v 0.007188 -0.072999 -0.209628
v 0.003598 -0.073264 -0.209628
v 0.000000 -0.088663 -0.172648
v 0.000000 -0.083757 -0.185744
v -0.000000 -0.078650 -0.198081
v 0.007412 -0.049984 -0.247381
v 0.004951 -0.050287 -0.247381
v 0.002479 -0.050470 -0.247381
v -0.000000 -0.067878 -0.220355
v -0.000000 -0.062241 -0.230238
v 0.000000 -0.056454 -0.239254
v 0.003922 -0.026557 -0.270299
v 0.002642 -0.026837 -0.270263
v 0.001331 -0.026813 -0.270299
v -0.000000 -0.044501 -0.254592
v -0.000000 -0.038453 -0.260849
v 0.000000 -0.032493 -0.266111
v 0.000000 -0.010102 -0.277803
v 0.000000 -0.015811 -0.275915
v -0.000000 -0.021206 -0.273533
v 0.012380 -0.083476 0.121077
v 0.008270 -0.083983 0.121077
v 0.004140 -0.084288 0.121077
v 0.008254 -0.055660 0.320804
v 0.005514 -0.055998 0.320804
v 0.002760 -0.056202 0.320804
v 0.000000 -0.064193 0.262915
v -0.000000 -0.071760 0.208208
v -0.000000 -0.078611 0.159868
v 0.014258 -0.096134 0.057383
v 0.009524 -0.096717 0.057383
v 0.004768 -0.097068 0.057383
v -0.000000 -0.088856 0.093960
v -0.000000 -0.092244 0.076413
v -0.000000 -0.094903 0.065275
v -0.001331 -0.026813 -0.270299
v -0.002642 -0.026837 -0.270263
v -0.003922 -0.026557 -0.270299
v -0.002479 -0.050470 -0.247381
v -0.004951 -0.050287 -0.247381
v -0.007412 -0.049984 -0.247381
v -0.008679 -0.043646 -0.254592
v -0.007499 -0.037715 -0.260849
v -0.006336 -0.031869 -0.266111
v -0.001968 -0.009908 -0.277803
v -0.003082 -0.015508 -0.275915
v -0.004134 -0.020799 -0.273533
v -0.004140 -0.084288 0.121077
v -0.008270 -0.083983 0.121077
v -0.012380 -0.083476 0.121077
v -0.002760 -0.056202 0.320804
v -0.005514 -0.055998 0.320804
v -0.008254 -0.055660 0.320804
v -0.012521 -0.062960 0.262915
v -0.013997 -0.070381 0.208208
v -0.015333 -0.077101 0.159868
v -0.004768 -0.097068 0.057383
v -0.009524 -0.096717 0.057383
v -0.014258 -0.096134 0.057383
v -0.017332 -0.087149 0.093960
v -0.017993 -0.090471 0.076413
v -0.018512 -0.093080 0.065275
v -0.005386 -0.109640 -0.096914
v -0.010758 -0.109244 -0.096914
v -0.016105 -0.108584 -0.096914
v -0.006000 -0.122143 -0.034600
v -0.011985 -0.121701 -0.034600
v -0.017942 -0.120966 -0.034600
v -0.023307 -0.117184 -0.048123
v -0.022720 -0.114234 -0.063565
v -0.022090 -0.111068 -0.080103
v -0.004580 -0.093244 -0.158822
v -0.009149 -0.092906 -0.158822
v -0.013696 -0.092346 -0.158822
v -0.020685 -0.104004 -0.113307
v -0.019907 -0.100095 -0.129115
v -0.019082 -0.095944 -0.144299
v -0.003598 -0.073264 -0.209628
v -0.007188 -0.072999 -0.209628
v -0.010761 -0.072559 -0.209628
v -0.017295 -0.086960 -0.172648
v -0.016337 -0.082148 -0.185744
v -0.015341 -0.077139 -0.198081
v -0.013240 -0.066575 -0.220355
v -0.012140 -0.061045 -0.230238
v -0.011011 -0.055369 -0.239254
v -0.022680 -0.090559 -0.158822
v -0.027096 -0.089337 -0.158822
v -0.031446 -0.087900 -0.158822
v -0.026669 -0.106483 -0.096914
v -0.031861 -0.105046 -0.096914
v -0.036976 -0.103356 -0.096914
v -0.040575 -0.097971 -0.113307
v -0.039049 -0.094288 -0.129115
v -0.037430 -0.090378 -0.144299
v -0.017820 -0.071155 -0.209628
v -0.021289 -0.070194 -0.209628
v -0.024707 -0.069065 -0.209628
v -0.033924 -0.081915 -0.172648
v -0.032047 -0.077383 -0.185744
v -0.030092 -0.072664 -0.198081
v -0.012274 -0.049017 -0.247381
v -0.014664 -0.048355 -0.247381
v -0.017018 -0.047578 -0.247381
v -0.025971 -0.062713 -0.220355
v -0.023813 -0.057504 -0.230238
v -0.021598 -0.052158 -0.239254
v -0.006534 -0.026038 -0.270299
v -0.007824 -0.025806 -0.270263
v -0.009025 -0.025282 -0.270299
v -0.017024 -0.041114 -0.254592
v -0.014710 -0.035527 -0.260849
v -0.012429 -0.030021 -0.266111
v -0.003860 -0.009334 -0.277803
v -0.006045 -0.014609 -0.275915
v -0.008110 -0.019593 -0.273533
v -0.020501 -0.081861 0.121077
v -0.024493 -0.080756 0.121077
v -0.028425 -0.079457 0.121077
v -0.013669 -0.054584 0.320804
v -0.016330 -0.053847 0.320804
v -0.018952 -0.052981 0.320804
v -0.024560 -0.059308 0.262915
v -0.027456 -0.066298 0.208208
v -0.030078 -0.072628 0.159868
v -0.023610 -0.094273 0.057383
v -0.028207 -0.093001 0.057383
v -0.032736 -0.091505 0.057383
v -0.033998 -0.082093 0.093960
v -0.035295 -0.085223 0.076413
v -0.036312 -0.087680 0.065275
v -0.029711 -0.118625 -0.034600
v -0.035495 -0.117025 -0.034600
v -0.041193 -0.115142 -0.034600
v -0.045717 -0.110386 -0.048123
v -0.044566 -0.107607 -0.063565
v -0.043331 -0.104625 -0.080103
v -0.005604 -0.008402 -0.277803
v -0.008776 -0.013149 -0.275915
v -0.011773 -0.017635 -0.273533
v -0.011485 -0.024263 -0.270299
v -0.012705 -0.023784 -0.270263
v -0.013781 -0.023036 -0.270299
v -0.036075 -0.076289 0.121077
v -0.039774 -0.074426 0.121077
v -0.043377 -0.072385 0.121077
v -0.024052 -0.050868 0.320804
v -0.026518 -0.049627 0.320804
v -0.028921 -0.048266 0.320804
v -0.035656 -0.053377 0.262915
v -0.039859 -0.059669 0.208208
v -0.043666 -0.065365 0.159868
v -0.041546 -0.087856 0.057383
v -0.045806 -0.085711 0.057383
v -0.049956 -0.083361 0.057383
v -0.049358 -0.073884 0.093960
v -0.051240 -0.076700 0.076413
v -0.052717 -0.078911 0.065275
v -0.046927 -0.099234 -0.096914
v -0.051739 -0.096812 -0.096914
v -0.056427 -0.094157 -0.096914
v -0.052279 -0.110550 -0.034600
v -0.057640 -0.107852 -0.034600
v -0.062862 -0.104894 -0.034600
v -0.066371 -0.099346 -0.048123
v -0.064700 -0.096845 -0.063565
v -0.062907 -0.094161 -0.080103
v -0.039908 -0.084394 -0.158822
v -0.044001 -0.082334 -0.158822
v -0.047987 -0.080076 -0.158822
v -0.058905 -0.088173 -0.113307
v -0.056691 -0.084858 -0.129115
v -0.054340 -0.081340 -0.144299
v -0.031356 -0.066311 -0.209628
v -0.034571 -0.064693 -0.209628
v -0.037703 -0.062918 -0.209628
v -0.049251 -0.073723 -0.172648
v -0.046525 -0.069644 -0.185744
v -0.043687 -0.065397 -0.198081
v -0.021598 -0.045680 -0.247381
v -0.023813 -0.044565 -0.247381
v -0.025971 -0.043343 -0.247381
v -0.037703 -0.056441 -0.220355
v -0.034571 -0.051754 -0.230238
v -0.031356 -0.046942 -0.239254
v -0.024715 -0.037003 -0.254592
v -0.021355 -0.031975 -0.260849
v -0.018044 -0.027019 -0.266111
v -0.055603 -0.074987 -0.158822
v -0.059215 -0.072168 -0.158822
v -0.062684 -0.069176 -0.158822
v -0.065382 -0.088173 -0.096914
v -0.069629 -0.084858 -0.096914
v -0.073709 -0.081340 -0.096914
v -0.074972 -0.074987 -0.113307
v -0.072153 -0.072168 -0.129115
v -0.069161 -0.069176 -0.144299
v -0.043687 -0.058920 -0.209628
v -0.046525 -0.056705 -0.209628
v -0.049251 -0.054354 -0.209628
v -0.062684 -0.062699 -0.172648
v -0.059215 -0.059229 -0.185744
v -0.055603 -0.055618 -0.198081
v -0.030092 -0.040589 -0.247381
v -0.032047 -0.039064 -0.247381
v -0.033924 -0.037444 -0.247381
v -0.047987 -0.048002 -0.220355
v -0.044001 -0.044015 -0.230238
v -0.039908 -0.039923 -0.239254
v -0.015995 -0.021557 -0.270299
v -0.017098 -0.020849 -0.270263
v -0.018008 -0.019905 -0.270299
v -0.031456 -0.031471 -0.254592
v -0.027180 -0.027195 -0.260849
v -0.022965 -0.022980 -0.266111
v -0.007133 -0.007148 -0.277803
v -0.011170 -0.011184 -0.275915
v -0.014985 -0.014999 -0.273533
v -0.050262 -0.067785 0.121077
v -0.053527 -0.065237 0.121077
v -0.056663 -0.062532 0.121077
v -0.033511 -0.045199 0.320804
v -0.035688 -0.043500 0.320804
v -0.037778 -0.041697 0.320804
v -0.045381 -0.045396 0.262915
v -0.050732 -0.050746 0.208208
v -0.055576 -0.055591 0.159868
v -0.057885 -0.078063 0.057383
v -0.061644 -0.075129 0.057383
v -0.065256 -0.072013 0.057383
v -0.062821 -0.062835 0.093960
v -0.065216 -0.065230 0.076413
v -0.067096 -0.067111 0.065275
v -0.072839 -0.098227 -0.034600
v -0.077571 -0.094535 -0.034600
v -0.082115 -0.090615 -0.034600
v -0.084475 -0.084489 -0.048123
v -0.082348 -0.082362 -0.063565
v -0.080065 -0.080079 -0.080103
v -0.008388 -0.005619 -0.277803
v -0.013134 -0.008791 -0.275915
v -0.017620 -0.011788 -0.273533
v -0.019890 -0.018022 -0.270299
v -0.020834 -0.017113 -0.270263
v -0.021542 -0.016010 -0.270299
v -0.062518 -0.056677 0.121077
v -0.065223 -0.053541 0.121077
v -0.067771 -0.050277 0.121077
v -0.041682 -0.037793 0.320804
v -0.043485 -0.035702 0.320804
v -0.045184 -0.033525 0.320804
v -0.053363 -0.035670 0.262915
v -0.059654 -0.039874 0.208208
v -0.065351 -0.043680 0.159868
v -0.071999 -0.065271 0.057383
v -0.075114 -0.061659 0.057383
v -0.078048 -0.057899 0.057383
v -0.073869 -0.049372 0.093960
v -0.076686 -0.051254 0.076413
v -0.078897 -0.052732 0.065275
v -0.081325 -0.073723 -0.096914
v -0.084844 -0.069644 -0.096914
v -0.088158 -0.065397 -0.096914
v -0.090600 -0.082130 -0.034600
v -0.094520 -0.077585 -0.034600
v -0.098213 -0.072854 -0.034600
v -0.099332 -0.066386 -0.048123
v -0.096831 -0.064715 -0.063565
v -0.094146 -0.062921 -0.080103
v -0.069161 -0.062699 -0.158822
v -0.072153 -0.059230 -0.158822
v -0.074972 -0.055618 -0.158822
v -0.088158 -0.058920 -0.113307
v -0.084844 -0.056705 -0.129115
v -0.081325 -0.054354 -0.144299
v -0.054340 -0.049265 -0.209628
v -0.056691 -0.046539 -0.209628
v -0.058905 -0.043702 -0.209628
v -0.073709 -0.049265 -0.172648
v -0.069629 -0.046540 -0.185744
v -0.065382 -0.043702 -0.198081
v -0.037430 -0.033939 -0.247381
v -0.039049 -0.032062 -0.247381
v -0.040575 -0.030107 -0.247381
v -0.056427 -0.037718 -0.220355
v -0.051739 -0.034586 -0.230238
v -0.046927 -0.031371 -0.239254
v -0.036989 -0.024730 -0.254592
v -0.031960 -0.021370 -0.260849
v -0.027005 -0.018059 -0.266111
v -0.062904 -0.037718 -0.209628
v -0.064678 -0.034586 -0.209628
v -0.066297 -0.031371 -0.209628
v -0.080061 -0.048002 -0.158822
v -0.082319 -0.044015 -0.158822
v -0.084380 -0.039923 -0.158822
v -0.081901 -0.033939 -0.172648
v -0.077368 -0.032062 -0.185744
v -0.072649 -0.030107 -0.198081
v -0.043329 -0.025985 -0.247381
v -0.044551 -0.023828 -0.247381
v -0.045666 -0.021613 -0.247381
v -0.062698 -0.025985 -0.220355
v -0.057490 -0.023828 -0.230238
v -0.052143 -0.021613 -0.239254
v -0.023021 -0.013796 -0.270299
v -0.023770 -0.012720 -0.270263
v -0.024249 -0.011500 -0.270299
v -0.041100 -0.017039 -0.254592
v -0.035513 -0.014724 -0.260849
v -0.030006 -0.012443 -0.266111
v -0.009320 -0.003875 -0.277803
v -0.014594 -0.006060 -0.275915
v -0.019579 -0.008124 -0.273533
v -0.072371 -0.043392 0.121077
v -0.074412 -0.039789 0.121077
v -0.076274 -0.036089 0.121077
v -0.048251 -0.028935 0.320804
v -0.049612 -0.026533 0.320804
v -0.050854 -0.024067 0.320804
v -0.059294 -0.024575 0.262915
v -0.066284 -0.027470 0.208208
v -0.072614 -0.030092 0.159868
v -0.083346 -0.049970 0.057383
v -0.085697 -0.045821 0.057383
v -0.087841 -0.041560 0.057383
v -0.082079 -0.034013 0.093960
v -0.085208 -0.035309 0.076413
v -0.087665 -0.036327 0.065275
v -0.094142 -0.056441 -0.096914
v -0.096798 -0.051754 -0.096914
v -0.099220 -0.046942 -0.096914
v -0.104879 -0.062877 -0.034600
v -0.107837 -0.057655 -0.034600
v -0.110536 -0.052294 -0.034600
v -0.110372 -0.045732 -0.048123
v -0.107593 -0.044581 -0.063565
v -0.104610 -0.043345 -0.080103
v -0.097956 -0.040589 -0.113307
v -0.094273 -0.039064 -0.129115
v -0.090364 -0.037444 -0.144299
v -0.079443 -0.028440 0.121077
v -0.080742 -0.024507 0.121077
v -0.081846 -0.020516 0.121077
v -0.052967 -0.018966 0.320804
v -0.053833 -0.016345 0.320804
v -0.054569 -0.013683 0.320804
v -0.062946 -0.012535 0.262915
v -0.070367 -0.014011 0.208208
v -0.077086 -0.015348 0.159868
v -0.091491 -0.032750 0.057383
v -0.092986 -0.028222 0.057383
v -0.094259 -0.023625 0.057383
v -0.087135 -0.017347 0.093960
v -0.090457 -0.018008 0.076413
v -0.093065 -0.018526 0.065275
v -0.103342 -0.036991 -0.096914
v -0.105032 -0.031875 -0.096914
v -0.106469 -0.026683 -0.096914
v -0.115128 -0.041208 -0.034600
v -0.117010 -0.035509 -0.034600
v -0.118611 -0.029725 -0.034600
v -0.117170 -0.023321 -0.048123
v -0.114220 -0.022734 -0.063565
v -0.111053 -0.022104 -0.080103
v -0.087885 -0.031460 -0.158822
v -0.089322 -0.027110 -0.158822
v -0.090544 -0.022695 -0.158822
v -0.103990 -0.020699 -0.113307
v -0.100080 -0.019922 -0.129115
v -0.095930 -0.019096 -0.144299
v -0.069051 -0.024721 -0.209628
v -0.070180 -0.021303 -0.209628
v -0.071140 -0.017834 -0.209628
v -0.086946 -0.017309 -0.172648
v -0.082134 -0.016352 -0.185744
v -0.077124 -0.015356 -0.198081
v -0.047563 -0.017033 -0.247381
v -0.048341 -0.014678 -0.247381
v -0.049002 -0.012289 -0.247381
v -0.066560 -0.013254 -0.220355
v -0.061031 -0.012154 -0.230238
v -0.055355 -0.011025 -0.239254
v -0.025268 -0.009040 -0.270299
v -0.025792 -0.007838 -0.270263
v -0.026023 -0.006548 -0.270299
v -0.043631 -0.008693 -0.254592
v -0.037700 -0.007513 -0.260849
v -0.031854 -0.006351 -0.266111
v -0.009894 -0.001982 -0.277803
v -0.015493 -0.003096 -0.275915
v -0.020784 -0.004149 -0.273533
v -0.072544 -0.010775 -0.209628
v -0.072985 -0.007203 -0.209628
v -0.073249 -0.003613 -0.209628
v -0.092331 -0.013711 -0.158822
v -0.092892 -0.009164 -0.158822
v -0.093229 -0.004595 -0.158822
v -0.088649 -0.000015 -0.172648
v -0.083743 -0.000015 -0.185744
v -0.078635 -0.000015 -0.198081
v -0.049969 -0.007427 -0.247381
v -0.050273 -0.004966 -0.247381
v -0.050455 -0.002493 -0.247381
v -0.067864 -0.000015 -0.220355
v -0.062226 -0.000015 -0.230238
v -0.056439 -0.000015 -0.239254
v -0.026543 -0.003937 -0.270299
v -0.026823 -0.002656 -0.270263
v -0.026798 -0.001346 -0.270299
v -0.044486 -0.000015 -0.254592
v -0.038438 -0.000015 -0.260849
v -0.032478 -0.000015 -0.266111
v -0.010088 -0.000015 -0.277803
v -0.015797 -0.000015 -0.275915
v -0.021192 -0.000015 -0.273533
v -0.083462 -0.012395 0.121077
v -0.083969 -0.008285 0.121077
v -0.084273 -0.004155 0.121077
v -0.055646 -0.008269 0.320804
v -0.055984 -0.005529 0.320804
v -0.056187 -0.002775 0.320804
v -0.064179 -0.000015 0.262915
v -0.071745 -0.000015 0.208208
v -0.078596 -0.000015 0.159868
v -0.096119 -0.014273 0.057383
v -0.096703 -0.009539 0.057383
v -0.097054 -0.004782 0.057383
v -0.088842 -0.000015 0.093960
v -0.092229 -0.000015 0.076413
v -0.094888 -0.000015 0.065275
v -0.108570 -0.016119 -0.096914
v -0.109229 -0.010773 -0.096914
v -0.109626 -0.005400 -0.096914
v -0.120952 -0.017956 -0.034600
v -0.121686 -0.012000 -0.034600
v -0.122128 -0.006014 -0.034600
v -0.119465 -0.000015 -0.048123
v -0.116457 -0.000015 -0.063565
v -0.113229 -0.000015 -0.080103
v -0.106027 -0.000015 -0.113307
v -0.102041 -0.000015 -0.129115
v -0.097809 -0.000015 -0.144299
v -0.097054 0.004753 0.057383
v -0.096703 0.009510 0.057383
v -0.096119 0.014243 0.057383
v -0.084273 0.004125 0.121077
v -0.083969 0.008256 0.121077
v -0.083462 0.012366 0.121077
v -0.087135 0.017317 0.093960
v -0.090457 0.017978 0.076413
v -0.093065 0.018497 0.065275
v -0.109625 0.005371 -0.096914
v -0.109229 0.010744 -0.096914
v -0.108570 0.016090 -0.096914
v -0.122128 0.005985 -0.034600
v -0.121686 0.011971 -0.034600
v -0.120952 0.017927 -0.034600
v -0.117170 0.023292 -0.048123
v -0.114219 0.022705 -0.063565
v -0.111053 0.022075 -0.080103
v -0.093229 0.004565 -0.158822
v -0.092892 0.009134 -0.158822
v -0.092331 0.013681 -0.158822
v -0.103990 0.020670 -0.113307
v -0.100080 0.019893 -0.129115
v -0.095930 0.019067 -0.144299
v -0.073249 0.003584 -0.209628
v -0.072985 0.007174 -0.209628
v -0.072544 0.010746 -0.209628
v -0.086946 0.017280 -0.172648
v -0.082134 0.016323 -0.185744
v -0.077124 0.015326 -0.198081
v -0.050455 0.002464 -0.247381
v -0.050273 0.004937 -0.247381
v -0.049969 0.007398 -0.247381
v -0.066560 0.013225 -0.220355
v -0.061031 0.012125 -0.230238
v -0.055355 0.010996 -0.239254
v -0.026798 0.001317 -0.270299
v -0.026823 0.002627 -0.270263
v -0.026543 0.003908 -0.270299
v -0.043631 0.008664 -0.254592
v -0.037700 0.007484 -0.260849
v -0.031854 0.006322 -0.266111
v -0.009894 0.001953 -0.277803
v -0.015493 0.003067 -0.275915
v -0.020784 0.004120 -0.273533
v -0.056187 0.002746 0.320804
v -0.055984 0.005499 0.320804
v -0.055646 0.008240 0.320804
v -0.062946 0.012506 0.262915
v -0.070367 0.013982 0.208208
v -0.077086 0.015319 0.159868
v -0.049002 0.012260 -0.247381
v -0.048341 0.014649 -0.247381
v -0.047563 0.017004 -0.247381
v -0.071140 0.017805 -0.209628
v -0.070180 0.021274 -0.209628
v -0.069051 0.024692 -0.209628
v -0.062698 0.025956 -0.220355
v -0.057490 0.023798 -0.230238
v -0.052143 0.021584 -0.239254
v -0.026023 0.006519 -0.270299
v -0.025792 0.007809 -0.270263
v -0.025268 0.009010 -0.270299
v -0.041100 0.017009 -0.254592
v -0.035513 0.014695 -0.260849
v -0.030006 0.012414 -0.266111
v -0.009320 0.003846 -0.277803
v -0.014594 0.006030 -0.275915
v -0.019579 0.008095 -0.273533
v -0.081846 0.020487 0.121077
v -0.080742 0.024478 0.121077
v -0.079443 0.028410 0.121077
v -0.054569 0.013654 0.320804
v -0.053833 0.016315 0.320804
v -0.052967 0.018937 0.320804
v -0.059294 0.024546 0.262915
v -0.066284 0.027441 0.208208
v -0.072614 0.030063 0.159868
v -0.094259 0.023596 0.057383
v -0.092986 0.028193 0.057383
v -0.091491 0.032721 0.057383
v -0.082079 0.033984 0.093960
v -0.085208 0.035280 0.076413
v -0.087665 0.036298 0.065275
v -0.106468 0.026654 -0.096914
v -0.105031 0.031846 -0.096914
v -0.103342 0.036962 -0.096914
v -0.118611 0.029696 -0.034600
v -0.117010 0.035480 -0.034600
v -0.115128 0.041179 -0.034600
v -0.110372 0.045703 -0.048123
v -0.107592 0.044552 -0.063565
v -0.104610 0.043316 -0.080103
v -0.090544 0.022665 -0.158822
v -0.089322 0.027081 -0.158822
v -0.087885 0.031431 -0.158822
v -0.097956 0.040560 -0.113307
v -0.094273 0.039035 -0.129115
v -0.090364 0.037415 -0.144299
v -0.081901 0.033910 -0.172648
v -0.077368 0.032032 -0.185744
v -0.072649 0.030078 -0.198081
v -0.099220 0.046913 -0.096914
v -0.096798 0.051725 -0.096914
v -0.094142 0.056412 -0.096914
v -0.110536 0.052265 -0.034600
v -0.107837 0.057625 -0.034600
v -0.104879 0.062847 -0.034600
v -0.099332 0.066357 -0.048123
v -0.096831 0.064686 -0.063565
v -0.094146 0.062892 -0.080103
v -0.084380 0.039894 -0.158822
v -0.082319 0.043986 -0.158822
v -0.080061 0.047972 -0.158822
v -0.088158 0.058891 -0.113307
v -0.084844 0.056676 -0.129115
v -0.081325 0.054325 -0.144299
v -0.066297 0.031341 -0.209628
v -0.064678 0.034557 -0.209628
v -0.062904 0.037689 -0.209628
v -0.073709 0.049236 -0.172648
v -0.069629 0.046510 -0.185744
v -0.065382 0.043673 -0.198081
v -0.045666 0.021584 -0.247381
v -0.044551 0.023798 -0.247381
v -0.043329 0.025956 -0.247381
v -0.056427 0.037689 -0.220355
v -0.051739 0.034557 -0.230238
v -0.046927 0.031341 -0.239254
v -0.024249 0.011470 -0.270299
v -0.023770 0.012691 -0.270263
v -0.023021 0.013767 -0.270299
v -0.036989 0.024701 -0.254592
v -0.031960 0.021341 -0.260849
v -0.027005 0.018029 -0.266111
v -0.008388 0.005590 -0.277803
v -0.013134 0.008762 -0.275915
v -0.017620 0.011759 -0.273533
v -0.076274 0.036060 0.121077
v -0.074412 0.039759 0.121077
v -0.072371 0.043363 0.121077
v -0.050854 0.024037 0.320804
v -0.049612 0.026504 0.320804
v -0.048251 0.028906 0.320804
v -0.053363 0.035641 0.262915
v -0.059654 0.039845 0.208208
v -0.065351 0.043651 0.159868
v -0.087841 0.041531 0.057383
v -0.085697 0.045791 0.057383
v -0.083346 0.049941 0.057383
v -0.073869 0.049343 0.093960
v -0.076686 0.051225 0.076413
v -0.078897 0.052703 0.065275
v -0.021542 0.015980 -0.270299
v -0.020834 0.017084 -0.270263
v -0.019890 0.017993 -0.270299
v -0.040575 0.030078 -0.247381
v -0.039049 0.032032 -0.247381
v -0.037430 0.033910 -0.247381
v -0.031456 0.031442 -0.254592
v -0.027180 0.027165 -0.260849
v -0.022965 0.022951 -0.266111
v -0.007133 0.007118 -0.277803
v -0.011170 0.011155 -0.275915
v -0.014985 0.014970 -0.273533
v -0.067771 0.050247 0.121077
v -0.065223 0.053512 0.121077
v -0.062518 0.056648 0.121077
v -0.045184 0.033496 0.320804
v -0.043485 0.035673 0.320804
v -0.041682 0.037764 0.320804
v -0.045381 0.045367 0.262915
v -0.050732 0.050717 0.208208
v -0.055576 0.055561 0.159868
v -0.078048 0.057870 0.057383
v -0.075114 0.061630 0.057383
v -0.071999 0.065241 0.057383
v -0.062821 0.062806 0.093960
v -0.065216 0.065201 0.076413
v -0.067096 0.067082 0.065275
v -0.088158 0.065368 -0.096914
v -0.084844 0.069615 -0.096914
v -0.081325 0.073694 -0.096914
v -0.098213 0.072825 -0.034600
v -0.094520 0.077556 -0.034600
v -0.090600 0.082100 -0.034600
v -0.084475 0.084460 -0.048123
v -0.082348 0.082333 -0.063565
v -0.080065 0.080050 -0.080103
v -0.074972 0.055589 -0.158822
v -0.072153 0.059200 -0.158822
v -0.069161 0.062669 -0.158822
v -0.074972 0.074958 -0.113307
v -0.072153 0.072139 -0.129115
v -0.069161 0.069147 -0.144299
v -0.058905 0.043673 -0.209628
v -0.056691 0.046510 -0.209628
v -0.054340 0.049236 -0.209628
v -0.062684 0.062669 -0.172648
v -0.059215 0.059200 -0.185744
v -0.055603 0.055589 -0.198081
v -0.047987 0.047972 -0.220355
v -0.044001 0.043986 -0.230238
v -0.039908 0.039894 -0.239254
v -0.073709 0.081310 -0.096914
v -0.069629 0.084829 -0.096914
v -0.065382 0.088144 -0.096914
v -0.082115 0.090585 -0.034600
v -0.077571 0.094505 -0.034600
v -0.072839 0.098198 -0.034600
v -0.066371 0.099317 -0.048123
v -0.064700 0.096816 -0.063565
v -0.062907 0.094132 -0.080103
v -0.062684 0.069147 -0.158822
v -0.059215 0.072139 -0.158822
v -0.055603 0.074958 -0.158822
v -0.058905 0.088144 -0.113307
v -0.056691 0.084829 -0.129115
v -0.054340 0.081310 -0.144299
v -0.049251 0.054325 -0.209628
v -0.046525 0.056676 -0.209628
v -0.043687 0.058891 -0.209628
v -0.049251 0.073694 -0.172648
v -0.046525 0.069615 -0.185744
v -0.043687 0.065368 -0.198081
v -0.033924 0.037415 -0.247381
v -0.032047 0.039035 -0.247381
v -0.030092 0.040560 -0.247381
v -0.037703 0.056412 -0.220355
v -0.034571 0.051725 -0.230238
v -0.031356 0.046913 -0.239254
v -0.018008 0.019876 -0.270299
v -0.017098 0.020820 -0.270263
v -0.015995 0.021527 -0.270299
v -0.024715 0.036974 -0.254592
v -0.021355 0.031946 -0.260849
v -0.018044 0.026990 -0.266111
v -0.005604 0.008373 -0.277803
v -0.008776 0.013120 -0.275915
v -0.011773 0.017606 -0.273533
v -0.056663 0.062503 0.121077
v -0.053527 0.065208 0.121077
v -0.050262 0.067756 0.121077
v -0.037778 0.041667 0.320804
v -0.035688 0.043471 0.320804
v -0.033511 0.045170 0.320804
v -0.035656 0.053348 0.262915
v -0.039859 0.059639 0.208208
v -0.043666 0.065336 0.159868
v -0.065256 0.071984 0.057383
v -0.061644 0.075099 0.057383
v -0.057885 0.078034 0.057383
v -0.049358 0.073854 0.093960
v -0.051240 0.076671 0.076413
v -0.052717 0.078882 0.065275
v -0.013781 0.023007 -0.270299
v -0.012705 0.023755 -0.270263
v -0.011485 0.024234 -0.270299
v -0.025971 0.043314 -0.247381
v -0.023813 0.044536 -0.247381
v -0.021598 0.045651 -0.247381
v -0.017024 0.041085 -0.254592
v -0.014710 0.035498 -0.260849
v -0.012429 0.029991 -0.266111
v -0.003860 0.009305 -0.277803
v -0.006045 0.014580 -0.275915
v -0.008110 0.019564 -0.273533
v -0.043377 0.072356 0.121077
v -0.039774 0.074397 0.121077
v -0.036075 0.076259 0.121077
v -0.028921 0.048237 0.320804
v -0.026518 0.049598 0.320804
v -0.024052 0.050839 0.320804
v -0.024560 0.059279 0.262915
v -0.027456 0.066269 0.208208
v -0.030077 0.072599 0.159868
v -0.049956 0.083331 0.057383
v -0.045806 0.085682 0.057383
v -0.041546 0.087827 0.057383
v -0.033998 0.082064 0.093960
v -0.035294 0.085194 0.076413
v -0.036312 0.087651 0.065275
v -0.056427 0.094128 -0.096914
v -0.051739 0.096783 -0.096914
v -0.046927 0.099205 -0.096914
v -0.062862 0.104864 -0.034600
v -0.057640 0.107822 -0.034600
v -0.052279 0.110521 -0.034600
v -0.045717 0.110357 -0.048123
v -0.044566 0.107578 -0.063565
v -0.043331 0.104595 -0.080103
v -0.047987 0.080047 -0.158822
v -0.044001 0.082305 -0.158822
v -0.039908 0.084365 -0.158822
v -0.040575 0.097942 -0.113307
v -0.039049 0.094259 -0.129115
v -0.037430 0.090349 -0.144299
v -0.037703 0.062889 -0.209628
v -0.034571 0.064663 -0.209628
v -0.031356 0.066282 -0.209628
v -0.033924 0.081886 -0.172648
v -0.032047 0.077354 -0.185744
v -0.030092 0.072635 -0.198081
v -0.025971 0.062684 -0.220355
v -0.023813 0.057475 -0.230238
v -0.021598 0.052128 -0.239254
v -0.031446 0.087870 -0.158822
v -0.027096 0.089307 -0.158822
v -0.022680 0.090530 -0.158822
v -0.036976 0.103327 -0.096914
v -0.031861 0.105017 -0.096914
v -0.026669 0.106454 -0.096914
v -0.020685 0.103975 -0.113307
v -0.019907 0.100065 -0.129115
v -0.019082 0.095915 -0.144299
v -0.024707 0.069036 -0.209628
v -0.021289 0.070165 -0.209628
v -0.017820 0.071125 -0.209628
v -0.017295 0.086931 -0.172648
v -0.016337 0.082119 -0.185744
v -0.015341 0.077110 -0.198081
v -0.017018 0.047548 -0.247381
v -0.014664 0.048326 -0.247381
v -0.012274 0.048988 -0.247381
v -0.013240 0.066545 -0.220355
v -0.012140 0.061016 -0.230238
v -0.011011 0.055340 -0.239254
v -0.009025 0.025253 -0.270299
v -0.007824 0.025777 -0.270263
v -0.006534 0.026009 -0.270299
v -0.008679 0.043617 -0.254592
v -0.007499 0.037685 -0.260849
v -0.006336 0.031839 -0.266111
v -0.001968 0.009879 -0.277803
v -0.003082 0.015478 -0.275915
v -0.004134 0.020770 -0.273533
v -0.028425 0.079428 0.121077
v -0.024493 0.080727 0.121077
v -0.020501 0.081832 0.121077
v -0.018952 0.052952 0.320804
v -0.016330 0.053818 0.320804
v -0.013669 0.054555 0.320804
v -0.012521 0.062931 0.262915
v -0.013997 0.070352 0.208208
v -0.015333 0.077072 0.159868
v -0.032736 0.091476 0.057383
v -0.028207 0.092972 0.057383
v -0.023610 0.094244 0.057383
v -0.017332 0.087120 0.093960
v -0.017993 0.090442 0.076413
v -0.018512 0.093050 0.065275
v -0.041193 0.115113 -0.034600
v -0.035495 0.116995 -0.034600
v -0.029711 0.118596 -0.034600
v -0.023307 0.117155 -0.048123
v -0.022720 0.114205 -0.063565
v -0.022090 0.111039 -0.080103
v -0.003922 0.026528 -0.270299
v -0.002642 0.026808 -0.270263
v -0.001331 0.026783 -0.270299
v -0.004140 0.084259 0.121077
v -0.008270 0.083954 0.121077
v -0.012380 0.083447 0.121077
v -0.002760 0.056173 0.320804
v -0.005514 0.055969 0.320804
v -0.008254 0.055631 0.320804
v -0.014258 0.096104 0.057383
v -0.009524 0.096688 0.057383
v -0.004768 0.097039 0.057383
v -0.005386 0.109611 -0.096914
v -0.010758 0.109214 -0.096914
v -0.016105 0.108555 -0.096914
v -0.017942 0.120937 -0.034600
v -0.011985 0.121672 -0.034600
v -0.006000 0.122113 -0.034600
v -0.013696 0.092316 -0.158822
v -0.009149 0.092877 -0.158822
v -0.004580 0.093214 -0.158822
v -0.010761 0.072530 -0.209628
v -0.007188 0.072970 -0.209628
v -0.003598 0.073235 -0.209628
v -0.007412 0.049955 -0.247381
v -0.004951 0.050258 -0.247381
v -0.002479 0.050441 -0.247381
v -0.024352 0.122408 -0.023562
v -0.024713 0.124227 -0.014557
v -0.024840 0.124862 -0.006881
v -0.018525 0.124867 0.000175
v -0.012375 0.125625 0.000175
v -0.006195 0.126081 0.000175
v -0.000000 0.124806 -0.023562
v 0.000000 0.126661 -0.014557
v 0.000000 0.127309 -0.006881
v -0.022165 0.111417 0.021404
v -0.023152 0.116375 0.014278
v -0.024028 0.120779 0.007194
v -0.015968 0.107635 0.028552
v -0.010667 0.108289 0.028552
v -0.005340 0.108682 0.028552
v 0.000000 0.113600 0.021404
v 0.000000 0.118656 0.014278
v 0.000000 0.123146 0.007194
v -0.019395 0.097491 0.050101
v -0.019883 0.099946 0.042882
v -0.020477 0.102931 0.035706
v 0.000000 0.099402 0.050101
v 0.000000 0.101904 0.042882
v 0.000000 0.104947 0.035706
v -0.047767 0.115305 -0.023562
v -0.048477 0.117018 -0.014557
v -0.048725 0.117617 -0.006881
v -0.042532 0.118853 0.000175
v -0.036648 0.120797 0.000175
v -0.030676 0.122450 0.000175
v -0.043478 0.104951 0.021404
v -0.045413 0.109623 0.014278
v -0.047132 0.113771 0.007194
v -0.036663 0.102452 0.028552
v -0.031591 0.104127 0.028552
v -0.026443 0.105552 0.028552
v -0.038045 0.091834 0.050101
v -0.039003 0.094146 0.042882
v -0.040167 0.096958 0.035706
v -0.069347 0.103770 -0.023562
v -0.070377 0.105312 -0.014557
v -0.070737 0.105851 -0.006881
v -0.064904 0.108272 0.000175
v -0.059513 0.111326 0.000175
v -0.053978 0.114112 0.000175
v -0.063121 0.094452 0.021404
v -0.065930 0.098656 0.014278
v -0.068424 0.102390 0.007194
v -0.055949 0.093330 0.028552
v -0.051301 0.095963 0.028552
v -0.046530 0.098365 0.028552
v -0.055233 0.082647 0.050101
v -0.056623 0.084728 0.042882
v -0.058314 0.087258 0.035706
v -0.088262 0.088247 -0.023562
v -0.089573 0.089558 -0.014557
v -0.090031 0.090016 -0.006881
v -0.084783 0.093529 0.000175
v -0.080091 0.097576 0.000175
v -0.075206 0.101389 0.000175
v -0.080337 0.080323 0.021404
v -0.083913 0.083898 0.014278
v -0.087088 0.087073 0.007194
v -0.073084 0.080622 0.028552
v -0.069040 0.084110 0.028552
v -0.064829 0.087397 0.028552
v -0.070298 0.070283 0.050101
v -0.072068 0.072053 0.042882
v -0.074219 0.074205 0.035706
v -0.103785 0.069332 -0.023562
v -0.105327 0.070362 -0.014557
v -0.105865 0.070722 -0.006881
v -0.101403 0.075191 0.000175
v -0.097591 0.080076 0.000175
v -0.093544 0.084768 0.000175
v -0.094467 0.063106 0.021404
v -0.098671 0.065915 0.014278
v -0.102404 0.068410 0.007194
v -0.087411 0.064814 0.028552
v -0.084125 0.069025 0.028552
v -0.080636 0.073070 0.028552
v -0.082662 0.055218 0.050101
v -0.084743 0.056609 0.042882
v -0.087273 0.058299 0.035706
v -0.115320 0.047752 -0.023562
v -0.117033 0.048462 -0.014557
v -0.117631 0.048710 -0.006881
v -0.114127 0.053963 0.000175
v -0.111341 0.059498 0.000175
v -0.108287 0.064890 0.000175
v -0.104966 0.043464 0.021404
v -0.109637 0.045399 0.014278
v -0.113785 0.047117 0.007194
v -0.098379 0.046515 0.028552
v -0.095978 0.051286 0.028552
v -0.093345 0.055934 0.028552
v -0.091849 0.038030 0.050101
v -0.094161 0.038988 0.042882
v -0.096972 0.040153 0.035706
v -0.122423 0.024337 -0.023562
v -0.124242 0.024699 -0.014557
v -0.124877 0.024825 -0.006881
v -0.122465 0.030661 0.000175
v -0.120812 0.036633 0.000175
v -0.118868 0.042517 0.000175
v -0.111431 0.022150 0.021404
v -0.116390 0.023137 0.014278
v -0.120794 0.024013 0.007194
v -0.105567 0.026428 0.028552
v -0.104142 0.031576 0.028552
v -0.102466 0.036648 0.028552
v -0.097506 0.019380 0.050101
v -0.099961 0.019869 0.042882
v -0.102945 0.020462 0.035706
v -0.124821 -0.000015 -0.023562
v -0.126676 -0.000015 -0.014557
v -0.127323 -0.000015 -0.006881
v -0.126096 0.006180 0.000175
v -0.125640 0.012360 0.000175
v -0.124882 0.018510 0.000175
v -0.113614 -0.000015 0.021404
v -0.118670 -0.000015 0.014278
v -0.123161 -0.000015 0.007194
v -0.108697 0.005325 0.028552
v -0.108304 0.010652 0.028552
v -0.107650 0.015954 0.028552
v -0.099416 -0.000015 0.050101
v -0.101919 -0.000015 0.042882
v -0.104962 -0.000015 0.035706
v -0.122423 -0.024366 -0.023562
v -0.124241 -0.024728 -0.014557
v -0.124877 -0.024854 -0.006881
v -0.124882 -0.018539 0.000175
v -0.125640 -0.012389 0.000175
v -0.126096 -0.006209 0.000175
v -0.111431 -0.022180 0.021404
v -0.116390 -0.023166 0.014278
v -0.120794 -0.024042 0.007194
v -0.107650 -0.015983 0.028552
v -0.108304 -0.010682 0.028552
v -0.108697 -0.005354 0.028552
v -0.097506 -0.019410 0.050101
v -0.099961 -0.019898 0.042882
v -0.102945 -0.020492 0.035706
v -0.115320 -0.047781 -0.023562
v -0.117033 -0.048491 -0.014557
v -0.117631 -0.048739 -0.006881
v -0.118868 -0.042546 0.000175
v -0.120812 -0.036662 0.000175
v -0.122465 -0.030690 0.000175
v -0.104966 -0.043493 0.021404
v -0.109637 -0.045428 0.014278
v -0.113785 -0.047146 0.007194
v -0.102466 -0.036678 0.028552
v -0.104142 -0.031606 0.028552
v -0.105567 -0.026458 0.028552
v -0.091849 -0.038060 0.050101
v -0.094161 -0.039017 0.042882
v -0.096972 -0.040182 0.035706
v -0.103785 -0.069361 -0.023562
v -0.105327 -0.070392 -0.014557
v -0.105865 -0.070752 -0.006881
v -0.108287 -0.064919 0.000175
v -0.111341 -0.059528 0.000175
v -0.114127 -0.053993 0.000175
v -0.094467 -0.063135 0.021404
v -0.098671 -0.065945 0.014278
v -0.102404 -0.068439 0.007194
v -0.093345 -0.055963 0.028552
v -0.095978 -0.051316 0.028552
v -0.098379 -0.046545 0.028552
v -0.082662 -0.055247 0.050101
v -0.084743 -0.056638 0.042882
v -0.087273 -0.058328 0.035706
v -0.088262 -0.088276 -0.023562
v -0.089573 -0.089588 -0.014557
v -0.090031 -0.090046 -0.006881
v -0.093544 -0.084798 0.000175
v -0.097591 -0.080106 0.000175
v -0.101403 -0.075221 0.000175
v -0.080337 -0.080352 0.021404
v -0.083913 -0.083927 0.014278
v -0.087088 -0.087102 0.007194
v -0.080636 -0.073099 0.028552
v -0.084125 -0.069054 0.028552
v -0.087411 -0.064843 0.028552
v -0.070298 -0.070313 0.050101
v -0.072068 -0.072082 0.042882
v -0.074219 -0.074234 0.035706
v -0.069347 -0.103800 -0.023562
v -0.070377 -0.105341 -0.014557
v -0.070737 -0.105880 -0.006881
v -0.075206 -0.101418 0.000175
v -0.080091 -0.097606 0.000175
v -0.084783 -0.093558 0.000175
v -0.063121 -0.094481 0.021404
v -0.065930 -0.098685 0.014278
v -0.068424 -0.102419 0.007194
v -0.064829 -0.087426 0.028552
v -0.069040 -0.084140 0.028552
v -0.073084 -0.080651 0.028552
v -0.055233 -0.082676 0.050101
v -0.056623 -0.084757 0.042882
v -0.058314 -0.087287 0.035706
v -0.047767 -0.115334 -0.023562
v -0.048477 -0.117048 -0.014557
v -0.048725 -0.117646 -0.006881
v -0.053978 -0.114142 0.000175
v -0.059513 -0.111355 0.000175
v -0.064904 -0.108301 0.000175
v -0.043478 -0.104980 0.021404
v -0.045413 -0.109652 0.014278
v -0.047132 -0.113800 0.007194
v -0.046530 -0.098394 0.028552
v -0.051301 -0.095992 0.028552
v -0.055949 -0.093359 0.028552
v -0.038045 -0.091863 0.050101
v -0.039003 -0.094175 0.042882
v -0.040167 -0.096987 0.035706
v -0.024352 -0.122437 -0.023562
v -0.024713 -0.124256 -0.014557
v -0.024840 -0.124891 -0.006881
v -0.030676 -0.122479 0.000175
v -0.036648 -0.120826 0.000175
v -0.042532 -0.118883 0.000175
v -0.022165 -0.111446 0.021404
v -0.023152 -0.116405 0.014278
v -0.024028 -0.120809 0.007194
v -0.026443 -0.105581 0.028552
v -0.031591 -0.104156 0.028552
v -0.036663 -0.102481 0.028552
v -0.019395 -0.097521 0.050101
v -0.019883 -0.099975 0.042882
v -0.020477 -0.102960 0.035706
v 0.000000 -0.124836 -0.023562
v -0.000000 -0.126690 -0.014557
v -0.000000 -0.127338 -0.006881
v -0.006195 -0.126111 0.000175
v -0.012375 -0.125655 0.000175
v -0.018525 -0.124896 0.000175
v -0.000000 -0.113629 0.021404
v 0.000000 -0.118685 0.014278
v 0.000000 -0.123175 0.007194
v -0.005340 -0.108712 0.028552
v -0.010667 -0.108318 0.028552
v -0.015968 -0.107665 0.028552
v 0.000000 -0.099431 0.050101
v -0.000000 -0.101934 0.042882
v -0.000000 -0.104977 0.035706
v 0.024352 -0.122437 -0.023562
v 0.024713 -0.124256 -0.014557
v 0.024840 -0.124892 -0.006881
v 0.018525 -0.124896 0.000175
v 0.012375 -0.125655 0.000175
v 0.006195 -0.126111 0.000175
v 0.022165 -0.111446 0.021404
v 0.023152 -0.116405 0.014278
v 0.024028 -0.120809 0.007194
v 0.015968 -0.107665 0.028552
v 0.010667 -0.108318 0.028552
v 0.005340 -0.108711 0.028552
v 0.019395 -0.097521 0.050101
v 0.019883 -0.099975 0.042882
v 0.020477 -0.102960 0.035706
v 0.047767 -0.115334 -0.023562
v 0.048477 -0.117048 -0.014557
v 0.048725 -0.117646 -0.006881
v 0.042532 -0.118883 0.000175
v 0.036648 -0.120826 0.000175
v 0.030676 -0.122479 0.000175
v 0.043478 -0.104980 0.021404
v 0.045413 -0.109652 0.014278
v 0.047132 -0.113800 0.007194
v 0.036663 -0.102481 0.028552
v 0.031591 -0.104156 0.028552
v 0.026443 -0.105581 0.028552
v 0.038045 -0.091863 0.050101
v 0.039003 -0.094175 0.042882
v 0.040167 -0.096987 0.035706
v 0.069347 -0.103800 -0.023562
v 0.070377 -0.105341 -0.014557
v 0.070737 -0.105880 -0.006881
v 0.064904 -0.108301 0.000175
v 0.059513 -0.111355 0.000175
v 0.053978 -0.114142 0.000175
v 0.063121 -0.094481 0.021404
v 0.065930 -0.098685 0.014278
v 0.068424 -0.102419 0.007194
v 0.055949 -0.093359 0.028552
v 0.051301 -0.095992 0.028552
v 0.046530 -0.098394 0.028552
v 0.055233 -0.082676 0.050101
v 0.056623 -0.084757 0.042882
v 0.058314 -0.087287 0.035706
v 0.088262 -0.088276 -0.023562
v 0.089573 -0.089588 -0.014557
v 0.090031 -0.090046 -0.006881
v 0.084783 -0.093558 0.000175
v 0.080091 -0.097606 0.000175
v 0.075206 -0.101418 0.000175
v 0.080338 -0.080352 0.021404
v 0.083913 -0.083927 0.014278
v 0.087088 -0.087102 0.007194
v 0.073085 -0.080651 0.028552
v 0.069040 -0.084140 0.028552
v 0.064829 -0.087426 0.028552
v 0.070298 -0.070313 0.050101
v 0.072068 -0.072082 0.042882
v 0.074219 -0.074234 0.035706
v 0.103785 -0.069361 -0.023562
v 0.105327 -0.070392 -0.014557
v 0.105865 -0.070752 -0.006881
v 0.101403 -0.075221 0.000175
v 0.097591 -0.080106 0.000175
v 0.093544 -0.084798 0.000175
v 0.094467 -0.063135 0.021404
v 0.098671 -0.065945 0.014278
v 0.102404 -0.068439 0.007194
v 0.087412 -0.064843 0.028552
v 0.084125 -0.069054 0.028552
v 0.080636 -0.073099 0.028552
v 0.082662 -0.055247 0.050101
v 0.084743 -0.056638 0.042882
v 0.087273 -0.058328 0.035706
v 0.115320 -0.047781 -0.023562
v 0.117033 -0.048491 -0.014557
v 0.117631 -0.048739 -0.006881
v 0.114127 -0.053993 0.000175
v 0.111341 -0.059528 0.000175
v 0.108287 -0.064919 0.000175
v 0.104966 -0.043493 0.021404
v 0.109637 -0.045428 0.014278
v 0.113785 -0.047146 0.007194
v 0.098379 -0.046545 0.028552
v 0.095978 -0.051316 0.028552
v 0.093345 -0.055963 0.028552
v 0.091849 -0.038060 0.050101
v 0.094161 -0.039017 0.042882
v 0.096972 -0.040182 0.035706
v 0.122423 -0.024366 -0.023562
v 0.124242 -0.024728 -0.014557
v 0.124877 -0.024854 -0.006881
v 0.122465 -0.030690 0.000175
v 0.120812 -0.036662 0.000175
v 0.118868 -0.042546 0.000175
v 0.111431 -0.022180 0.021404
v 0.116390 -0.023166 0.014278
v 0.120794 -0.024042 0.007194
v 0.105567 -0.026458 0.028552
v 0.104142 -0.031606 0.028552
v 0.102466 -0.036678 0.028552
v 0.097506 -0.019410 0.050101
v 0.099961 -0.019898 0.042882
v 0.102945 -0.020492 0.035706
v 0.124821 -0.000015 -0.023562
v 0.126676 -0.000015 -0.014557
v 0.127323 -0.000015 -0.006881
v 0.126096 -0.006209 0.000175
v 0.125640 -0.012389 0.000175
v 0.124882 -0.018539 0.000175
v 0.113614 -0.000015 0.021404
v 0.118670 -0.000015 0.014278
v 0.123161 -0.000015 0.007194
v 0.108697 -0.005354 0.028552
v 0.108304 -0.010682 0.028552
v 0.107650 -0.015983 0.028552
v 0.099416 -0.000015 0.050101
v 0.101919 -0.000015 0.042882
v 0.104962 -0.000015 0.035706
v 0.122423 0.024337 -0.023562
v 0.124242 0.024699 -0.014557
v 0.124877 0.024825 -0.006881
v 0.124882 0.018510 0.000175
v 0.125640 0.012360 0.000175
v 0.126096 0.006180 0.000175
v 0.111431 0.022150 0.021404
v 0.116390 0.023137 0.014278
v 0.120794 0.024013 0.007194
v 0.107650 0.015954 0.028552
v 0.108304 0.010652 0.028552
v 0.108697 0.005325 0.028552
v 0.097506 0.019380 0.050101
v 0.099961 0.019869 0.042882
v 0.102945 0.020462 0.035706
v 0.115320 0.047752 -0.023562
v 0.117033 0.048462 -0.014557
v 0.117631 0.048710 -0.006881
v 0.118868 0.042517 0.000175
v 0.120812 0.036633 0.000175
v 0.122465 0.030661 0.000175
v 0.104966 0.043464 0.021404
v 0.109637 0.045399 0.014278
v 0.113785 0.047117 0.007194
v 0.102466 0.036648 0.028552
v 0.104142 0.031576 0.028552
v 0.105567 0.026428 0.028552
v 0.091849 0.038030 0.050101
v 0.094161 0.038988 0.042882
v 0.096972 0.040153 0.035706
v 0.103785 0.069332 -0.023562
v 0.105327 0.070362 -0.014557
v 0.105865 0.070722 -0.006881
v 0.108287 0.064890 0.000175
v 0.111341 0.059498 0.000175
v 0.114127 0.053963 0.000175
v 0.094467 0.063106 0.021404
v 0.098671 0.065915 0.014278
v 0.102404 0.068410 0.007194
v 0.093345 0.055934 0.028552
v 0.095978 0.051286 0.028552
v 0.098379 0.046515 0.028552
v 0.082662 0.055218 0.050101
v 0.084743 0.056609 0.042882
v 0.087273 0.058299 0.035706
v 0.088262 0.088247 -0.023562
v 0.089573 0.089559 -0.014557
v 0.090031 0.090016 -0.006881
v 0.093544 0.084768 0.000175
v 0.097591 0.080076 0.000175
v 0.101403 0.075191 0.000175
v 0.080338 0.080323 0.021404
v 0.083913 0.083898 0.014278
v 0.087088 0.087073 0.007194
v 0.080636 0.073070 0.028552
v 0.084125 0.069025 0.028552
v 0.087412 0.064814 0.028552
v 0.070298 0.070283 0.050101
v 0.072068 0.072053 0.042882
v 0.074219 0.074205 0.035706
v 0.069347 0.103770 -0.023562
v 0.070377 0.105312 -0.014557
v 0.070737 0.105851 -0.006881
v 0.075206 0.101389 0.000175
v 0.080091 0.097576 0.000175
v 0.084783 0.093529 0.000175
v 0.063121 0.094452 0.021404
v 0.065930 0.098656 0.014278
v 0.068424 0.102390 0.007194
v 0.064829 0.087397 0.028552
v 0.069040 0.084110 0.028552
v 0.073085 0.080622 0.028552
v 0.055233 0.082647 0.050101
v 0.056623 0.084728 0.042882
v 0.058314 0.087258 0.035706
v 0.047767 0.115305 -0.023562
v 0.048477 0.117018 -0.014557
v 0.048725 0.117617 -0.006881
v 0.053978 0.114112 0.000175
v 0.059513 0.111326 0.000175
v 0.064904 0.108272 0.000175
v 0.043478 0.104951 0.021404
v 0.045413 0.109623 0.014278
v 0.047132 0.113771 0.007194
v 0.046530 0.098365 0.028552
v 0.051301 0.095963 0.028552
v 0.055949 0.093330 0.028552
v 0.038045 0.091834 0.050101
v 0.039003 0.094146 0.042882
v 0.040167 0.096958 0.035706
v 0.024352 0.122408 -0.023562
v 0.024713 0.124227 -0.014557
v 0.024840 0.124862 -0.006881
v 0.030676 0.122450 0.000175
v 0.036648 0.120797 0.000175
v 0.042532 0.118854 0.000175
v 0.022165 0.111417 0.021404
v 0.023152 0.116376 0.014278
v 0.024028 0.120779 0.007194
v 0.026443 0.105552 0.028552
v 0.031591 0.104127 0.028552
v 0.036663 0.102452 0.028552
v 0.019395 0.097491 0.050101
v 0.019884 0.099946 0.042882
v 0.020477 0.102931 0.035706
v 0.018525 0.124867 0.000175
v 0.012375 0.125625 0.000175
v 0.006195 0.126081 0.000175
v 0.015968 0.107635 0.028552
v 0.010667 0.108289 0.028552
v 0.005340 0.108682 0.028552
v 0.001602 0.032475 -0.266095
v 0.001889 0.038393 -0.260844
v 0.002183 0.044420 -0.254591
v 0.003193 0.032409 -0.266080
v 0.003771 0.038269 -0.260840
v 0.004361 0.044261 -0.254591
v 0.004767 0.032164 -0.266095
v 0.005640 0.038023 -0.260844
v 0.006527 0.043992 -0.254591
v 0.001782 0.018082 -0.275055
v 0.001217 0.012344 -0.277128
v 0.001007 0.016595 -0.275644
v 0.001099 0.021444 -0.273440
v 0.002140 0.021710 -0.273322
v 0.003109 0.021246 -0.273440
v 0.002253 0.016472 -0.275644
v 0.003857 0.078487 0.159868
v 0.003520 0.071644 0.208208
v 0.003149 0.064087 0.262915
v 0.007704 0.078203 0.159868
v 0.007032 0.071385 0.208208
v 0.006291 0.063855 0.262915
v 0.011532 0.077731 0.159868
v 0.010527 0.070954 0.208208
v 0.009417 0.063470 0.262915
v 0.004656 0.094759 0.065275
v 0.004525 0.092103 0.076413
v 0.004359 0.088720 0.093960
v 0.009301 0.094416 0.065275
v 0.009040 0.091770 0.076413
v 0.008708 0.088399 0.093960
v 0.013923 0.093846 0.065275
v 0.013533 0.091216 0.076413
v 0.013036 0.087865 0.093960
v 0.005556 0.113078 -0.080103
v 0.005714 0.116302 -0.063565
v 0.005862 0.119306 -0.048123
v 0.011098 0.112669 -0.080103
v 0.011415 0.115881 -0.063565
v 0.011710 0.118875 -0.048123
v 0.016614 0.111988 -0.080103
v 0.017088 0.115182 -0.063565
v 0.017529 0.118157 -0.048123
v 0.004799 0.097676 -0.144299
v 0.005007 0.101903 -0.129115
v 0.005202 0.105884 -0.113307
v 0.009587 0.097323 -0.144299
v 0.010002 0.101534 -0.129115
v 0.010392 0.105501 -0.113307
v 0.014352 0.096735 -0.144299
v 0.014972 0.100921 -0.129115
v 0.015557 0.104865 -0.113307
v 0.003858 0.078525 -0.198081
v 0.004109 0.083627 -0.185744
v 0.004350 0.088527 -0.172648
v 0.007708 0.078241 -0.198081
v 0.008208 0.083324 -0.185744
v 0.008689 0.088207 -0.172648
v 0.011538 0.077769 -0.198081
v 0.012288 0.082822 -0.185744
v 0.013007 0.087675 -0.172648
v 0.002769 0.056357 -0.239254
v 0.003053 0.062137 -0.230238
v 0.003330 0.067767 -0.220355
v 0.005532 0.056153 -0.239254
v 0.006099 0.061912 -0.230238
v 0.006652 0.067522 -0.220355
v 0.008281 0.055814 -0.239254
v 0.009130 0.061538 -0.230238
v 0.009958 0.067115 -0.220355
v 0.013714 0.054733 -0.239254
v 0.015120 0.060347 -0.230238
v 0.016490 0.065816 -0.220355
v 0.016383 0.053994 -0.239254
v 0.018063 0.059532 -0.230238
v 0.019700 0.064927 -0.220355
v 0.019014 0.053125 -0.239254
v 0.020963 0.058574 -0.230238
v 0.022863 0.063882 -0.220355
v 0.007910 0.031538 -0.266095
v 0.009345 0.037286 -0.260844
v 0.010810 0.043140 -0.254591
v 0.009457 0.031163 -0.266080
v 0.011167 0.036798 -0.260840
v 0.012915 0.042559 -0.254591
v 0.010953 0.030615 -0.266095
v 0.012953 0.036192 -0.260844
v 0.014987 0.041873 -0.254591
v 0.005278 0.017386 -0.275055
v 0.003605 0.011869 -0.277128
v 0.004228 0.016079 -0.275644
v 0.005264 0.020817 -0.273440
v 0.006337 0.020875 -0.273322
v 0.007197 0.020231 -0.273440
v 0.005426 0.015716 -0.275644
v 0.019097 0.076226 0.159868
v 0.017433 0.069580 0.208208
v 0.015594 0.062241 0.262915
v 0.022815 0.075197 0.159868
v 0.020827 0.068641 0.208208
v 0.018630 0.061401 0.262915
v 0.026478 0.073987 0.159868
v 0.024170 0.067537 0.208208
v 0.021621 0.060413 0.262915
v 0.023056 0.092030 0.065275
v 0.022410 0.089450 0.076413
v 0.021587 0.086164 0.093960
v 0.027545 0.090787 0.065275
v 0.026773 0.088243 0.076413
v 0.025789 0.085001 0.093960
v 0.031967 0.089327 0.065275
v 0.031071 0.086823 0.076413
v 0.029930 0.083633 0.093960
v 0.027512 0.109821 -0.080103
v 0.028297 0.112952 -0.063565
v 0.029028 0.115870 -0.048123
v 0.032869 0.108338 -0.080103
v 0.033806 0.111428 -0.063565
v 0.034679 0.114306 -0.048123
v 0.038146 0.106595 -0.080103
v 0.039233 0.109635 -0.063565
v 0.040247 0.112467 -0.048123
v 0.023766 0.094863 -0.144299
v 0.024794 0.098968 -0.129115
v 0.025762 0.102835 -0.113307
v 0.028392 0.093582 -0.144299
v 0.029621 0.097632 -0.129115
v 0.030778 0.101447 -0.113307
v 0.032951 0.092077 -0.144299
v 0.034376 0.096061 -0.129115
v 0.035719 0.099814 -0.113307
v 0.019107 0.076264 -0.198081
v 0.020348 0.081218 -0.185744
v 0.021540 0.085978 -0.172648
v 0.022826 0.075234 -0.198081
v 0.024309 0.080122 -0.185744
v 0.025733 0.084817 -0.172648
v 0.026491 0.074024 -0.198081
v 0.028212 0.078833 -0.185744
v 0.029865 0.083452 -0.172648
v 0.048411 0.102343 -0.080103
v 0.049792 0.105261 -0.063565
v 0.051078 0.107981 -0.048123
v 0.053375 0.099844 -0.080103
v 0.054897 0.102691 -0.063565
v 0.056315 0.105344 -0.048123
v 0.058211 0.097105 -0.080103
v 0.059871 0.099874 -0.063565
v 0.061417 0.102454 -0.048123
v 0.041819 0.088403 -0.144299
v 0.043628 0.092229 -0.129115
v 0.045332 0.095832 -0.113307
v 0.046107 0.086245 -0.144299
v 0.048101 0.089977 -0.129115
v 0.049980 0.093493 -0.113307
v 0.050284 0.083879 -0.144299
v 0.052459 0.087508 -0.129115
v 0.054509 0.090928 -0.113307
v 0.033621 0.071070 -0.198081
v 0.035805 0.075688 -0.185744
v 0.037902 0.080123 -0.172648
v 0.037068 0.069335 -0.198081
v 0.039476 0.073840 -0.185744
v 0.041789 0.078166 -0.172648
v 0.040426 0.067433 -0.198081
v 0.043052 0.071814 -0.185744
v 0.045574 0.076022 -0.172648
v 0.024131 0.051006 -0.239254
v 0.026605 0.056237 -0.230238
v 0.029016 0.061334 -0.220355
v 0.026605 0.049760 -0.239254
v 0.029333 0.054864 -0.230238
v 0.031991 0.059836 -0.220355
v 0.029016 0.048395 -0.239254
v 0.031991 0.053359 -0.230238
v 0.034889 0.058194 -0.220355
v 0.013914 0.029389 -0.266095
v 0.016443 0.034746 -0.260844
v 0.019021 0.040202 -0.254591
v 0.015358 0.028719 -0.266080
v 0.018134 0.033912 -0.260840
v 0.020972 0.039222 -0.254591
v 0.016718 0.027890 -0.266095
v 0.019768 0.032969 -0.260844
v 0.022871 0.038144 -0.254591
v 0.008572 0.016022 -0.275055
v 0.005854 0.010938 -0.277128
v 0.007286 0.014945 -0.275644
v 0.009227 0.019390 -0.273440
v 0.010290 0.019237 -0.273322
v 0.011008 0.018438 -0.273440
v 0.008391 0.014355 -0.275644
v 0.033604 0.071036 0.159868
v 0.030675 0.064842 0.208208
v 0.027440 0.058002 0.262915
v 0.037050 0.069301 0.159868
v 0.033820 0.063259 0.208208
v 0.030254 0.056586 0.262915
v 0.040407 0.067400 0.159868
v 0.036884 0.061523 0.208208
v 0.032994 0.055033 0.262915
v 0.040570 0.085763 0.065275
v 0.039433 0.083359 0.076413
v 0.037985 0.080297 0.093960
v 0.044730 0.083669 0.065275
v 0.043476 0.081324 0.076413
v 0.041880 0.078336 0.093960
v 0.048782 0.081374 0.065275
v 0.047415 0.079093 0.076413
v 0.045674 0.076187 0.093960
v 0.019383 0.026109 -0.266095
v 0.022908 0.030870 -0.260844
v 0.026502 0.035718 -0.254591
v 0.020669 0.025170 -0.266080
v 0.024404 0.029722 -0.260840
v 0.028224 0.034376 -0.254591
v 0.021841 0.024092 -0.266095
v 0.025822 0.028479 -0.260844
v 0.029876 0.032949 -0.254591
v 0.011536 0.014042 -0.275055
v 0.007878 0.009585 -0.277128
v 0.010065 0.013236 -0.275644
v 0.012835 0.017217 -0.273440
v 0.013848 0.016860 -0.273322
v 0.014396 0.015936 -0.273440
v 0.011033 0.012442 -0.275644
v 0.046820 0.063115 0.159868
v 0.042738 0.057612 0.208208
v 0.038231 0.051534 0.262915
v 0.049861 0.060741 0.159868
v 0.045514 0.055445 0.208208
v 0.040714 0.049596 0.262915
v 0.052782 0.058221 0.159868
v 0.048181 0.053145 0.208208
v 0.043100 0.047539 0.262915
v 0.056525 0.076200 0.065275
v 0.054941 0.074064 0.076413
v 0.052923 0.071343 0.093960
v 0.060196 0.073335 0.065275
v 0.058509 0.071279 0.076413
v 0.056360 0.068661 0.093960
v 0.063723 0.070293 0.065275
v 0.061937 0.068322 0.076413
v 0.059662 0.065812 0.093960
v 0.067450 0.090932 -0.080103
v 0.069373 0.093525 -0.063565
v 0.071165 0.095941 -0.048123
v 0.071831 0.087512 -0.080103
v 0.073879 0.090008 -0.063565
v 0.075788 0.092333 -0.048123
v 0.076040 0.083882 -0.080103
v 0.078208 0.086274 -0.063565
v 0.080228 0.088503 -0.048123
v 0.058264 0.078546 -0.144299
v 0.060785 0.081945 -0.129115
v 0.063160 0.085147 -0.113307
v 0.062049 0.075592 -0.144299
v 0.064733 0.078864 -0.129115
v 0.067262 0.081945 -0.113307
v 0.065684 0.072457 -0.144299
v 0.068526 0.075592 -0.129115
v 0.071203 0.078546 -0.113307
v 0.046843 0.063145 -0.198081
v 0.049885 0.067248 -0.185744
v 0.052808 0.071189 -0.172648
v 0.049885 0.060771 -0.198081
v 0.053125 0.064719 -0.185744
v 0.056238 0.068511 -0.172648
v 0.052808 0.058250 -0.198081
v 0.056238 0.062034 -0.185744
v 0.059533 0.065670 -0.172648
v 0.033621 0.045318 -0.239254
v 0.037068 0.049966 -0.230238
v 0.040426 0.054494 -0.220355
v 0.035805 0.043613 -0.239254
v 0.039476 0.048087 -0.230238
v 0.043052 0.052445 -0.220355
v 0.037902 0.041804 -0.239254
v 0.041789 0.046092 -0.230238
v 0.045574 0.050269 -0.220355
v 0.083897 0.076025 -0.080103
v 0.086289 0.078193 -0.063565
v 0.088518 0.080213 -0.048123
v 0.087527 0.071817 -0.080103
v 0.090022 0.073865 -0.063565
v 0.092348 0.075773 -0.048123
v 0.090946 0.067436 -0.080103
v 0.093539 0.069359 -0.063565
v 0.095955 0.071151 -0.048123
v 0.072471 0.065670 -0.144299
v 0.075607 0.068511 -0.129115
v 0.078561 0.071189 -0.113307
v 0.075607 0.062034 -0.144299
v 0.078878 0.064719 -0.129115
v 0.081960 0.067248 -0.113307
v 0.078561 0.058250 -0.144299
v 0.081960 0.060771 -0.129115
v 0.085161 0.063145 -0.113307
v 0.058264 0.052793 -0.198081
v 0.062049 0.056223 -0.185744
v 0.065684 0.059518 -0.172648
v 0.060785 0.049871 -0.198081
v 0.064733 0.053111 -0.185744
v 0.068526 0.056223 -0.172648
v 0.063160 0.046828 -0.198081
v 0.067262 0.049871 -0.185744
v 0.071203 0.052793 -0.172648
v 0.041819 0.037888 -0.239254
v 0.046107 0.041774 -0.230238
v 0.050284 0.045560 -0.220355
v 0.043628 0.035790 -0.239254
v 0.048101 0.039461 -0.230238
v 0.052459 0.043038 -0.220355
v 0.045332 0.033606 -0.239254
v 0.049980 0.037054 -0.230238
v 0.054509 0.040412 -0.220355
v 0.024107 0.021826 -0.266095
v 0.028493 0.025808 -0.260844
v 0.032963 0.029861 -0.254591
v 0.025185 0.020654 -0.266080
v 0.029737 0.024390 -0.260840
v 0.034391 0.028209 -0.254591
v 0.026124 0.019368 -0.266095
v 0.030885 0.022894 -0.260844
v 0.035733 0.026487 -0.254591
v 0.014056 0.011521 -0.275055
v 0.009600 0.007864 -0.277128
v 0.012456 0.011018 -0.275644
v 0.015950 0.014382 -0.273440
v 0.016874 0.013834 -0.273322
v 0.017232 0.012821 -0.273440
v 0.013251 0.010050 -0.275644
v 0.058236 0.052767 0.159868
v 0.053160 0.048166 0.208208
v 0.047553 0.043085 0.262915
v 0.060756 0.049846 0.159868
v 0.055460 0.045500 0.208208
v 0.049611 0.040700 0.262915
v 0.063129 0.046805 0.159868
v 0.057626 0.042724 0.208208
v 0.051549 0.038217 0.262915
v 0.070308 0.063708 0.065275
v 0.068337 0.061922 0.076413
v 0.065827 0.059647 0.093960
v 0.073350 0.060182 0.065275
v 0.071294 0.058495 0.076413
v 0.068675 0.056346 0.093960
v 0.076215 0.056510 0.065275
v 0.074079 0.054926 0.076413
v 0.071358 0.052908 0.093960
v 0.027905 0.016703 -0.266095
v 0.032984 0.019753 -0.260844
v 0.038159 0.022856 -0.254591
v 0.028733 0.015344 -0.266080
v 0.033926 0.018119 -0.260840
v 0.039236 0.020958 -0.254591
v 0.029403 0.013899 -0.266095
v 0.034761 0.016428 -0.260844
v 0.040216 0.019007 -0.254591
v 0.016037 0.008557 -0.275055
v 0.010952 0.005840 -0.277128
v 0.014369 0.008376 -0.275644
v 0.018452 0.010993 -0.273440
v 0.019252 0.010276 -0.273322
v 0.019405 0.009212 -0.273440
v 0.014960 0.007272 -0.275644
v 0.067414 0.040392 0.159868
v 0.061538 0.036870 0.208208
v 0.055048 0.032980 0.262915
v 0.069316 0.037035 0.159868
v 0.063273 0.033806 0.208208
v 0.056601 0.030239 0.262915
v 0.071050 0.033590 0.159868
v 0.064857 0.030660 0.208208
v 0.058017 0.027425 0.262915
v 0.081388 0.048768 0.065275
v 0.079107 0.047400 0.076413
v 0.076202 0.045659 0.093960
v 0.083684 0.044715 0.065275
v 0.081338 0.043462 0.076413
v 0.078351 0.041865 0.093960
v 0.085778 0.040555 0.065275
v 0.083374 0.039418 0.076413
v 0.080312 0.037970 0.093960
v 0.097120 0.058197 -0.080103
v 0.099889 0.059856 -0.063565
v 0.102469 0.061403 -0.048123
v 0.099859 0.053361 -0.080103
v 0.102706 0.054883 -0.063565
v 0.105359 0.056301 -0.048123
v 0.102358 0.048397 -0.080103
v 0.105276 0.049777 -0.063565
v 0.107995 0.051063 -0.048123
v 0.083893 0.050269 -0.144299
v 0.087523 0.052445 -0.129115
v 0.090942 0.054494 -0.113307
v 0.086259 0.046092 -0.144299
v 0.089991 0.048087 -0.129115
v 0.093507 0.049966 -0.113307
v 0.088418 0.041804 -0.144299
v 0.092244 0.043613 -0.129115
v 0.095847 0.045318 -0.113307
v 0.067447 0.040412 -0.198081
v 0.071828 0.043038 -0.185744
v 0.076036 0.045560 -0.172648
v 0.069350 0.037054 -0.198081
v 0.073854 0.039461 -0.185744
v 0.078181 0.041774 -0.172648
v 0.071085 0.033606 -0.198081
v 0.075702 0.035790 -0.185744
v 0.080137 0.037888 -0.172648
v 0.048409 0.029001 -0.239254
v 0.053373 0.031976 -0.230238
v 0.058209 0.034874 -0.220355
v 0.049775 0.026591 -0.239254
v 0.054878 0.029319 -0.230238
v 0.059850 0.031976 -0.220355
v 0.051020 0.024116 -0.239254
v 0.056252 0.026591 -0.230238
v 0.061348 0.029001 -0.220355
v 0.092091 0.032936 -0.144299
v 0.096076 0.034362 -0.129115
v 0.099829 0.035705 -0.113307
v 0.093597 0.028378 -0.144299
v 0.097647 0.029606 -0.129115
v 0.101461 0.030763 -0.113307
v 0.094878 0.023751 -0.144299
v 0.098983 0.024779 -0.129115
v 0.102849 0.025748 -0.113307
v 0.074038 0.026477 -0.198081
v 0.078847 0.028197 -0.185744
v 0.083467 0.029850 -0.172648
v 0.075249 0.022812 -0.198081
v 0.080136 0.024295 -0.185744
v 0.084831 0.025719 -0.172648
v 0.076278 0.019092 -0.198081
v 0.081233 0.020333 -0.185744
v 0.085992 0.021525 -0.172648
v 0.053140 0.018999 -0.239254
v 0.058589 0.020949 -0.230238
v 0.063897 0.022848 -0.220355
v 0.054009 0.016369 -0.239254
v 0.059547 0.018049 -0.230238
v 0.064942 0.019685 -0.220355
v 0.054748 0.013699 -0.239254
v 0.060362 0.015105 -0.230238
v 0.065830 0.016475 -0.220355
v 0.030630 0.010938 -0.266095
v 0.036206 0.012938 -0.260844
v 0.041887 0.014973 -0.254591
v 0.031178 0.009443 -0.266080
v 0.036812 0.011152 -0.260840
v 0.042574 0.012900 -0.254591
v 0.031553 0.007895 -0.266095
v 0.037301 0.009331 -0.260844
v 0.043155 0.010795 -0.254591
v 0.017401 0.005264 -0.275055
v 0.011884 0.003590 -0.277128
v 0.015730 0.005411 -0.275644
v 0.020245 0.007182 -0.273440
v 0.020889 0.006322 -0.273322
v 0.020832 0.005249 -0.273440
v 0.016094 0.004213 -0.275644
v 0.074002 0.026464 0.159868
v 0.067551 0.024156 0.208208
v 0.060427 0.021607 0.262915
v 0.075212 0.022801 0.159868
v 0.068656 0.020812 0.208208
v 0.061415 0.018615 0.262915
v 0.076241 0.019083 0.159868
v 0.069595 0.017418 0.208208
v 0.062255 0.015580 0.262915
v 0.089341 0.031952 0.065275
v 0.086837 0.031056 0.076413
v 0.083648 0.029915 0.093960
v 0.090802 0.027530 0.065275
v 0.088257 0.026758 0.076413
v 0.085016 0.025775 0.093960
v 0.092045 0.023041 0.065275
v 0.089465 0.022395 0.076413
v 0.086179 0.021572 0.093960
v 0.106610 0.038131 -0.080103
v 0.109649 0.039219 -0.063565
v 0.112482 0.040232 -0.048123
v 0.108353 0.032854 -0.080103
v 0.111442 0.033791 -0.063565
v 0.114321 0.034664 -0.048123
v 0.109835 0.027498 -0.080103
v 0.112967 0.028282 -0.063565
v 0.115885 0.029013 -0.048123
v 0.018096 0.001768 -0.275055
v 0.012359 0.001203 -0.277128
v 0.016486 0.002238 -0.275644
v 0.021260 0.003094 -0.273440
v 0.021724 0.002125 -0.273322
v 0.021458 0.001084 -0.273440
v 0.016609 0.000992 -0.275644
v 0.077746 0.011518 0.159868
v 0.070969 0.010513 0.208208
v 0.063484 0.009402 0.262915
v 0.078218 0.007689 0.159868
v 0.071399 0.007018 0.208208
v 0.063870 0.006276 0.262915
v 0.078502 0.003842 0.159868
v 0.071659 0.003506 0.208208
v 0.064101 0.003135 0.262915
v 0.093861 0.013908 0.065275
v 0.091231 0.013518 0.076413
v 0.087880 0.013021 0.093960
v 0.094431 0.009286 0.065275
v 0.091785 0.009025 0.076413
v 0.088413 0.008693 0.093960
v 0.094774 0.004641 0.065275
v 0.092118 0.004511 0.076413
v 0.088734 0.004345 0.093960
v 0.112003 0.016600 -0.080103
v 0.115197 0.017073 -0.063565
v 0.118172 0.017515 -0.048123
v 0.112683 0.011084 -0.080103
v 0.115896 0.011400 -0.063565
v 0.118890 0.011695 -0.048123
v 0.113092 0.005541 -0.080103
v 0.116317 0.005700 -0.063565
v 0.119321 0.005847 -0.048123
v 0.096750 0.014337 -0.144299
v 0.100936 0.014958 -0.129115
v 0.104879 0.015543 -0.113307
v 0.097338 0.009572 -0.144299
v 0.101549 0.009987 -0.129115
v 0.105516 0.010378 -0.113307
v 0.097691 0.004785 -0.144299
v 0.101918 0.004992 -0.129115
v 0.105899 0.005188 -0.113307
v 0.077784 0.011524 -0.198081
v 0.082836 0.012273 -0.185744
v 0.087689 0.012993 -0.172648
v 0.078256 0.007693 -0.198081
v 0.083339 0.008194 -0.185744
v 0.088222 0.008674 -0.172648
v 0.078540 0.003844 -0.198081
v 0.083642 0.004094 -0.185744
v 0.088542 0.004335 -0.172648
v 0.055828 0.008267 -0.239254
v 0.061553 0.009116 -0.230238
v 0.067129 0.009943 -0.220355
v 0.056167 0.005517 -0.239254
v 0.061927 0.006085 -0.230238
v 0.067537 0.006637 -0.220355
v 0.056371 0.002755 -0.239254
v 0.062151 0.003039 -0.230238
v 0.067782 0.003315 -0.220355
v 0.032178 0.004752 -0.266095
v 0.038038 0.005626 -0.260844
v 0.044006 0.006513 -0.254591
v 0.032424 0.003179 -0.266080
v 0.038283 0.003756 -0.260840
v 0.044275 0.004346 -0.254591
v 0.032490 0.001588 -0.266095
v 0.038407 0.001874 -0.260844
v 0.044434 0.002169 -0.254591
v 0.078540 -0.003873 -0.198081
v 0.083642 -0.004124 -0.185744
v 0.088542 -0.004364 -0.172648
v 0.078256 -0.007722 -0.198081
v 0.083339 -0.008223 -0.185744
v 0.088222 -0.008704 -0.172648
v 0.077784 -0.011553 -0.198081
v 0.082836 -0.012302 -0.185744
v 0.087689 -0.013022 -0.172648
v 0.056371 -0.002784 -0.239254
v 0.062151 -0.003068 -0.230238
v 0.067782 -0.003345 -0.220355
v 0.056167 -0.005547 -0.239254
v 0.061927 -0.006114 -0.230238
v 0.067537 -0.006666 -0.220355
v 0.055828 -0.008296 -0.239254
v 0.061553 -0.009145 -0.230238
v 0.067129 -0.009972 -0.220355
v 0.032490 -0.001617 -0.266095
v 0.038407 -0.001903 -0.260844
v 0.044434 -0.002198 -0.254591
v 0.032424 -0.003208 -0.266080
v 0.038283 -0.003785 -0.260840
v 0.044275 -0.004375 -0.254591
v 0.032178 -0.004781 -0.266095
v 0.038038 -0.005655 -0.260844
v 0.044006 -0.006542 -0.254591
v 0.018096 -0.001797 -0.275055
v 0.012359 -0.001232 -0.277128
v 0.016609 -0.001021 -0.275644
v 0.021458 -0.001113 -0.273440
v 0.021724 -0.002154 -0.273322
v 0.021260 -0.003123 -0.273440
v 0.016486 -0.002267 -0.275644
v 0.078502 -0.003871 0.159868
v 0.071659 -0.003535 0.208208
v 0.064101 -0.003164 0.262915
v 0.078218 -0.007718 0.159868
v 0.071399 -0.007047 0.208208
v 0.063870 -0.006305 0.262915
v 0.077746 -0.011547 0.159868
v 0.070969 -0.010542 0.208208
v 0.063484 -0.009432 0.262915
v 0.094774 -0.004670 0.065275
v 0.092118 -0.004540 0.076413
v 0.088734 -0.004374 0.093960
v 0.094431 -0.009315 0.065275
v 0.091785 -0.009055 0.076413
v 0.088414 -0.008722 0.093960
v 0.093861 -0.013938 0.065275
v 0.091231 -0.013547 0.076413
v 0.087880 -0.013050 0.093960
v 0.113092 -0.005570 -0.080103
v 0.116317 -0.005729 -0.063565
v 0.119321 -0.005876 -0.048123
v 0.112683 -0.011113 -0.080103
v 0.115896 -0.011429 -0.063565
v 0.118890 -0.011724 -0.048123
v 0.112003 -0.016629 -0.080103
v 0.115197 -0.017102 -0.063565
v 0.118172 -0.017544 -0.048123
v 0.097691 -0.004814 -0.144299
v 0.101918 -0.005021 -0.129115
v 0.105899 -0.005217 -0.113307
v 0.097338 -0.009601 -0.144299
v 0.101549 -0.010016 -0.129115
v 0.105516 -0.010407 -0.113307
v 0.096750 -0.014366 -0.144299
v 0.100936 -0.014987 -0.129115
v 0.104879 -0.015572 -0.113307
v 0.076241 -0.019112 0.159868
v 0.069595 -0.017447 0.208208
v 0.062255 -0.015609 0.262915
v 0.075212 -0.022830 0.159868
v 0.068656 -0.020841 0.208208
v 0.061415 -0.018645 0.262915
v 0.074002 -0.026493 0.159868
v 0.067551 -0.024185 0.208208
v 0.060427 -0.021636 0.262915
v 0.092045 -0.023071 0.065275
v 0.089465 -0.022424 0.076413
v 0.086179 -0.021601 0.093960
v 0.090802 -0.027559 0.065275
v 0.088257 -0.026787 0.076413
v 0.085016 -0.025804 0.093960
v 0.089341 -0.031982 0.065275
v 0.086837 -0.031086 0.076413
v 0.083648 -0.029944 0.093960
v 0.109836 -0.027527 -0.080103
v 0.112967 -0.028311 -0.063565
v 0.115885 -0.029042 -0.048123
v 0.108353 -0.032883 -0.080103
v 0.111442 -0.033820 -0.063565
v 0.114321 -0.034693 -0.048123
v 0.106610 -0.038160 -0.080103
v 0.109649 -0.039248 -0.063565
v 0.112482 -0.040261 -0.048123
v 0.094878 -0.023780 -0.144299
v 0.098983 -0.024808 -0.129115
v 0.102849 -0.025777 -0.113307
v 0.093597 -0.028407 -0.144299
v 0.097647 -0.029635 -0.129115
v 0.101461 -0.030792 -0.113307
v 0.092091 -0.032965 -0.144299
v 0.096076 -0.034391 -0.129115
v 0.099829 -0.035734 -0.113307
v 0.076278 -0.019121 -0.198081
v 0.081233 -0.020362 -0.185744
v 0.085992 -0.021554 -0.172648
v 0.075249 -0.022841 -0.198081
v 0.080136 -0.024324 -0.185744
v 0.084831 -0.025748 -0.172648
v 0.074038 -0.026506 -0.198081
v 0.078847 -0.028227 -0.185744
v 0.083467 -0.029880 -0.172648
v 0.054748 -0.013728 -0.239254
v 0.060362 -0.015134 -0.230238
v 0.065830 -0.016504 -0.220355
v 0.054009 -0.016398 -0.239254
v 0.059547 -0.018078 -0.230238
v 0.064942 -0.019715 -0.220355
v 0.053140 -0.019028 -0.239254
v 0.058589 -0.020978 -0.230238
v 0.063897 -0.022877 -0.220355
v 0.031553 -0.007925 -0.266095
v 0.037301 -0.009360 -0.260844
v 0.043155 -0.010825 -0.254591
v 0.031178 -0.009472 -0.266080
v 0.036812 -0.011182 -0.260840
v 0.042574 -0.012929 -0.254591
v 0.030630 -0.010968 -0.266095
v 0.036206 -0.012968 -0.260844
v 0.041887 -0.015002 -0.254591
v 0.017401 -0.005293 -0.275055
v 0.011884 -0.003620 -0.277128
v 0.016094 -0.004242 -0.275644
v 0.020832 -0.005279 -0.273440
v 0.020889 -0.006351 -0.273322
v 0.020245 -0.007211 -0.273440
v 0.015730 -0.005441 -0.275644
v 0.071085 -0.033635 -0.198081
v 0.075702 -0.035819 -0.185744
v 0.080137 -0.037917 -0.172648
v 0.069349 -0.037083 -0.198081
v 0.073854 -0.039491 -0.185744
v 0.078181 -0.041803 -0.172648
v 0.067447 -0.040441 -0.198081
v 0.071828 -0.043067 -0.185744
v 0.076036 -0.045589 -0.172648
v 0.051020 -0.024146 -0.239254
v 0.056252 -0.026620 -0.230238
v 0.061348 -0.029030 -0.220355
v 0.049775 -0.026620 -0.239254
v 0.054878 -0.029348 -0.230238
v 0.059850 -0.032005 -0.220355
v 0.048409 -0.029030 -0.239254
v 0.053373 -0.032005 -0.230238
v 0.058209 -0.034904 -0.220355
v 0.029403 -0.013928 -0.266095
v 0.034761 -0.016457 -0.260844
v 0.040216 -0.019036 -0.254591
v 0.028733 -0.015373 -0.266080
v 0.033926 -0.018149 -0.260840
v 0.039236 -0.020987 -0.254591
v 0.027905 -0.016733 -0.266095
v 0.032984 -0.019782 -0.260844
v 0.038159 -0.022886 -0.254591
v 0.016037 -0.008586 -0.275055
v 0.010952 -0.005869 -0.277128
v 0.014960 -0.007301 -0.275644
v 0.019405 -0.009242 -0.273440
v 0.019252 -0.010305 -0.273322
v 0.018452 -0.011023 -0.273440
v 0.014369 -0.008405 -0.275644
v 0.071050 -0.033619 0.159868
v 0.064857 -0.030690 0.208208
v 0.058017 -0.027455 0.262915
v 0.069316 -0.037065 0.159868
v 0.063273 -0.033835 0.208208
v 0.056601 -0.030268 0.262915
v 0.067414 -0.040421 0.159868
v 0.061538 -0.036899 0.208208
v 0.055048 -0.033009 0.262915
v 0.085778 -0.040585 0.065275
v 0.083374 -0.039448 0.076413
v 0.080312 -0.037999 0.093960
v 0.083684 -0.044745 0.065275
v 0.081338 -0.043491 0.076413
v 0.078351 -0.041894 0.093960
v 0.081388 -0.048797 0.065275
v 0.079107 -0.047430 0.076413
v 0.076202 -0.045688 0.093960
v 0.102358 -0.048426 -0.080103
v 0.105276 -0.049806 -0.063565
v 0.107995 -0.051092 -0.048123
v 0.099859 -0.053390 -0.080103
v 0.102706 -0.054912 -0.063565
v 0.105359 -0.056330 -0.048123
v 0.097120 -0.058226 -0.080103
v 0.099889 -0.059885 -0.063565
v 0.102469 -0.061432 -0.048123
v 0.088418 -0.041833 -0.144299
v 0.092244 -0.043642 -0.129115
v 0.095847 -0.045347 -0.113307
v 0.086259 -0.046121 -0.144299
v 0.089991 -0.048116 -0.129115
v 0.093507 -0.049995 -0.113307
v 0.083893 -0.050298 -0.144299
v 0.087523 -0.052474 -0.129115
v 0.090942 -0.054523 -0.113307
v 0.076215 -0.056540 0.065275
v 0.074079 -0.054955 0.076413
v 0.071358 -0.052937 0.093960
v 0.073350 -0.060211 0.065275
v 0.071294 -0.058524 0.076413
v 0.068675 -0.056375 0.093960
v 0.070308 -0.063738 0.065275
v 0.068337 -0.061952 0.076413
v 0.065827 -0.059677 0.093960
v 0.090946 -0.067465 -0.080103
v 0.093539 -0.069388 -0.063565
v 0.095955 -0.071180 -0.048123
v 0.087527 -0.071846 -0.080103
v 0.090022 -0.073894 -0.063565
v 0.092348 -0.075802 -0.048123
v 0.083897 -0.076054 -0.080103
v 0.086289 -0.078222 -0.063565
v 0.088518 -0.080242 -0.048123
v 0.078561 -0.058279 -0.144299
v 0.081960 -0.060800 -0.129115
v 0.085161 -0.063175 -0.113307
v 0.075607 -0.062064 -0.144299
v 0.078878 -0.064748 -0.129115
v 0.081960 -0.067277 -0.113307
v 0.072471 -0.065699 -0.144299
v 0.075607 -0.068541 -0.129115
v 0.078561 -0.071218 -0.113307
v 0.063160 -0.046857 -0.198081
v 0.067262 -0.049900 -0.185744
v 0.071203 -0.052823 -0.172648
v 0.060785 -0.049900 -0.198081
v 0.064733 -0.053140 -0.185744
v 0.068526 -0.056253 -0.172648
v 0.058264 -0.052823 -0.198081
v 0.062049 -0.056253 -0.185744
v 0.065684 -0.059548 -0.172648
v 0.045332 -0.033635 -0.239254
v 0.049980 -0.037083 -0.230238
v 0.054509 -0.040441 -0.220355
v 0.043628 -0.035819 -0.239254
v 0.048101 -0.039491 -0.230238
v 0.052459 -0.043067 -0.220355
v 0.041819 -0.037917 -0.239254
v 0.046107 -0.041803 -0.230238
v 0.050284 -0.045589 -0.220355
v 0.026124 -0.019397 -0.266095
v 0.030885 -0.022923 -0.260844
v 0.035733 -0.026516 -0.254591
v 0.025185 -0.020683 -0.266080
v 0.029737 -0.024419 -0.260840
v 0.034391 -0.028239 -0.254591
v 0.024107 -0.021855 -0.266095
v 0.028493 -0.025837 -0.260844
v 0.032963 -0.029891 -0.254591
v 0.014056 -0.011550 -0.275055
v 0.009600 -0.007893 -0.277128
v 0.013251 -0.010079 -0.275644
v 0.017232 -0.012850 -0.273440
v 0.016874 -0.013863 -0.273322
v 0.015950 -0.014411 -0.273440
v 0.012456 -0.011047 -0.275644
v 0.063129 -0.046834 0.159868
v 0.057626 -0.042753 0.208208
v 0.051549 -0.038246 0.262915
v 0.060756 -0.049876 0.159868
v 0.055460 -0.045529 0.208208
v 0.049611 -0.040729 0.262915
v 0.058236 -0.052797 0.159868
v 0.053160 -0.048196 0.208208
v 0.047553 -0.043114 0.262915
v 0.037902 -0.041833 -0.239254
v 0.041789 -0.046121 -0.230238
v 0.045574 -0.050298 -0.220355
v 0.035805 -0.043643 -0.239254
v 0.039476 -0.048116 -0.230238
v 0.043052 -0.052474 -0.220355
v 0.033621 -0.045347 -0.239254
v 0.037068 -0.049995 -0.230238
v 0.040426 -0.054523 -0.220355
v 0.021841 -0.024121 -0.266095
v 0.025822 -0.028508 -0.260844
v 0.029876 -0.032978 -0.254591
v 0.020669 -0.025200 -0.266080
v 0.024404 -0.029751 -0.260840
v 0.028224 -0.034406 -0.254591
v 0.019383 -0.026139 -0.266095
v 0.022908 -0.030900 -0.260844
v 0.026502 -0.035747 -0.254591
v 0.011536 -0.014071 -0.275055
v 0.007878 -0.009614 -0.277128
v 0.011033 -0.012471 -0.275644
v 0.014396 -0.015965 -0.273440
v 0.013848 -0.016889 -0.273322
v 0.012835 -0.017246 -0.273440
v 0.010065 -0.013265 -0.275644
v 0.052782 -0.058251 0.159868
v 0.048181 -0.053174 0.208209
v 0.043100 -0.047568 0.262915
v 0.049861 -0.060770 0.159868
v 0.045514 -0.055474 0.208208
v 0.040714 -0.049625 0.262915
v 0.046820 -0.063144 0.159868
v 0.042738 -0.057641 0.208208
v 0.038231 -0.051564 0.262915
v 0.063723 -0.070322 0.065275
v 0.061937 -0.068352 0.076413
v 0.059662 -0.065842 0.093960
v 0.060196 -0.073364 0.065275
v 0.058509 -0.071308 0.076413
v 0.056360 -0.068690 0.093960
v 0.056525 -0.076230 0.065275
v 0.054941 -0.074094 0.076413
v 0.052923 -0.071373 0.093960
v 0.076040 -0.083912 -0.080103
v 0.078208 -0.086304 -0.063565
v 0.080228 -0.088532 -0.048123
v 0.071831 -0.087542 -0.080103
v 0.073879 -0.090037 -0.063565
v 0.075788 -0.092362 -0.048123
v 0.067450 -0.090961 -0.080103
v 0.069373 -0.093554 -0.063565
v 0.071165 -0.095970 -0.048123
v 0.065684 -0.072486 -0.144299
v 0.068526 -0.075622 -0.129115
v 0.071203 -0.078575 -0.113307
v 0.062049 -0.075622 -0.144299
v 0.064733 -0.078893 -0.129115
v 0.067262 -0.081974 -0.113307
v 0.058264 -0.078575 -0.144299
v 0.060785 -0.081974 -0.129115
v 0.063160 -0.085176 -0.113307
v 0.052808 -0.058279 -0.198081
v 0.056238 -0.062064 -0.185744
v 0.059533 -0.065699 -0.172648
v 0.049885 -0.060800 -0.198081
v 0.053125 -0.064748 -0.185744
v 0.056238 -0.068541 -0.172648
v 0.046843 -0.063175 -0.198081
v 0.049885 -0.067277 -0.185744
v 0.052808 -0.071218 -0.172648
v 0.048782 -0.081403 0.065275
v 0.047415 -0.079122 0.076413
v 0.045674 -0.076216 0.093960
v 0.044730 -0.083698 0.065275
v 0.043476 -0.081353 0.076413
v 0.041880 -0.078366 0.093960
v 0.040570 -0.085792 0.065275
v 0.039433 -0.083388 0.076413
v 0.037985 -0.080326 0.093960
v 0.058211 -0.097134 -0.080103
v 0.059871 -0.099903 -0.063565
v 0.061417 -0.102483 -0.048123
v 0.053375 -0.099873 -0.080103
v 0.054897 -0.102720 -0.063565
v 0.056315 -0.105373 -0.048123
v 0.048411 -0.102372 -0.080103
v 0.049792 -0.105291 -0.063565
v 0.051078 -0.108010 -0.048123
v 0.050284 -0.083908 -0.144299
v 0.052459 -0.087538 -0.129115
v 0.054509 -0.090957 -0.113307
v 0.046107 -0.086274 -0.144299
v 0.048101 -0.090006 -0.129115
v 0.049980 -0.093522 -0.113307
v 0.041819 -0.088433 -0.144299
v 0.043628 -0.092258 -0.129115
v 0.045332 -0.095862 -0.113307
v 0.040426 -0.067462 -0.198081
v 0.043052 -0.071843 -0.185744
v 0.045574 -0.076051 -0.172648
v 0.037068 -0.069364 -0.198081
v 0.039476 -0.073869 -0.185744
v 0.041789 -0.078196 -0.172648
v 0.033621 -0.071100 -0.198081
v 0.035805 -0.075717 -0.185744
v 0.037902 -0.080152 -0.172648
v 0.029016 -0.048424 -0.239254
v 0.031991 -0.053388 -0.230238
v 0.034889 -0.058223 -0.220355
v 0.026605 -0.049789 -0.239254
v 0.029333 -0.054893 -0.230238
v 0.031991 -0.059865 -0.220355
v 0.024131 -0.051035 -0.239254
v 0.026605 -0.056266 -0.230238
v 0.029016 -0.061363 -0.220355
v 0.016718 -0.027919 -0.266095
v 0.019768 -0.032998 -0.260844
v 0.022871 -0.038173 -0.254591
v 0.015358 -0.028748 -0.266080
v 0.018134 -0.033941 -0.260840
v 0.020972 -0.039251 -0.254591
v 0.013914 -0.029418 -0.266095
v 0.016443 -0.034775 -0.260844
v 0.019021 -0.040231 -0.254591
v 0.008572 -0.016051 -0.275055
v 0.005854 -0.010967 -0.277128
v 0.008391 -0.014384 -0.275644
v 0.011008 -0.018467 -0.273440
v 0.010290 -0.019266 -0.273322
v 0.009227 -0.019419 -0.273440
v 0.007286 -0.014974 -0.275644
v 0.040407 -0.067429 0.159868
v 0.036884 -0.061552 0.208208
v 0.032994 -0.055063 0.262915
v 0.037050 -0.069330 0.159868
v 0.033820 -0.063288 0.208208
v 0.030254 -0.056615 0.262915
v 0.033604 -0.071065 0.159868
v 0.030675 -0.064871 0.208208
v 0.027440 -0.058031 0.262915
v 0.019014 -0.053154 -0.239254
v 0.020963 -0.058603 -0.230238
v 0.022863 -0.063911 -0.220355
v 0.016383 -0.054023 -0.239254
v 0.018063 -0.059561 -0.230238
v 0.019700 -0.064956 -0.220355
v 0.013714 -0.054762 -0.239254
v 0.015120 -0.060376 -0.230238
v 0.016490 -0.065845 -0.220355
v 0.010953 -0.030645 -0.266095
v 0.012953 -0.036221 -0.260844
v 0.014987 -0.041902 -0.254591
v 0.009457 -0.031192 -0.266080
v 0.011167 -0.036827 -0.260840
v 0.012915 -0.042589 -0.254591
v 0.007910 -0.031568 -0.266095
v 0.009345 -0.037315 -0.260844
v 0.010810 -0.043169 -0.254591
v 0.005278 -0.017415 -0.275055
v 0.003605 -0.011899 -0.277128
v 0.005426 -0.015745 -0.275644
v 0.007197 -0.020260 -0.273440
v 0.006337 -0.020904 -0.273322
v 0.005264 -0.020846 -0.273440
v 0.004228 -0.016108 -0.275644
v 0.026478 -0.074016 0.159868
v 0.024170 -0.067566 0.208209
v 0.021621 -0.060442 0.262915
v 0.022815 -0.075226 0.159868
v 0.020827 -0.068670 0.208208
v 0.018630 -0.061430 0.262915
v 0.019097 -0.076255 0.159868
v 0.017433 -0.069609 0.208208
v 0.015594 -0.062270 0.262915
v 0.031967 -0.089356 0.065275
v 0.031071 -0.086852 0.076413
v 0.029930 -0.083663 0.093960
v 0.027544 -0.090817 0.065275
v 0.026773 -0.088272 0.076413
v 0.025789 -0.085030 0.093960
v 0.023056 -0.092059 0.065275
v 0.022410 -0.089479 0.076413
v 0.021587 -0.086193 0.093960
v 0.038146 -0.106625 -0.080103
v 0.039233 -0.109664 -0.063565
v 0.040247 -0.112496 -0.048123
v 0.032869 -0.108368 -0.080103
v 0.033806 -0.111457 -0.063565
v 0.034679 -0.114335 -0.048123
v 0.027512 -0.109850 -0.080103
v 0.028297 -0.112982 -0.063565
v 0.029028 -0.115900 -0.048123
v 0.032951 -0.092106 -0.144299
v 0.034376 -0.096090 -0.129115
v 0.035719 -0.099844 -0.113307
v 0.028392 -0.093612 -0.144299
v 0.029621 -0.097661 -0.129115
v 0.030778 -0.101476 -0.113307
v 0.023766 -0.094892 -0.144299
v 0.024794 -0.098997 -0.129115
v 0.025762 -0.102864 -0.113307
v 0.026491 -0.074053 -0.198081
v 0.028212 -0.078862 -0.185744
v 0.029865 -0.083481 -0.172648
v 0.022826 -0.075263 -0.198081
v 0.024309 -0.080151 -0.185744
v 0.025733 -0.084846 -0.172648
v 0.019107 -0.076293 -0.198081
v 0.020348 -0.081247 -0.185744
v 0.021540 -0.086007 -0.172648
v 0.016614 -0.112018 -0.080103
v 0.017088 -0.115211 -0.063565
v 0.017529 -0.118187 -0.048123
v 0.011098 -0.112698 -0.080103
v 0.011415 -0.115911 -0.063565
v 0.011710 -0.118904 -0.048123
v 0.005556 -0.113107 -0.080103
v 0.005714 -0.116331 -0.063565
v 0.005862 -0.119336 -0.048123
v 0.014352 -0.096765 -0.144299
v 0.014972 -0.100951 -0.129115
v 0.015557 -0.104894 -0.113307
v 0.009587 -0.097352 -0.144299
v 0.010002 -0.101564 -0.129115
v 0.010392 -0.105531 -0.113307
v 0.004799 -0.097706 -0.144299
v 0.005007 -0.101932 -0.129115
v 0.005202 -0.105914 -0.113307
v 0.011538 -0.077798 -0.198081
v 0.012288 -0.082851 -0.185744
v 0.013007 -0.087704 -0.172648
v 0.007708 -0.078271 -0.198081
v 0.008208 -0.083354 -0.185744
v 0.008689 -0.088236 -0.172648
v 0.003858 -0.078555 -0.198081
v 0.004109 -0.083656 -0.185744
v 0.004350 -0.088556 -0.172648
v 0.008281 -0.055843 -0.239254
v 0.009130 -0.061567 -0.230238
v 0.009958 -0.067144 -0.220355
v 0.005532 -0.056182 -0.239254
v 0.006099 -0.061941 -0.230238
v 0.006652 -0.067551 -0.220355
v 0.002769 -0.056386 -0.239254
v 0.003053 -0.062166 -0.230238
v 0.003330 -0.067797 -0.220355
v 0.004767 -0.032193 -0.266095
v 0.005640 -0.038052 -0.260844
v 0.006527 -0.044021 -0.254591
v 0.003193 -0.032438 -0.266080
v 0.003771 -0.038298 -0.260840
v 0.004361 -0.044290 -0.254591
v 0.001602 -0.032504 -0.266095
v 0.001889 -0.038422 -0.260844
v 0.002183 -0.044449 -0.254591
v 0.001782 -0.018111 -0.275055
v 0.001217 -0.012374 -0.277128
v 0.002253 -0.016501 -0.275644
v 0.003109 -0.021275 -0.273440
v 0.002140 -0.021739 -0.273322
v 0.001099 -0.021473 -0.273440
v 0.001007 -0.016624 -0.275644
v 0.011532 -0.077760 0.159868
v 0.010527 -0.070983 0.208208
v 0.009417 -0.063499 0.262915
v 0.007704 -0.078232 0.159868
v 0.007032 -0.071414 0.208208
v 0.006291 -0.063884 0.262915
v 0.003856 -0.078516 0.159868
v 0.003520 -0.071673 0.208208
v 0.003149 -0.064116 0.262915
v 0.013923 -0.093876 0.065275
v 0.013533 -0.091245 0.076413
v 0.013036 -0.087894 0.093960
v 0.009301 -0.094446 0.065275
v 0.009040 -0.091799 0.076413
v 0.008708 -0.088428 0.093960
v 0.004656 -0.094788 0.065275
v 0.004525 -0.092132 0.076413
v 0.004359 -0.088749 0.093960
v -0.001602 -0.032504 -0.266095
v -0.001889 -0.038422 -0.260844
v -0.002183 -0.044449 -0.254591
v -0.003193 -0.032438 -0.266080
v -0.003771 -0.038298 -0.260840
v -0.004361 -0.044290 -0.254591
v -0.004767 -0.032193 -0.266095
v -0.005640 -0.038052 -0.260844
v -0.006527 -0.044021 -0.254591
v -0.001782 -0.018111 -0.275055
v -0.001217 -0.012374 -0.277128
v -0.001007 -0.016624 -0.275644
v -0.001099 -0.021473 -0.273440
v -0.002140 -0.021739 -0.273322
v -0.003109 -0.021275 -0.273440
v -0.002253 -0.016501 -0.275644
v -0.003856 -0.078516 0.159868
v -0.003520 -0.071673 0.208208
v -0.003149 -0.064116 0.262915
v -0.007704 -0.078232 0.159868
v -0.007032 -0.071414 0.208208
v -0.006291 -0.063884 0.262915
v -0.011532 -0.077760 0.159868
v -0.010527 -0.070983 0.208208
v -0.009417 -0.063499 0.262915
v -0.004656 -0.094788 0.065275
v -0.004525 -0.092132 0.076413
v -0.004359 -0.088749 0.093960
v -0.009301 -0.094446 0.065275
v -0.009040 -0.091799 0.076413
v -0.008708 -0.088428 0.093960
v -0.013923 -0.093876 0.065275
v -0.013533 -0.091245 0.076413
v -0.013036 -0.087894 0.093960
v -0.005556 -0.113107 -0.080103
v -0.005714 -0.116331 -0.063565
v -0.005862 -0.119336 -0.048123
v -0.011098 -0.112698 -0.080103
v -0.011415 -0.115911 -0.063565
v -0.011710 -0.118904 -0.048123
v -0.016614 -0.112018 -0.080103
v -0.017088 -0.115211 -0.063565
v -0.017529 -0.118187 -0.048123
v -0.004799 -0.097706 -0.144299
v -0.005007 -0.101932 -0.129115
v -0.005202 -0.105914 -0.113307
v -0.009587 -0.097352 -0.144299
v -0.010002 -0.101564 -0.129115
v -0.010392 -0.105531 -0.113307
v -0.014352 -0.096765 -0.144299
v -0.014972 -0.100951 -0.129115
v -0.015557 -0.104894 -0.113307
v -0.003858 -0.078555 -0.198081
v -0.004109 -0.083656 -0.185744
v -0.004350 -0.088556 -0.172648
v -0.007708 -0.078271 -0.198081
v -0.008208 -0.083354 -0.185744
v -0.008689 -0.088236 -0.172648
v -0.011538 -0.077798 -0.198081
v -0.012288 -0.082851 -0.185744
v -0.013007 -0.087704 -0.172648
v -0.002769 -0.056386 -0.239254
v -0.003053 -0.062166 -0.230238
v -0.003330 -0.067797 -0.220355
v -0.005532 -0.056182 -0.239254
v -0.006099 -0.061941 -0.230238
v -0.006652 -0.067551 -0.220355
v -0.008281 -0.055843 -0.239254
v -0.009130 -0.061567 -0.230238
v -0.009958 -0.067144 -0.220355
v -0.023766 -0.094892 -0.144299
v -0.024794 -0.098997 -0.129115
v -0.025762 -0.102864 -0.113307
v -0.028392 -0.093612 -0.144299
v -0.029621 -0.097661 -0.129115
v -0.030778 -0.101476 -0.113307
v -0.032951 -0.092106 -0.144299
v -0.034376 -0.096090 -0.129115
v -0.035719 -0.099844 -0.113307
v -0.019107 -0.076293 -0.198081
v -0.020348 -0.081247 -0.185744
v -0.021540 -0.086007 -0.172648
v -0.022826 -0.075263 -0.198081
v -0.024309 -0.080151 -0.185744
v -0.025733 -0.084846 -0.172648
v -0.026491 -0.074053 -0.198081
v -0.028212 -0.078862 -0.185744
v -0.029865 -0.083481 -0.172648
v -0.013714 -0.054762 -0.239254
v -0.015120 -0.060376 -0.230238
v -0.016490 -0.065845 -0.220355
v -0.016383 -0.054023 -0.239254
v -0.018063 -0.059561 -0.230238
v -0.019700 -0.064956 -0.220355
v -0.019014 -0.053154 -0.239254
v -0.020963 -0.058603 -0.230238
v -0.022863 -0.063911 -0.220355
v -0.007910 -0.031568 -0.266095
v -0.009345 -0.037315 -0.260844
v -0.010810 -0.043169 -0.254591
v -0.009457 -0.031192 -0.266080
v -0.011167 -0.036827 -0.260840
v -0.012915 -0.042589 -0.254591
v -0.010953 -0.030645 -0.266095
v -0.012953 -0.036221 -0.260844
v -0.014987 -0.041902 -0.254591
v -0.005278 -0.017415 -0.275055
v -0.003605 -0.011899 -0.277128
v -0.004228 -0.016108 -0.275644
v -0.005264 -0.020846 -0.273440
v -0.006337 -0.020904 -0.273322
v -0.007197 -0.020260 -0.273440
v -0.005426 -0.015745 -0.275644
v -0.019097 -0.076255 0.159868
v -0.017433 -0.069609 0.208208
v -0.015594 -0.062270 0.262915
v -0.022815 -0.075226 0.159868
v -0.020827 -0.068670 0.208208
v -0.018630 -0.061430 0.262915
v -0.026478 -0.074016 0.159868
v -0.024170 -0.067566 0.208208
v -0.021621 -0.060442 0.262915
v -0.023056 -0.092059 0.065275
v -0.022410 -0.089479 0.076413
v -0.021587 -0.086193 0.093960
v -0.027544 -0.090817 0.065275
v -0.026773 -0.088272 0.076413
v -0.025789 -0.085030 0.093960
v -0.031967 -0.089356 0.065275
v -0.031071 -0.086852 0.076413
v -0.029930 -0.083663 0.093960
v -0.027512 -0.109850 -0.080103
v -0.028297 -0.112982 -0.063565
v -0.029028 -0.115899 -0.048123
v -0.032869 -0.108368 -0.080103
v -0.033806 -0.111457 -0.063565
v -0.034679 -0.114335 -0.048123
v -0.038146 -0.106624 -0.080103
v -0.039233 -0.109664 -0.063565
v -0.040247 -0.112496 -0.048123
v -0.008572 -0.016051 -0.275055
v -0.005854 -0.010967 -0.277128
v -0.007286 -0.014974 -0.275644
v -0.009227 -0.019419 -0.273440
v -0.010290 -0.019266 -0.273322
v -0.011008 -0.018467 -0.273440
v -0.008391 -0.014384 -0.275644
v -0.033604 -0.071065 0.159868
v -0.030675 -0.064871 0.208208
v -0.027440 -0.058032 0.262915
v -0.037050 -0.069330 0.159868
v -0.033820 -0.063288 0.208208
v -0.030254 -0.056615 0.262915
v -0.040407 -0.067429 0.159868
v -0.036884 -0.061552 0.208208
v -0.032994 -0.055063 0.262915
v -0.040570 -0.085792 0.065275
v -0.039433 -0.083388 0.076413
v -0.037985 -0.080326 0.093960
v -0.044730 -0.083698 0.065275
v -0.043476 -0.081353 0.076413
v -0.041880 -0.078366 0.093960
v -0.048782 -0.081403 0.065275
v -0.047415 -0.079122 0.076413
v -0.045674 -0.076216 0.093960
v -0.048411 -0.102372 -0.080103
v -0.049792 -0.105291 -0.063565
v -0.051078 -0.108010 -0.048123
v -0.053375 -0.099873 -0.080103
v -0.054897 -0.102720 -0.063565
v -0.056315 -0.105373 -0.048123
v -0.058211 -0.097134 -0.080103
v -0.059871 -0.099903 -0.063565
v -0.061417 -0.102483 -0.048123
v -0.041819 -0.088433 -0.144299
v -0.043628 -0.092258 -0.129115
v -0.045332 -0.095862 -0.113307
v -0.046107 -0.086274 -0.144299
v -0.048101 -0.090006 -0.129115
v -0.049980 -0.093522 -0.113307
v -0.050284 -0.083908 -0.144299
v -0.052459 -0.087538 -0.129115
v -0.054509 -0.090957 -0.113307
v -0.033621 -0.071100 -0.198081
v -0.035805 -0.075717 -0.185744
v -0.037902 -0.080152 -0.172648
v -0.037068 -0.069364 -0.198081
v -0.039476 -0.073869 -0.185744
v -0.041789 -0.078196 -0.172648
v -0.040426 -0.067462 -0.198081
v -0.043052 -0.071843 -0.185744
v -0.045574 -0.076051 -0.172648
v -0.024131 -0.051035 -0.239254
v -0.026605 -0.056266 -0.230238
v -0.029016 -0.061363 -0.220355
v -0.026605 -0.049789 -0.239254
v -0.029333 -0.054893 -0.230238
v -0.031991 -0.059865 -0.220355
v -0.029016 -0.048424 -0.239254
v -0.031991 -0.053388 -0.230238
v -0.034889 -0.058223 -0.220355
v -0.013914 -0.029418 -0.266095
v -0.016443 -0.034775 -0.260844
v -0.019021 -0.040231 -0.254591
v -0.015358 -0.028748 -0.266080
v -0.018134 -0.033941 -0.260840
v -0.020972 -0.039251 -0.254591
v -0.016718 -0.027919 -0.266095
v -0.019768 -0.032998 -0.260844
v -0.022871 -0.038173 -0.254591
v -0.058264 -0.078575 -0.144299
v -0.060785 -0.081974 -0.129115
v -0.063160 -0.085176 -0.113307
v -0.062049 -0.075622 -0.144299
v -0.064733 -0.078893 -0.129115
v -0.067262 -0.081974 -0.113307
v -0.065684 -0.072486 -0.144299
v -0.068526 -0.075622 -0.129115
v -0.071203 -0.078575 -0.113307
v -0.046843 -0.063175 -0.198081
v -0.049885 -0.067277 -0.185744
v -0.052808 -0.071218 -0.172648
v -0.049885 -0.060800 -0.198081
v -0.053125 -0.064748 -0.185744
v -0.056238 -0.068541 -0.172648
v -0.052808 -0.058279 -0.198081
v -0.056238 -0.062064 -0.185744
v -0.059533 -0.065699 -0.172648
v -0.033621 -0.045347 -0.239254
v -0.037068 -0.049995 -0.230238
v -0.040426 -0.054523 -0.220355
v -0.035805 -0.043642 -0.239254
v -0.039476 -0.048116 -0.230238
v -0.043052 -0.052474 -0.220355
v -0.037902 -0.041833 -0.239254
v -0.041789 -0.046121 -0.230238
v -0.045574 -0.050298 -0.220355
v -0.019383 -0.026139 -0.266095
v -0.022908 -0.030900 -0.260844
v -0.026502 -0.035747 -0.254591
v -0.020669 -0.025200 -0.266080
v -0.024404 -0.029751 -0.260840
v -0.028224 -0.034405 -0.254591
v -0.021841 -0.024121 -0.266095
v -0.025822 -0.028508 -0.260844
v -0.029876 -0.032978 -0.254591
v -0.011536 -0.014071 -0.275055
v -0.007878 -0.009614 -0.277128
v -0.010065 -0.013265 -0.275644
v -0.012835 -0.017246 -0.273440
v -0.013848 -0.016889 -0.273322
v -0.014396 -0.015965 -0.273440
v -0.011033 -0.012471 -0.275644
v -0.046820 -0.063144 0.159868
v -0.042738 -0.057641 0.208208
v -0.038231 -0.051564 0.262915
v -0.049861 -0.060770 0.159868
v -0.045514 -0.055474 0.208208
v -0.040714 -0.049625 0.262915
v -0.052782 -0.058251 0.159868
v -0.048181 -0.053174 0.208208
v -0.043100 -0.047568 0.262915
v -0.056525 -0.076230 0.065275
v -0.054941 -0.074094 0.076413
v -0.052923 -0.071373 0.093960
v -0.060196 -0.073364 0.065275
v -0.058509 -0.071308 0.076413
v -0.056360 -0.068690 0.093960
v -0.063723 -0.070322 0.065275
v -0.061937 -0.068352 0.076413
v -0.059662 -0.065842 0.093960
v -0.067450 -0.090961 -0.080103
v -0.069373 -0.093554 -0.063565
v -0.071165 -0.095970 -0.048123
v -0.071831 -0.087541 -0.080103
v -0.073879 -0.090037 -0.063565
v -0.075788 -0.092362 -0.048123
v -0.076040 -0.083911 -0.080103
v -0.078208 -0.086303 -0.063565
v -0.080228 -0.088532 -0.048123
v -0.014056 -0.011550 -0.275055
v -0.009600 -0.007893 -0.277128
v -0.012456 -0.011047 -0.275644
v -0.015950 -0.014411 -0.273440
v -0.016874 -0.013863 -0.273322
v -0.017232 -0.012850 -0.273440
v -0.013251 -0.010079 -0.275644
v -0.058236 -0.052797 0.159868
v -0.053160 -0.048196 0.208208
v -0.047553 -0.043114 0.262915
v -0.060756 -0.049875 0.159868
v -0.055460 -0.045529 0.208208
v -0.049611 -0.040729 0.262915
v -0.063129 -0.046834 0.159868
v -0.057626 -0.042753 0.208208
v -0.051549 -0.038246 0.262915
v -0.070308 -0.063738 0.065275
v -0.068337 -0.061952 0.076413
v -0.065827 -0.059677 0.093960
v -0.073350 -0.060211 0.065275
v -0.071294 -0.058524 0.076413
v -0.068675 -0.056375 0.093960
v -0.076215 -0.056539 0.065275
v -0.074079 -0.054955 0.076413
v -0.071358 -0.052937 0.093960
v -0.083897 -0.076054 -0.080103
v -0.086289 -0.078222 -0.063565
v -0.088518 -0.080242 -0.048123
v -0.087527 -0.071846 -0.080103
v -0.090022 -0.073894 -0.063565
v -0.092348 -0.075802 -0.048123
v -0.090946 -0.067465 -0.080103
v -0.093539 -0.069388 -0.063565
v -0.095955 -0.071180 -0.048123
v -0.072471 -0.065699 -0.144299
v -0.075607 -0.068541 -0.129115
v -0.078561 -0.071218 -0.113307
v -0.075607 -0.062064 -0.144299
v -0.078878 -0.064748 -0.129115
v -0.081960 -0.067277 -0.113307
v -0.078561 -0.058279 -0.144299
v -0.081960 -0.060800 -0.129115
v -0.085161 -0.063175 -0.113307
v -0.058264 -0.052822 -0.198081
v -0.062049 -0.056253 -0.185744
v -0.065684 -0.059547 -0.172648
v -0.060785 -0.049900 -0.198081
v -0.064733 -0.053140 -0.185744
v -0.068526 -0.056253 -0.172648
v -0.063160 -0.046857 -0.198081
v -0.067262 -0.049900 -0.185744
v -0.071203 -0.052823 -0.172648
v -0.041819 -0.037917 -0.239254
v -0.046107 -0.041803 -0.230238
v -0.050284 -0.045589 -0.220355
v -0.043628 -0.035819 -0.239254
v -0.048101 -0.039490 -0.230238
v -0.052459 -0.043067 -0.220355
v -0.045332 -0.033635 -0.239254
v -0.049980 -0.037083 -0.230238
v -0.054509 -0.040441 -0.220355
v -0.024107 -0.021855 -0.266095
v -0.028493 -0.025837 -0.260844
v -0.032963 -0.029891 -0.254591
v -0.025185 -0.020683 -0.266080
v -0.029737 -0.024419 -0.260840
v -0.034391 -0.028239 -0.254591
v -0.026124 -0.019397 -0.266095
v -0.030885 -0.022923 -0.260844
v -0.035733 -0.026516 -0.254591
v -0.067447 -0.040441 -0.198081
v -0.071828 -0.043067 -0.185744
v -0.076036 -0.045589 -0.172648
v -0.069350 -0.037083 -0.198081
v -0.073854 -0.039491 -0.185744
v -0.078181 -0.041803 -0.172648
v -0.071085 -0.033635 -0.198081
v -0.075702 -0.035819 -0.185744
v -0.080137 -0.037917 -0.172648
v -0.048409 -0.029030 -0.239254
v -0.053373 -0.032005 -0.230238
v -0.058209 -0.034904 -0.220355
v -0.049775 -0.026620 -0.239254
v -0.054878 -0.029348 -0.230238
v -0.059850 -0.032005 -0.220355
v -0.051020 -0.024145 -0.239254
v -0.056252 -0.026620 -0.230238
v -0.061348 -0.029030 -0.220355
v -0.027905 -0.016733 -0.266095
v -0.032984 -0.019782 -0.260844
v -0.038159 -0.022886 -0.254591
v -0.028733 -0.015373 -0.266080
v -0.033926 -0.018149 -0.260840
v -0.039236 -0.020987 -0.254591
v -0.029403 -0.013928 -0.266095
v -0.034761 -0.016457 -0.260844
v -0.040216 -0.019036 -0.254591
v -0.016037 -0.008586 -0.275055
v -0.010952 -0.005869 -0.277128
v -0.014369 -0.008405 -0.275644
v -0.018452 -0.011023 -0.273440
v -0.019252 -0.010305 -0.273322
v -0.019405 -0.009241 -0.273440
v -0.014960 -0.007301 -0.275644
v -0.067414 -0.040421 0.159868
v -0.061538 -0.036899 0.208208
v -0.055048 -0.033009 0.262915
v -0.069316 -0.037065 0.159868
v -0.063273 -0.033835 0.208208
v -0.056601 -0.030268 0.262915
v -0.071050 -0.033619 0.159868
v -0.064857 -0.030690 0.208208
v -0.058017 -0.027455 0.262915
v -0.081388 -0.048797 0.065275
v -0.079107 -0.047430 0.076413
v -0.076202 -0.045688 0.093960
v -0.083684 -0.044745 0.065275
v -0.081338 -0.043491 0.076413
v -0.078351 -0.041894 0.093960
v -0.085778 -0.040585 0.065275
v -0.083374 -0.039448 0.076413
v -0.080312 -0.037999 0.093960
v -0.097120 -0.058226 -0.080103
v -0.099889 -0.059885 -0.063565
v -0.102469 -0.061432 -0.048123
v -0.099859 -0.053390 -0.080103
v -0.102706 -0.054912 -0.063565
v -0.105359 -0.056330 -0.048123
v -0.102358 -0.048426 -0.080103
v -0.105276 -0.049806 -0.063565
v -0.107995 -0.051092 -0.048123
v -0.083893 -0.050298 -0.144299
v -0.087523 -0.052474 -0.129115
v -0.090942 -0.054523 -0.113307
v -0.086259 -0.046121 -0.144299
v -0.089991 -0.048116 -0.129115
v -0.093507 -0.049995 -0.113307
v -0.088418 -0.041833 -0.144299
v -0.092244 -0.043642 -0.129115
v -0.095847 -0.045347 -0.113307
v -0.074002 -0.026493 0.159868
v -0.067551 -0.024185 0.208208
v -0.060427 -0.021636 0.262915
v -0.075212 -0.022830 0.159868
v -0.068656 -0.020841 0.208208
v -0.061415 -0.018645 0.262915
v -0.076241 -0.019112 0.159868
v -0.069595 -0.017447 0.208208
v -0.062255 -0.015609 0.262915
v -0.089341 -0.031982 0.065275
v -0.086837 -0.031086 0.076413
v -0.083648 -0.029944 0.093960
v -0.090802 -0.027559 0.065275
v -0.088257 -0.026787 0.076413
v -0.085016 -0.025804 0.093960
v -0.092045 -0.023071 0.065275
v -0.089465 -0.022424 0.076413
v -0.086179 -0.021601 0.093960
v -0.106610 -0.038160 -0.080103
v -0.109649 -0.039248 -0.063565
v -0.112482 -0.040261 -0.048123
v -0.108353 -0.032883 -0.080103
v -0.111442 -0.033820 -0.063565
v -0.114321 -0.034693 -0.048123
v -0.109835 -0.027527 -0.080103
v -0.112967 -0.028311 -0.063565
v -0.115885 -0.029042 -0.048123
v -0.092091 -0.032965 -0.144299
v -0.096076 -0.034391 -0.129115
v -0.099829 -0.035734 -0.113307
v -0.093597 -0.028407 -0.144299
v -0.097647 -0.029635 -0.129115
v -0.101461 -0.030792 -0.113307
v -0.094878 -0.023780 -0.144299
v -0.098983 -0.024808 -0.129115
v -0.102849 -0.025777 -0.113307
v -0.074038 -0.026506 -0.198081
v -0.078847 -0.028227 -0.185744
v -0.083467 -0.029880 -0.172648
v -0.075249 -0.022841 -0.198081
v -0.080136 -0.024324 -0.185744
v -0.084831 -0.025748 -0.172648
v -0.076278 -0.019121 -0.198081
v -0.081233 -0.020362 -0.185744
v -0.085992 -0.021554 -0.172648
v -0.053140 -0.019028 -0.239254
v -0.058589 -0.020978 -0.230238
v -0.063897 -0.022877 -0.220355
v -0.054009 -0.016398 -0.239254
v -0.059547 -0.018078 -0.230238
v -0.064942 -0.019714 -0.220355
v -0.054748 -0.013728 -0.239254
v -0.060362 -0.015134 -0.230238
v -0.065830 -0.016504 -0.220355
v -0.030630 -0.010967 -0.266095
v -0.036206 -0.012967 -0.260844
v -0.041887 -0.015002 -0.254591
v -0.031178 -0.009472 -0.266080
v -0.036812 -0.011181 -0.260840
v -0.042574 -0.012929 -0.254591
v -0.031553 -0.007924 -0.266095
v -0.037301 -0.009360 -0.260844
v -0.043155 -0.010824 -0.254591
v -0.017401 -0.005293 -0.275055
v -0.011884 -0.003619 -0.277128
v -0.015730 -0.005440 -0.275644
v -0.020245 -0.007211 -0.273440
v -0.020889 -0.006351 -0.273322
v -0.020832 -0.005278 -0.273440
v -0.016094 -0.004242 -0.275644
v -0.077784 -0.011553 -0.198081
v -0.082836 -0.012302 -0.185744
v -0.087689 -0.013022 -0.172648
v -0.078256 -0.007722 -0.198081
v -0.083339 -0.008223 -0.185744
v -0.088222 -0.008704 -0.172648
v -0.078540 -0.003873 -0.198081
v -0.083642 -0.004124 -0.185744
v -0.088542 -0.004364 -0.172648
v -0.055828 -0.008296 -0.239254
v -0.061553 -0.009145 -0.230238
v -0.067129 -0.009972 -0.220355
v -0.056167 -0.005546 -0.239254
v -0.061927 -0.006114 -0.230238
v -0.067537 -0.006666 -0.220355
v -0.056371 -0.002784 -0.239254
v -0.062151 -0.003068 -0.230238
v -0.067782 -0.003344 -0.220355
v -0.032178 -0.004781 -0.266095
v -0.038038 -0.005655 -0.260844
v -0.044006 -0.006542 -0.254591
v -0.032424 -0.003208 -0.266080
v -0.038283 -0.003785 -0.260840
v -0.044275 -0.004375 -0.254591
v -0.032490 -0.001617 -0.266095
v -0.038407 -0.001903 -0.260844
v -0.044434 -0.002198 -0.254591
v -0.018096 -0.001797 -0.275055
v -0.012359 -0.001232 -0.277128
v -0.016486 -0.002267 -0.275644
v -0.021260 -0.003123 -0.273440
v -0.021724 -0.002154 -0.273322
v -0.021458 -0.001113 -0.273440
v -0.016609 -0.001021 -0.275644
v -0.077746 -0.011547 0.159868
v -0.070969 -0.010542 0.208208
v -0.063484 -0.009432 0.262915
v -0.078218 -0.007718 0.159868
v -0.071399 -0.007047 0.208208
v -0.063870 -0.006305 0.262915
v -0.078502 -0.003871 0.159868
v -0.071659 -0.003535 0.208208
v -0.064101 -0.003164 0.262915
v -0.093861 -0.013938 0.065275
v -0.091231 -0.013547 0.076413
v -0.087880 -0.013050 0.093960
v -0.094431 -0.009315 0.065275
v -0.091785 -0.009055 0.076413
v -0.088413 -0.008722 0.093960
v -0.094774 -0.004670 0.065275
v -0.092118 -0.004540 0.076413
v -0.088734 -0.004374 0.093960
v -0.112003 -0.016629 -0.080103
v -0.115196 -0.017102 -0.063565
v -0.118172 -0.017544 -0.048123
v -0.112683 -0.011113 -0.080103
v -0.115896 -0.011429 -0.063565
v -0.118889 -0.011724 -0.048123
v -0.113092 -0.005570 -0.080103
v -0.116317 -0.005729 -0.063565
v -0.119321 -0.005876 -0.048123
v -0.096750 -0.014366 -0.144299
v -0.100936 -0.014987 -0.129115
v -0.104879 -0.015572 -0.113307
v -0.097338 -0.009601 -0.144299
v -0.101549 -0.010016 -0.129115
v -0.105516 -0.010407 -0.113307
v -0.097691 -0.004814 -0.144299
v -0.101918 -0.005021 -0.129115
v -0.105899 -0.005217 -0.113307
v -0.094774 0.004641 0.065275
v -0.092118 0.004511 0.076413
v -0.088734 0.004345 0.093960
v -0.094431 0.009286 0.065275
v -0.091785 0.009025 0.076413
v -0.088413 0.008693 0.093960
v -0.093861 0.013908 0.065275
v -0.091231 0.013518 0.076413
v -0.087880 0.013021 0.093960
v -0.113092 0.005541 -0.080103
v -0.116317 0.005700 -0.063565
v -0.119321 0.005847 -0.048123
v -0.112683 0.011084 -0.080103
v -0.115896 0.011400 -0.063565
v -0.118889 0.011695 -0.048123
v -0.112003 0.016600 -0.080103
v -0.115196 0.017073 -0.063565
v -0.118172 0.017515 -0.048123
v -0.097691 0.004785 -0.144299
v -0.101918 0.004992 -0.129115
v -0.105899 0.005188 -0.113307
v -0.097338 0.009572 -0.144299
v -0.101549 0.009987 -0.129115
v -0.105516 0.010378 -0.113307
v -0.096750 0.014337 -0.144299
v -0.100936 0.014958 -0.129115
v -0.104879 0.015543 -0.113307
v -0.078540 0.003844 -0.198081
v -0.083642 0.004094 -0.185744
v -0.088542 0.004335 -0.172648
v -0.078256 0.007693 -0.198081
v -0.083339 0.008194 -0.185744
v -0.088222 0.008674 -0.172648
v -0.077784 0.011524 -0.198081
v -0.082836 0.012273 -0.185744
v -0.087689 0.012993 -0.172648
v -0.056371 0.002755 -0.239254
v -0.062151 0.003039 -0.230238
v -0.067782 0.003315 -0.220355
v -0.056167 0.005517 -0.239254
v -0.061927 0.006085 -0.230238
v -0.067537 0.006637 -0.220355
v -0.055828 0.008267 -0.239254
v -0.061553 0.009116 -0.230238
v -0.067129 0.009943 -0.220355
v -0.032490 0.001588 -0.266095
v -0.038407 0.001874 -0.260844
v -0.044434 0.002169 -0.254591
v -0.032424 0.003179 -0.266080
v -0.038283 0.003756 -0.260840
v -0.044275 0.004346 -0.254591
v -0.032178 0.004752 -0.266095
v -0.038038 0.005626 -0.260844
v -0.044006 0.006513 -0.254591
v -0.018096 0.001768 -0.275055
v -0.012359 0.001203 -0.277128
v -0.016609 0.000992 -0.275644
v -0.021458 0.001084 -0.273440
v -0.021724 0.002125 -0.273322
v -0.021260 0.003094 -0.273440
v -0.016486 0.002238 -0.275644
v -0.078502 0.003842 0.159868
v -0.071659 0.003506 0.208208
v -0.064101 0.003135 0.262915
v -0.078218 0.007689 0.159868
v -0.071399 0.007018 0.208208
v -0.063870 0.006276 0.262915
v -0.077746 0.011518 0.159868
v -0.070969 0.010513 0.208208
v -0.063484 0.009402 0.262915
v -0.054748 0.013699 -0.239254
v -0.060362 0.015105 -0.230238
v -0.065830 0.016475 -0.220355
v -0.054009 0.016369 -0.239254
v -0.059547 0.018049 -0.230238
v -0.064942 0.019685 -0.220355
v -0.053140 0.018999 -0.239254
v -0.058589 0.020949 -0.230238
v -0.063897 0.022848 -0.220355
v -0.031553 0.007895 -0.266095
v -0.037301 0.009331 -0.260844
v -0.043155 0.010795 -0.254591
v -0.031178 0.009443 -0.266080
v -0.036812 0.011152 -0.260840
v -0.042574 0.012900 -0.254591
v -0.030630 0.010938 -0.266095
v -0.036206 0.012938 -0.260844
v -0.041887 0.014973 -0.254591
v -0.017401 0.005264 -0.275055
v -0.011884 0.003590 -0.277128
v -0.016094 0.004213 -0.275644
v -0.020832 0.005249 -0.273440
v -0.020889 0.006322 -0.273322
v -0.020245 0.007182 -0.273440
v -0.015730 0.005411 -0.275644
v -0.076241 0.019083 0.159868
v -0.069595 0.017418 0.208209
v -0.062255 0.015580 0.262915
v -0.075212 0.022801 0.159868
v -0.068656 0.020812 0.208208
v -0.061415 0.018615 0.262915
v -0.074002 0.026464 0.159868
v -0.067551 0.024156 0.208208
v -0.060427 0.021607 0.262915
v -0.092045 0.023041 0.065275
v -0.089465 0.022395 0.076413
v -0.086179 0.021572 0.093960
v -0.090802 0.027530 0.065275
v -0.088257 0.026758 0.076413
v -0.085016 0.025775 0.093960
v -0.089341 0.031952 0.065275
v -0.086837 0.031056 0.076413
v -0.083648 0.029915 0.093960
v -0.109835 0.027498 -0.080103
v -0.112967 0.028282 -0.063565
v -0.115885 0.029013 -0.048123
v -0.108353 0.032854 -0.080103
v -0.111442 0.033791 -0.063565
v -0.114321 0.034664 -0.048123
v -0.106610 0.038131 -0.080103
v -0.109649 0.039219 -0.063565
v -0.112482 0.040232 -0.048123
v -0.094878 0.023751 -0.144299
v -0.098982 0.024779 -0.129115
v -0.102849 0.025748 -0.113307
v -0.093597 0.028378 -0.144299
v -0.097646 0.029606 -0.129115
v -0.101461 0.030763 -0.113307
v -0.092091 0.032936 -0.144299
v -0.096076 0.034362 -0.129115
v -0.099829 0.035705 -0.113307
v -0.076278 0.019092 -0.198081
v -0.081233 0.020333 -0.185744
v -0.085992 0.021525 -0.172648
v -0.075249 0.022812 -0.198081
v -0.080136 0.024295 -0.185744
v -0.084831 0.025719 -0.172648
v -0.074038 0.026477 -0.198081
v -0.078847 0.028197 -0.185744
v -0.083467 0.029850 -0.172648
v -0.102358 0.048397 -0.080103
v -0.105276 0.049777 -0.063565
v -0.107995 0.051063 -0.048123
v -0.099859 0.053361 -0.080103
v -0.102706 0.054883 -0.063565
v -0.105359 0.056301 -0.048123
v -0.097120 0.058197 -0.080103
v -0.099889 0.059856 -0.063565
v -0.102469 0.061403 -0.048123
v -0.088418 0.041804 -0.144299
v -0.092243 0.043613 -0.129115
v -0.095847 0.045318 -0.113307
v -0.086259 0.046092 -0.144299
v -0.089991 0.048087 -0.129115
v -0.093507 0.049966 -0.113307
v -0.083893 0.050269 -0.144299
v -0.087523 0.052445 -0.129115
v -0.090942 0.054494 -0.113307
v -0.071085 0.033606 -0.198081
v -0.075702 0.035790 -0.185744
v -0.080137 0.037888 -0.172648
v -0.069349 0.037054 -0.198081
v -0.073854 0.039461 -0.185744
v -0.078181 0.041774 -0.172648
v -0.067447 0.040412 -0.198081
v -0.071828 0.043038 -0.185744
v -0.076036 0.045560 -0.172648
v -0.051020 0.024116 -0.239254
v -0.056252 0.026591 -0.230238
v -0.061348 0.029001 -0.220355
v -0.049775 0.026591 -0.239254
v -0.054878 0.029319 -0.230238
v -0.059850 0.031976 -0.220355
v -0.048409 0.029001 -0.239254
v -0.053373 0.031976 -0.230238
v -0.058209 0.034874 -0.220355
v -0.029403 0.013899 -0.266095
v -0.034761 0.016428 -0.260844
v -0.040216 0.019007 -0.254591
v -0.028733 0.015344 -0.266080
v -0.033926 0.018119 -0.260840
v -0.039236 0.020958 -0.254591
v -0.027905 0.016703 -0.266095
v -0.032984 0.019753 -0.260844
v -0.038159 0.022857 -0.254591
v -0.016037 0.008557 -0.275055
v -0.010952 0.005840 -0.277128
v -0.014960 0.007272 -0.275644
v -0.019405 0.009212 -0.273440
v -0.019252 0.010276 -0.273322
v -0.018452 0.010993 -0.273440
v -0.014369 0.008376 -0.275644
v -0.071050 0.033590 0.159868
v -0.064857 0.030660 0.208208
v -0.058017 0.027425 0.262915
v -0.069316 0.037035 0.159868
v -0.063273 0.033806 0.208208
v -0.056601 0.030239 0.262915
v -0.067414 0.040392 0.159868
v -0.061538 0.036870 0.208208
v -0.055048 0.032980 0.262915
v -0.085778 0.040555 0.065275
v -0.083374 0.039418 0.076413
v -0.080312 0.037970 0.093960
v -0.083684 0.044715 0.065275
v -0.081338 0.043462 0.076413
v -0.078351 0.041865 0.093960
v -0.081388 0.048768 0.065275
v -0.079107 0.047400 0.076413
v -0.076202 0.045659 0.093960
v -0.026124 0.019368 -0.266095
v -0.030885 0.022894 -0.260844
v -0.035733 0.026487 -0.254591
v -0.025185 0.020654 -0.266080
v -0.029737 0.024390 -0.260840
v -0.034391 0.028209 -0.254591
v -0.024107 0.021826 -0.266095
v -0.028493 0.025808 -0.260844
v -0.032963 0.029861 -0.254591
v -0.014056 0.011521 -0.275055
v -0.009600 0.007864 -0.277128
v -0.013251 0.010050 -0.275644
v -0.017232 0.012821 -0.273440
v -0.016874 0.013834 -0.273322
v -0.015950 0.014382 -0.273440
v -0.012456 0.011018 -0.275644
v -0.063129 0.046805 0.159868
v -0.057626 0.042724 0.208208
v -0.051549 0.038217 0.262915
v -0.060756 0.049846 0.159868
v -0.055460 0.045500 0.208208
v -0.049611 0.040700 0.262915
v -0.058236 0.052767 0.159868
v -0.053160 0.048166 0.208208
v -0.047553 0.043085 0.262915
v -0.076215 0.056510 0.065275
v -0.074079 0.054926 0.076413
v -0.071358 0.052908 0.093960
v -0.073350 0.060182 0.065275
v -0.071294 0.058495 0.076413
v -0.068675 0.056346 0.093960
v -0.070308 0.063708 0.065275
v -0.068337 0.061922 0.076413
v -0.065827 0.059647 0.093960
v -0.090946 0.067436 -0.080103
v -0.093539 0.069359 -0.063565
v -0.095955 0.071151 -0.048123
v -0.087527 0.071817 -0.080103
v -0.090022 0.073865 -0.063565
v -0.092348 0.075773 -0.048123
v -0.083897 0.076025 -0.080103
v -0.086289 0.078193 -0.063565
v -0.088518 0.080213 -0.048123
v -0.078561 0.058250 -0.144299
v -0.081960 0.060771 -0.129115
v -0.085161 0.063145 -0.113307
v -0.075607 0.062034 -0.144299
v -0.078878 0.064719 -0.129115
v -0.081960 0.067248 -0.113307
v -0.072471 0.065670 -0.144299
v -0.075607 0.068511 -0.129115
v -0.078561 0.071189 -0.113307
v -0.063160 0.046828 -0.198081
v -0.067262 0.049871 -0.185744
v -0.071203 0.052793 -0.172648
v -0.060785 0.049871 -0.198081
v -0.064733 0.053111 -0.185744
v -0.068526 0.056223 -0.172648
v -0.058264 0.052793 -0.198081
v -0.062049 0.056223 -0.185744
v -0.065684 0.059518 -0.172648
v -0.045332 0.033606 -0.239254
v -0.049980 0.037054 -0.230238
v -0.054509 0.040412 -0.220355
v -0.043628 0.035790 -0.239254
v -0.048101 0.039461 -0.230238
v -0.052459 0.043038 -0.220355
v -0.041819 0.037888 -0.239254
v -0.046107 0.041774 -0.230238
v -0.050284 0.045560 -0.220355
v -0.076040 0.083882 -0.080103
v -0.078208 0.086274 -0.063565
v -0.080228 0.088503 -0.048123
v -0.071831 0.087512 -0.080103
v -0.073879 0.090008 -0.063565
v -0.075788 0.092333 -0.048123
v -0.067450 0.090932 -0.080103
v -0.069373 0.093524 -0.063565
v -0.071165 0.095941 -0.048123
v -0.065684 0.072457 -0.144299
v -0.068526 0.075592 -0.129115
v -0.071203 0.078546 -0.113307
v -0.062049 0.075592 -0.144299
v -0.064733 0.078864 -0.129115
v -0.067262 0.081945 -0.113307
v -0.058264 0.078546 -0.144299
v -0.060785 0.081945 -0.129115
v -0.063160 0.085147 -0.113307
v -0.052808 0.058250 -0.198081
v -0.056238 0.062034 -0.185744
v -0.059533 0.065670 -0.172648
v -0.049885 0.060771 -0.198081
v -0.053125 0.064719 -0.185744
v -0.056238 0.068511 -0.172648
v -0.046843 0.063145 -0.198081
v -0.049885 0.067248 -0.185744
v -0.052808 0.071189 -0.172648
v -0.037902 0.041804 -0.239254
v -0.041789 0.046092 -0.230238
v -0.045574 0.050269 -0.220355
v -0.035805 0.043613 -0.239254
v -0.039476 0.048087 -0.230238
v -0.043052 0.052445 -0.220355
v -0.033621 0.045318 -0.239254
v -0.037068 0.049966 -0.230238
v -0.040426 0.054494 -0.220355
v -0.021841 0.024092 -0.266095
v -0.025822 0.028479 -0.260844
v -0.029876 0.032949 -0.254591
v -0.020669 0.025170 -0.266080
v -0.024404 0.029722 -0.260840
v -0.028224 0.034376 -0.254591
v -0.019383 0.026109 -0.266095
v -0.022908 0.030870 -0.260844
v -0.026502 0.035718 -0.254591
v -0.011536 0.014042 -0.275055
v -0.007878 0.009585 -0.277128
v -0.011033 0.012442 -0.275644
v -0.014396 0.015936 -0.273440
v -0.013848 0.016860 -0.273322
v -0.012835 0.017217 -0.273440
v -0.010065 0.013236 -0.275644
v -0.052782 0.058221 0.159868
v -0.048181 0.053145 0.208208
v -0.043100 0.047539 0.262915
v -0.049861 0.060741 0.159868
v -0.045514 0.055445 0.208208
v -0.040714 0.049596 0.262915
v -0.046820 0.063114 0.159868
v -0.042738 0.057611 0.208208
v -0.038231 0.051534 0.262915
v -0.063723 0.070293 0.065275
v -0.061937 0.068322 0.076413
v -0.059662 0.065812 0.093960
v -0.060196 0.073335 0.065275
v -0.058509 0.071279 0.076413
v -0.056360 0.068660 0.093960
v -0.056525 0.076200 0.065275
v -0.054941 0.074064 0.076413
v -0.052923 0.071343 0.093960
v -0.016718 0.027890 -0.266095
v -0.019768 0.032969 -0.260844
v -0.022871 0.038144 -0.254591
v -0.015358 0.028719 -0.266080
v -0.018134 0.033912 -0.260840
v -0.020972 0.039222 -0.254591
v -0.013914 0.029389 -0.266095
v -0.016443 0.034746 -0.260844
v -0.019021 0.040202 -0.254591
v -0.008572 0.016022 -0.275055
v -0.005854 0.010938 -0.277128
v -0.008391 0.014355 -0.275644
v -0.011008 0.018438 -0.273440
v -0.010290 0.019237 -0.273322
v -0.009227 0.019390 -0.273440
v -0.007286 0.014945 -0.275644
v -0.040406 0.067400 0.159868
v -0.036884 0.061523 0.208208
v -0.032994 0.055033 0.262915
v -0.037050 0.069301 0.159868
v -0.033820 0.063259 0.208208
v -0.030254 0.056586 0.262915
v -0.033604 0.071036 0.159868
v -0.030675 0.064842 0.208208
v -0.027440 0.058002 0.262915
v -0.048782 0.081374 0.065275
v -0.047415 0.079092 0.076413
v -0.045674 0.076187 0.093960
v -0.044730 0.083669 0.065275
v -0.043476 0.081324 0.076413
v -0.041879 0.078336 0.093960
v -0.040570 0.085763 0.065275
v -0.039433 0.083359 0.076413
v -0.037984 0.080297 0.093960
v -0.058211 0.097105 -0.080103
v -0.059871 0.099874 -0.063565
v -0.061417 0.102454 -0.048123
v -0.053375 0.099844 -0.080103
v -0.054897 0.102691 -0.063565
v -0.056315 0.105344 -0.048123
v -0.048411 0.102343 -0.080103
v -0.049792 0.105261 -0.063565
v -0.051078 0.107980 -0.048123
v -0.050284 0.083879 -0.144299
v -0.052459 0.087508 -0.129115
v -0.054509 0.090928 -0.113307
v -0.046107 0.086245 -0.144299
v -0.048101 0.089977 -0.129115
v -0.049980 0.093493 -0.113307
v -0.041819 0.088403 -0.144299
v -0.043628 0.092229 -0.129115
v -0.045332 0.095832 -0.113307
v -0.040426 0.067433 -0.198081
v -0.043052 0.071814 -0.185744
v -0.045574 0.076022 -0.172648
v -0.037068 0.069335 -0.198081
v -0.039476 0.073840 -0.185744
v -0.041789 0.078166 -0.172648
v -0.033621 0.071070 -0.198081
v -0.035805 0.075688 -0.185744
v -0.037902 0.080123 -0.172648
v -0.029016 0.048395 -0.239254
v -0.031991 0.053359 -0.230238
v -0.034889 0.058194 -0.220355
v -0.026605 0.049760 -0.239254
v -0.029333 0.054864 -0.230238
v -0.031991 0.059836 -0.220355
v -0.024131 0.051006 -0.239254
v -0.026605 0.056237 -0.230238
v -0.029016 0.061334 -0.220355
v -0.032951 0.092077 -0.144299
v -0.034376 0.096061 -0.129115
v -0.035719 0.099814 -0.113307
v -0.028392 0.093582 -0.144299
v -0.029621 0.097632 -0.129115
v -0.030778 0.101447 -0.113307
v -0.023766 0.094863 -0.144299
v -0.024794 0.098968 -0.129115
v -0.025762 0.102835 -0.113307
v -0.026491 0.074024 -0.198081
v -0.028212 0.078833 -0.185744
v -0.029865 0.083452 -0.172648
v -0.022826 0.075234 -0.198081
v -0.024309 0.080122 -0.185744
v -0.025733 0.084817 -0.172648
v -0.019107 0.076264 -0.198081
v -0.020348 0.081218 -0.185744
v -0.021540 0.085978 -0.172648
v -0.019014 0.053125 -0.239254
v -0.020963 0.058574 -0.230238
v -0.022863 0.063882 -0.220355
v -0.016383 0.053994 -0.239254
v -0.018063 0.059532 -0.230238
v -0.019700 0.064927 -0.220355
v -0.013714 0.054733 -0.239254
v -0.015120 0.060347 -0.230238
v -0.016490 0.065816 -0.220355
v -0.010953 0.030615 -0.266095
v -0.012953 0.036192 -0.260844
v -0.014987 0.041873 -0.254591
v -0.009457 0.031163 -0.266080
v -0.011167 0.036798 -0.260840
v -0.012915 0.042559 -0.254591
v -0.007910 0.031538 -0.266095
v -0.009345 0.037286 -0.260844
v -0.010810 0.043140 -0.254591
v -0.005278 0.017386 -0.275055
v -0.003605 0.011869 -0.277128
v -0.005426 0.015716 -0.275644
v -0.007197 0.020231 -0.273440
v -0.006337 0.020875 -0.273322
v -0.005264 0.020817 -0.273440
v -0.004228 0.016079 -0.275644
v -0.026478 0.073987 0.159868
v -0.024170 0.067537 0.208208
v -0.021621 0.060413 0.262915
v -0.022815 0.075197 0.159868
v -0.020826 0.068641 0.208208
v -0.018630 0.061401 0.262915
v -0.019097 0.076226 0.159868
v -0.017433 0.069580 0.208208
v -0.015594 0.062241 0.262915
v -0.031967 0.089327 0.065275
v -0.031071 0.086823 0.076413
v -0.029930 0.083633 0.093960
v -0.027544 0.090787 0.065275
v -0.026772 0.088243 0.076413
v -0.025789 0.085001 0.093960
v -0.023056 0.092030 0.065275
v -0.022410 0.089450 0.076413
v -0.021587 0.086164 0.093960
v -0.038146 0.106595 -0.080103
v -0.039233 0.109635 -0.063565
v -0.040247 0.112467 -0.048123
v -0.032869 0.108338 -0.080103
v -0.033806 0.111427 -0.063565
v -0.034679 0.114306 -0.048123
v -0.027512 0.109821 -0.080103
v -0.028297 0.112952 -0.063565
v -0.029028 0.115870 -0.048123
v -0.001782 0.018082 -0.275055
v -0.001217 0.012344 -0.277128
v -0.002253 0.016472 -0.275644
v -0.003109 0.021246 -0.273440
v -0.002140 0.021710 -0.273322
v -0.001099 0.021444 -0.273440
v -0.001007 0.016595 -0.275644
v -0.011532 0.077731 0.159868
v -0.010527 0.070954 0.208208
v -0.009417 0.063470 0.262915
v -0.007704 0.078203 0.159868
v -0.007032 0.071385 0.208208
v -0.006291 0.063855 0.262915
v -0.003856 0.078487 0.159868
v -0.003520 0.071644 0.208208
v -0.003149 0.064087 0.262915
v -0.013923 0.093846 0.065275
v -0.013533 0.091216 0.076413
v -0.013036 0.087865 0.093960
v -0.009301 0.094416 0.065275
v -0.009040 0.091770 0.076413
v -0.008708 0.088399 0.093960
v -0.004656 0.094759 0.065275
v -0.004525 0.092103 0.076413
v -0.004359 0.088720 0.093960
v -0.016614 0.111988 -0.080103
v -0.017088 0.115182 -0.063565
v -0.017529 0.118157 -0.048123
v -0.011098 0.112669 -0.080103
v -0.011415 0.115881 -0.063565
v -0.011710 0.118875 -0.048123
v -0.005556 0.113078 -0.080103
v -0.005714 0.116302 -0.063565
v -0.005862 0.119306 -0.048123
v -0.014352 0.096735 -0.144299
v -0.014972 0.100921 -0.129115
v -0.015557 0.104865 -0.113307
v -0.009587 0.097323 -0.144299
v -0.010002 0.101534 -0.129115
v -0.010392 0.105501 -0.113307
v -0.004799 0.097676 -0.144299
v -0.005007 0.101903 -0.129115
v -0.005202 0.105884 -0.113307
v -0.011538 0.077769 -0.198081
v -0.012288 0.082822 -0.185744
v -0.013007 0.087675 -0.172648
v -0.007708 0.078241 -0.198081
v -0.008208 0.083324 -0.185744
v -0.008689 0.088207 -0.172648
v -0.003858 0.078525 -0.198081
v -0.004109 0.083627 -0.185744
v -0.004350 0.088527 -0.172648
v -0.008281 0.055814 -0.239254
v -0.009130 0.061538 -0.230238
v -0.009958 0.067115 -0.220355
v -0.005532 0.056153 -0.239254
v -0.006099 0.061912 -0.230238
v -0.006652 0.067522 -0.220355
v -0.002769 0.056357 -0.239254
v -0.003053 0.062137 -0.230238
v -0.003330 0.067767 -0.220355
v -0.004767 0.032164 -0.266095
v -0.005640 0.038023 -0.260844
v -0.006527 0.043992 -0.254591
v -0.003193 0.032409 -0.266080
v -0.003771 0.038269 -0.260840
v -0.004361 0.044261 -0.254591
v -0.001602 0.032475 -0.266095
v -0.001889 0.038393 -0.260844
v -0.002183 0.044420 -0.254591
v -0.018315 0.123455 -0.023562
v -0.018587 0.125289 -0.014557
v -0.018682 0.125930 -0.006881
v -0.012235 0.124205 -0.023562
v -0.012416 0.126050 -0.014557
v -0.012480 0.126695 -0.006881
v -0.006125 0.124656 -0.023562
v -0.006216 0.126508 -0.014557
v -0.006247 0.127155 -0.006881
v -0.018071 0.121812 0.007194
v -0.017413 0.117371 0.014278
v -0.016671 0.112370 0.021404
v -0.012072 0.122552 0.007194
v -0.011632 0.118084 0.014278
v -0.011136 0.113052 0.021404
v -0.006043 0.122997 0.007194
v -0.005823 0.118513 0.014278
v -0.005575 0.113463 0.021404
v -0.015401 0.103811 0.035706
v -0.014955 0.100801 0.042882
v -0.014587 0.098325 0.050101
v -0.010288 0.104442 0.035706
v -0.009990 0.101413 0.042882
v -0.009744 0.098923 0.050101
v -0.005150 0.104821 0.035706
v -0.005001 0.101781 0.042882
v -0.004878 0.099282 0.050101
v -0.042051 0.117509 -0.023562
v -0.042676 0.119256 -0.014557
v -0.042894 0.119865 -0.006881
v -0.036234 0.119431 -0.023562
v -0.036772 0.121206 -0.014557
v -0.036960 0.121826 -0.006881
v -0.030329 0.121065 -0.023562
v -0.030780 0.122864 -0.014557
v -0.030937 0.123493 -0.006881
v -0.041492 0.115946 0.007194
v -0.039979 0.111718 0.014278
v -0.038275 0.106958 0.021404
v -0.035752 0.117842 0.007194
v -0.034448 0.113545 0.014278
v -0.032980 0.108707 0.021404
v -0.029926 0.119455 0.007194
v -0.028835 0.115099 0.014278
v -0.027606 0.110194 0.021404
v -0.035361 0.098811 0.035706
v -0.034335 0.095946 0.042882
v -0.033492 0.093590 0.050101
v -0.030469 0.100427 0.035706
v -0.029585 0.097515 0.042882
v -0.028859 0.095120 0.050101
v -0.025504 0.101802 0.035706
v -0.024764 0.098850 0.042882
v -0.024156 0.096422 0.050101
v -0.064171 0.107048 -0.023562
v -0.065124 0.108638 -0.014557
v -0.065457 0.109194 -0.006881
v -0.058840 0.110067 -0.023562
v -0.059714 0.111703 -0.014557
v -0.060019 0.112274 -0.006881
v -0.053368 0.112822 -0.023562
v -0.054161 0.114498 -0.014557
v -0.054438 0.115084 -0.006881
v -0.063317 0.105623 0.007194
v -0.061009 0.101772 0.014278
v -0.058409 0.097435 0.021404
v -0.058057 0.108603 0.007194
v -0.055941 0.104643 0.014278
v -0.053557 0.100184 0.021404
v -0.052658 0.111321 0.007194
v -0.050738 0.107262 0.014278
v -0.048576 0.102691 0.021404
v -0.053961 0.090014 0.035706
v -0.052397 0.087404 0.042882
v -0.051110 0.085257 0.050101
v -0.049479 0.092553 0.035706
v -0.048044 0.089870 0.042882
v -0.046864 0.087662 0.050101
v -0.044877 0.094870 0.035706
v -0.043576 0.092119 0.042882
v -0.042506 0.089856 0.050101
v -0.083825 0.092471 -0.023562
v -0.085070 0.093845 -0.014557
v -0.085505 0.094325 -0.006881
v -0.079185 0.096473 -0.023562
v -0.080362 0.097906 -0.014557
v -0.080773 0.098407 -0.006881
v -0.074356 0.100242 -0.023562
v -0.075460 0.101732 -0.014557
v -0.075846 0.102252 -0.006881
v -0.082709 0.091241 0.007194
v -0.079694 0.087914 0.014278
v -0.076298 0.084168 0.021404
v -0.078132 0.095189 0.007194
v -0.075283 0.091718 0.014278
v -0.072076 0.087810 0.021404
v -0.073366 0.098909 0.007194
v -0.070692 0.095302 0.014278
v -0.067680 0.091241 0.021404
v -0.070488 0.077757 0.035706
v -0.068444 0.075502 0.042882
v -0.066764 0.073648 0.050101
v -0.066587 0.081122 0.035706
v -0.064657 0.078770 0.042882
v -0.063069 0.076835 0.050101
v -0.062526 0.084292 0.035706
v -0.060713 0.081847 0.042882
v -0.059222 0.079837 0.050101
v -0.100257 0.074341 -0.023562
v -0.101747 0.075446 -0.014557
v -0.102267 0.075831 -0.006881
v -0.096488 0.079171 -0.023562
v -0.097921 0.080347 -0.014557
v -0.098422 0.080758 -0.006881
v -0.092486 0.083810 -0.023562
v -0.093860 0.085055 -0.014557
v -0.094340 0.085490 -0.006881
v -0.098923 0.073352 0.007194
v -0.095317 0.070677 0.014278
v -0.091256 0.067665 0.021404
v -0.095204 0.078117 0.007194
v -0.091733 0.075269 0.014278
v -0.087825 0.072061 0.021404
v -0.091256 0.082695 0.007194
v -0.087929 0.079679 0.014278
v -0.084182 0.076284 0.021404
v -0.084306 0.062511 0.035706
v -0.081862 0.060698 0.042882
v -0.079852 0.059208 0.050101
v -0.081136 0.066572 0.035706
v -0.078784 0.064642 0.042882
v -0.076850 0.063054 0.050101
v -0.077771 0.070473 0.035706
v -0.075517 0.068430 0.042882
v -0.073663 0.066749 0.050101
v -0.112837 0.053353 -0.023562
v -0.114513 0.054146 -0.014557
v -0.115099 0.054423 -0.006881
v -0.110082 0.058825 -0.023562
v -0.111717 0.059700 -0.014557
v -0.112289 0.060005 -0.006881
v -0.107062 0.064156 -0.023562
v -0.108653 0.065109 -0.014557
v -0.109208 0.065442 -0.006881
v -0.111335 0.052643 0.007194
v -0.107276 0.050723 0.014278
v -0.102706 0.048562 0.021404
v -0.108617 0.058043 0.007194
v -0.104657 0.055926 0.014278
v -0.100198 0.053543 0.021404
v -0.105638 0.063302 0.007194
v -0.101787 0.060994 0.014278
v -0.097450 0.058395 0.021404
v -0.094884 0.044862 0.035706
v -0.092134 0.043561 0.042882
v -0.089871 0.042491 0.050101
v -0.092568 0.049464 0.035706
v -0.089884 0.048030 0.042882
v -0.087677 0.046850 0.050101
v -0.090029 0.053947 0.035706
v -0.087419 0.052382 0.042882
v -0.085272 0.051096 0.050101
v -0.121080 0.030314 -0.023562
v -0.122879 0.030765 -0.014557
v -0.123507 0.030922 -0.006881
v -0.119446 0.036219 -0.023562
v -0.121220 0.036757 -0.014557
v -0.121840 0.036945 -0.006881
v -0.117524 0.042036 -0.023562
v -0.119270 0.042661 -0.014557
v -0.119880 0.042879 -0.006881
v -0.119469 0.029911 0.007194
v -0.115114 0.028820 0.014278
v -0.110209 0.027591 0.021404
v -0.117857 0.035737 0.007194
v -0.113560 0.034433 0.014278
v -0.108722 0.032966 0.021404
v -0.115961 0.041477 0.007194
v -0.111733 0.039964 0.014278
v -0.106972 0.038261 0.021404
v -0.101816 0.025489 0.035706
v -0.098864 0.024750 0.042882
v -0.096437 0.024141 0.050101
v -0.100442 0.030454 0.035706
v -0.097530 0.029571 0.042882
v -0.095135 0.028844 0.050101
v -0.098826 0.035346 0.035706
v -0.095961 0.034321 0.042882
v -0.093605 0.033478 0.050101
v -0.124670 0.006110 -0.023562
v -0.126523 0.006201 -0.014557
v -0.127170 0.006233 -0.006881
v -0.124219 0.012220 -0.023562
v -0.126065 0.012402 -0.014557
v -0.126710 0.012465 -0.006881
v -0.123470 0.018301 -0.023562
v -0.125304 0.018573 -0.014557
v -0.125945 0.018668 -0.006881
v -0.123012 0.006029 0.007194
v -0.118527 0.005808 0.014278
v -0.113477 0.005560 0.021404
v -0.122567 0.012057 0.007194
v -0.118099 0.011617 0.014278
v -0.113067 0.011122 0.021404
v -0.121827 0.018057 0.007194
v -0.117386 0.017398 0.014278
v -0.112384 0.016656 0.021404
v -0.104835 0.005136 0.035706
v -0.101796 0.004986 0.042882
v -0.099296 0.004863 0.050101
v -0.104456 0.010273 0.035706
v -0.101428 0.009975 0.042882
v -0.098937 0.009730 0.050101
v -0.103826 0.015386 0.035706
v -0.100816 0.014940 0.042882
v -0.098340 0.014573 0.050101
v -0.123470 -0.018330 -0.023562
v -0.125304 -0.018602 -0.014557
v -0.125945 -0.018697 -0.006881
v -0.124219 -0.012249 -0.023562
v -0.126065 -0.012431 -0.014557
v -0.126710 -0.012494 -0.006881
v -0.124670 -0.006139 -0.023562
v -0.126523 -0.006230 -0.014557
v -0.127170 -0.006262 -0.006881
v -0.121827 -0.018086 0.007194
v -0.117386 -0.017427 0.014278
v -0.112384 -0.016685 0.021404
v -0.122567 -0.012086 0.007194
v -0.118099 -0.011646 0.014278
v -0.113067 -0.011151 0.021404
v -0.123012 -0.006058 0.007194
v -0.118527 -0.005837 0.014278
v -0.113477 -0.005589 0.021404
v -0.103826 -0.015416 0.035706
v -0.100816 -0.014969 0.042882
v -0.098340 -0.014602 0.050101
v -0.104456 -0.010303 0.035706
v -0.101428 -0.010004 0.042882
v -0.098937 -0.009759 0.050101
v -0.104835 -0.005165 0.035706
v -0.101796 -0.005015 0.042882
v -0.099296 -0.004893 0.050101
v -0.117524 -0.042065 -0.023562
v -0.119270 -0.042690 -0.014557
v -0.119880 -0.042908 -0.006881
v -0.119446 -0.036248 -0.023562
v -0.121220 -0.036786 -0.014557
v -0.121840 -0.036974 -0.006881
v -0.121080 -0.030344 -0.023562
v -0.122879 -0.030794 -0.014557
v -0.123507 -0.030952 -0.006881
v -0.115961 -0.041506 0.007194
v -0.111733 -0.039993 0.014278
v -0.106973 -0.038290 0.021404
v -0.117857 -0.035766 0.007194
v -0.113560 -0.034463 0.014278
v -0.108722 -0.032995 0.021404
v -0.119469 -0.029940 0.007194
v -0.115114 -0.028849 0.014278
v -0.110209 -0.027621 0.021404
v -0.098826 -0.035375 0.035706
v -0.095961 -0.034350 0.042882
v -0.093605 -0.033507 0.050101
v -0.100442 -0.030483 0.035706
v -0.097530 -0.029600 0.042882
v -0.095135 -0.028874 0.050101
v -0.101816 -0.025518 0.035706
v -0.098864 -0.024779 0.042882
v -0.096437 -0.024171 0.050101
v -0.107062 -0.064185 -0.023562
v -0.108653 -0.065139 -0.014557
v -0.109208 -0.065472 -0.006881
v -0.110082 -0.058855 -0.023562
v -0.111717 -0.059729 -0.014557
v -0.112289 -0.060034 -0.006881
v -0.112837 -0.053382 -0.023562
v -0.114513 -0.054175 -0.014557
v -0.115099 -0.054452 -0.006881
v -0.105638 -0.063332 0.007194
v -0.101787 -0.061023 0.014278
v -0.097450 -0.058424 0.021404
v -0.108617 -0.058072 0.007194
v -0.104657 -0.055955 0.014278
v -0.100198 -0.053572 0.021404
v -0.111335 -0.052672 0.007194
v -0.107276 -0.050753 0.014278
v -0.102706 -0.048591 0.021404
v -0.090029 -0.053976 0.035706
v -0.087419 -0.052411 0.042882
v -0.085272 -0.051125 0.050101
v -0.092568 -0.049493 0.035706
v -0.089884 -0.048059 0.042882
v -0.087677 -0.046879 0.050101
v -0.094884 -0.044892 0.035706
v -0.092134 -0.043591 0.042882
v -0.089871 -0.042521 0.050101
v -0.092486 -0.083839 -0.023562
v -0.093860 -0.085085 -0.014557
v -0.094340 -0.085520 -0.006881
v -0.096488 -0.079200 -0.023562
v -0.097921 -0.080376 -0.014557
v -0.098422 -0.080787 -0.006881
v -0.100257 -0.074370 -0.023562
v -0.101747 -0.075475 -0.014557
v -0.102267 -0.075861 -0.006881
v -0.091256 -0.082724 0.007194
v -0.087929 -0.079709 0.014278
v -0.084182 -0.076313 0.021404
v -0.095204 -0.078147 0.007194
v -0.091733 -0.075298 0.014278
v -0.087825 -0.072091 0.021404
v -0.098923 -0.073381 0.007194
v -0.095317 -0.070706 0.014278
v -0.091256 -0.067695 0.021404
v -0.077771 -0.070503 0.035706
v -0.075517 -0.068459 0.042882
v -0.073663 -0.066778 0.050101
v -0.081136 -0.066602 0.035706
v -0.078784 -0.064671 0.042882
v -0.076850 -0.063083 0.050101
v -0.084306 -0.062540 0.035706
v -0.081862 -0.060728 0.042882
v -0.079852 -0.059237 0.050101
v -0.074356 -0.100272 -0.023562
v -0.075460 -0.101761 -0.014557
v -0.075846 -0.102281 -0.006881
v -0.079185 -0.096502 -0.023562
v -0.080362 -0.097936 -0.014557
v -0.080773 -0.098436 -0.006881
v -0.083825 -0.092501 -0.023562
v -0.085070 -0.093875 -0.014557
v -0.085505 -0.094355 -0.006881
v -0.073366 -0.098938 0.007194
v -0.070692 -0.095331 0.014278
v -0.067680 -0.091270 0.021404
v -0.078132 -0.095219 0.007194
v -0.075283 -0.091748 0.014278
v -0.072076 -0.087839 0.021404
v -0.082709 -0.091270 0.007194
v -0.079694 -0.087943 0.014278
v -0.076298 -0.084197 0.021404
v -0.062526 -0.084321 0.035706
v -0.060713 -0.081877 0.042882
v -0.059222 -0.079866 0.050101
v -0.066587 -0.081151 0.035706
v -0.064656 -0.078799 0.042882
v -0.063069 -0.076864 0.050101
v -0.070488 -0.077786 0.035706
v -0.068444 -0.075532 0.042882
v -0.066764 -0.073677 0.050101
v -0.053368 -0.112851 -0.023562
v -0.054161 -0.114528 -0.014557
v -0.054438 -0.115113 -0.006881
v -0.058840 -0.110097 -0.023562
v -0.059714 -0.111732 -0.014557
v -0.060019 -0.112303 -0.006881
v -0.064171 -0.107077 -0.023562
v -0.065124 -0.108668 -0.014557
v -0.065457 -0.109223 -0.006881
v -0.052658 -0.111350 0.007194
v -0.050738 -0.107291 0.014278
v -0.048576 -0.102720 0.021404
v -0.058057 -0.108632 0.007194
v -0.055941 -0.104672 0.014278
v -0.053557 -0.100213 0.021404
v -0.063317 -0.105653 0.007194
v -0.061009 -0.101801 0.014278
v -0.058409 -0.097465 0.021404
v -0.044877 -0.094899 0.035706
v -0.043576 -0.092148 0.042882
v -0.042506 -0.089886 0.050101
v -0.049479 -0.092582 0.035706
v -0.048044 -0.089899 0.042882
v -0.046864 -0.087692 0.050101
v -0.053961 -0.090043 0.035706
v -0.052397 -0.087433 0.042882
v -0.051110 -0.085287 0.050101
v -0.030329 -0.121095 -0.023562
v -0.030780 -0.122894 -0.014557
v -0.030937 -0.123522 -0.006881
v -0.036234 -0.119460 -0.023562
v -0.036772 -0.121235 -0.014557
v -0.036960 -0.121855 -0.006881
v -0.042051 -0.117539 -0.023562
v -0.042676 -0.119285 -0.014557
v -0.042894 -0.119895 -0.006881
v -0.029926 -0.119484 0.007194
v -0.028835 -0.115128 0.014278
v -0.027606 -0.110224 0.021404
v -0.035752 -0.117871 0.007194
v -0.034448 -0.113575 0.014278
v -0.032980 -0.108736 0.021404
v -0.041492 -0.115975 0.007194
v -0.039979 -0.111748 0.014278
v -0.038275 -0.106987 0.021404
v -0.025504 -0.101831 0.035706
v -0.024764 -0.098879 0.042882
v -0.024156 -0.096451 0.050101
v -0.030469 -0.100457 0.035706
v -0.029585 -0.097545 0.042882
v -0.028859 -0.095150 0.050101
v -0.035361 -0.098841 0.035706
v -0.034335 -0.095976 0.042882
v -0.033492 -0.093619 0.050101
v -0.006125 -0.124685 -0.023562
v -0.006216 -0.126537 -0.014557
v -0.006247 -0.127184 -0.006881
v -0.012235 -0.124234 -0.023562
v -0.012416 -0.126080 -0.014557
v -0.012480 -0.126724 -0.006881
v -0.018315 -0.123484 -0.023562
v -0.018587 -0.125319 -0.014557
v -0.018682 -0.125960 -0.006881
v -0.006043 -0.123027 0.007194
v -0.005823 -0.118542 0.014278
v -0.005575 -0.113492 0.021404
v -0.012072 -0.122582 0.007194
v -0.011632 -0.118113 0.014278
v -0.011136 -0.113081 0.021404
v -0.018071 -0.121842 0.007194
v -0.017413 -0.117400 0.014278
v -0.016671 -0.112399 0.021404
v -0.005150 -0.104850 0.035706
v -0.005001 -0.101811 0.042882
v -0.004878 -0.099311 0.050101
v -0.010288 -0.104471 0.035706
v -0.009990 -0.101442 0.042882
v -0.009744 -0.098952 0.050101
v -0.015401 -0.103840 0.035706
v -0.014955 -0.100830 0.042882
v -0.014587 -0.098355 0.050101
v 0.018315 -0.123485 -0.023562
v 0.018587 -0.125319 -0.014557
v 0.018682 -0.125960 -0.006881
v 0.012235 -0.124234 -0.023562
v 0.012416 -0.126080 -0.014557
v 0.012480 -0.126724 -0.006881
v 0.006125 -0.124685 -0.023562
v 0.006216 -0.126537 -0.014557
v 0.006247 -0.127184 -0.006881
v 0.018071 -0.121842 0.007194
v 0.017413 -0.117400 0.014278
v 0.016671 -0.112399 0.021404
v 0.012072 -0.122582 0.007194
v 0.011632 -0.118113 0.014278
v 0.011136 -0.113081 0.021404
v 0.006043 -0.123027 0.007194
v 0.005823 -0.118542 0.014278
v 0.005575 -0.113492 0.021404
v 0.015401 -0.103840 0.035706
v 0.014955 -0.100830 0.042882
v 0.014587 -0.098355 0.050101
v 0.010288 -0.104471 0.035706
v 0.009990 -0.101442 0.042882
v 0.009744 -0.098952 0.050101
v 0.005150 -0.104850 0.035706
v 0.005001 -0.101811 0.042882
v 0.004878 -0.099311 0.050101
v 0.042051 -0.117539 -0.023562
v 0.042676 -0.119285 -0.014557
v 0.042894 -0.119895 -0.006881
v 0.036234 -0.119461 -0.023562
v 0.036772 -0.121235 -0.014557
v 0.036960 -0.121855 -0.006881
v 0.030329 -0.121095 -0.023562
v 0.030780 -0.122894 -0.014557
v 0.030937 -0.123522 -0.006881
v 0.041492 -0.115975 0.007194
v 0.039979 -0.111748 0.014278
v 0.038275 -0.106987 0.021404
v 0.035752 -0.117872 0.007194
v 0.034448 -0.113575 0.014278
v 0.032980 -0.108736 0.021404
v 0.029926 -0.119484 0.007194
v 0.028835 -0.115128 0.014278
v 0.027606 -0.110224 0.021404
v 0.035361 -0.098841 0.035706
v 0.034335 -0.095976 0.042882
v 0.033492 -0.093619 0.050101
v 0.030469 -0.100457 0.035706
v 0.029585 -0.097545 0.042882
v 0.028859 -0.095150 0.050101
v 0.025504 -0.101831 0.035706
v 0.024764 -0.098879 0.042882
v 0.024156 -0.096451 0.050101
v 0.064171 -0.107077 -0.023562
v 0.065124 -0.108668 -0.014557
v 0.065457 -0.109223 -0.006881
v 0.058840 -0.110097 -0.023562
v 0.059714 -0.111732 -0.014557
v 0.060019 -0.112303 -0.006881
v 0.053368 -0.112851 -0.023562
v 0.054161 -0.114528 -0.014557
v 0.054438 -0.115113 -0.006881
v 0.063317 -0.105653 0.007194
v 0.061009 -0.101801 0.014278
v 0.058409 -0.097465 0.021404
v 0.058057 -0.108632 0.007194
v 0.055941 -0.104672 0.014278
v 0.053557 -0.100213 0.021404
v 0.052658 -0.111350 0.007194
v 0.050738 -0.107291 0.014278
v 0.048576 -0.102720 0.021404
v 0.053961 -0.090043 0.035706
v 0.052397 -0.087433 0.042882
v 0.051110 -0.085287 0.050101
v 0.049479 -0.092582 0.035706
v 0.048044 -0.089899 0.042882
v 0.046864 -0.087692 0.050101
v 0.044877 -0.094899 0.035706
v 0.043576 -0.092148 0.042882
v 0.042506 -0.089886 0.050101
v 0.083825 -0.092501 -0.023562
v 0.085070 -0.093875 -0.014557
v 0.085505 -0.094355 -0.006881
v 0.079185 -0.096502 -0.023562
v 0.080362 -0.097936 -0.014557
v 0.080773 -0.098436 -0.006881
v 0.074356 -0.100272 -0.023562
v 0.075460 -0.101761 -0.014557
v 0.075846 -0.102281 -0.006881
v 0.082709 -0.091270 0.007194
v 0.079694 -0.087943 0.014278
v 0.076299 -0.084197 0.021404
v 0.078132 -0.095219 0.007194
v 0.075283 -0.091748 0.014278
v 0.072076 -0.087839 0.021404
v 0.073366 -0.098938 0.007194
v 0.070692 -0.095331 0.014278
v 0.067680 -0.091270 0.021404
v 0.070488 -0.077786 0.035706
v 0.068445 -0.075532 0.042882
v 0.066764 -0.073677 0.050101
v 0.066587 -0.081151 0.035706
v 0.064657 -0.078799 0.042882
v 0.063069 -0.076864 0.050101
v 0.062526 -0.084321 0.035706
v 0.060713 -0.081877 0.042882
v 0.059222 -0.079866 0.050101
v 0.100257 -0.074370 -0.023562
v 0.101747 -0.075475 -0.014557
v 0.102267 -0.075861 -0.006881
v 0.096488 -0.079200 -0.023562
v 0.097921 -0.080377 -0.014557
v 0.098422 -0.080787 -0.006881
v 0.092486 -0.083839 -0.023562
v 0.093860 -0.085085 -0.014557
v 0.094340 -0.085520 -0.006881
v 0.098923 -0.073381 0.007194
v 0.095317 -0.070706 0.014278
v 0.091256 -0.067694 0.021404
v 0.095204 -0.078147 0.007194
v 0.091733 -0.075298 0.014278
v 0.087825 -0.072091 0.021404
v 0.091256 -0.082724 0.007194
v 0.087929 -0.079709 0.014278
v 0.084183 -0.076313 0.021404
v 0.084306 -0.062540 0.035706
v 0.081862 -0.060728 0.042882
v 0.079852 -0.059237 0.050101
v 0.081137 -0.066602 0.035706
v 0.078784 -0.064671 0.042882
v 0.076850 -0.063083 0.050101
v 0.077772 -0.070503 0.035706
v 0.075517 -0.068459 0.042882
v 0.073663 -0.066778 0.050101
v 0.112837 -0.053382 -0.023562
v 0.114513 -0.054175 -0.014557
v 0.115099 -0.054452 -0.006881
v 0.110082 -0.058855 -0.023562
v 0.111717 -0.059729 -0.014557
v 0.112289 -0.060034 -0.006881
v 0.107062 -0.064185 -0.023562
v 0.108653 -0.065139 -0.014557
v 0.109209 -0.065472 -0.006881
v 0.111335 -0.052672 0.007194
v 0.107276 -0.050753 0.014278
v 0.102706 -0.048591 0.021404
v 0.108617 -0.058072 0.007194
v 0.104657 -0.055955 0.014278
v 0.100198 -0.053572 0.021404
v 0.105638 -0.063332 0.007194
v 0.101787 -0.061023 0.014278
v 0.097450 -0.058424 0.021404
v 0.094884 -0.044892 0.035706
v 0.092134 -0.043591 0.042882
v 0.089871 -0.042521 0.050101
v 0.092568 -0.049493 0.035706
v 0.089884 -0.048059 0.042882
v 0.087677 -0.046879 0.050101
v 0.090029 -0.053976 0.035706
v 0.087419 -0.052411 0.042882
v 0.085272 -0.051125 0.050101
v 0.121080 -0.030344 -0.023562
v 0.122879 -0.030794 -0.014557
v 0.123507 -0.030952 -0.006881
v 0.119446 -0.036248 -0.023562
v 0.121220 -0.036786 -0.014557
v 0.121840 -0.036974 -0.006881
v 0.117524 -0.042065 -0.023562
v 0.119270 -0.042690 -0.014557
v 0.119880 -0.042908 -0.006881
v 0.119469 -0.029940 0.007194
v 0.115114 -0.028849 0.014278
v 0.110209 -0.027621 0.021404
v 0.117857 -0.035766 0.007194
v 0.113560 -0.034463 0.014278
v 0.108722 -0.032995 0.021404
v 0.115961 -0.041506 0.007194
v 0.111733 -0.039993 0.014278
v 0.106972 -0.038290 0.021404
v 0.101816 -0.025518 0.035706
v 0.098864 -0.024779 0.042882
v 0.096437 -0.024171 0.050101
v 0.100442 -0.030483 0.035706
v 0.097530 -0.029600 0.042882
v 0.095135 -0.028874 0.050101
v 0.098826 -0.035375 0.035706
v 0.095961 -0.034350 0.042882
v 0.093605 -0.033507 0.050101
v 0.124671 -0.006139 -0.023562
v 0.126523 -0.006230 -0.014557
v 0.127170 -0.006262 -0.006881
v 0.124220 -0.012249 -0.023562
v 0.126065 -0.012431 -0.014557
v 0.126710 -0.012494 -0.006881
v 0.123470 -0.018330 -0.023562
v 0.125304 -0.018602 -0.014557
v 0.125945 -0.018697 -0.006881
v 0.123012 -0.006058 0.007194
v 0.118527 -0.005837 0.014278
v 0.113477 -0.005589 0.021404
v 0.122567 -0.012086 0.007194
v 0.118099 -0.011646 0.014278
v 0.113067 -0.011151 0.021404
v 0.121827 -0.018086 0.007194
v 0.117386 -0.017427 0.014278
v 0.112384 -0.016685 0.021404
v 0.104835 -0.005165 0.035706
v 0.101796 -0.005015 0.042882
v 0.099296 -0.004893 0.050101
v 0.104456 -0.010303 0.035706
v 0.101428 -0.010004 0.042882
v 0.098937 -0.009759 0.050101
v 0.103826 -0.015416 0.035706
v 0.100816 -0.014969 0.042882
v 0.098340 -0.014602 0.050101
v 0.123470 0.018301 -0.023562
v 0.125304 0.018573 -0.014557
v 0.125945 0.018668 -0.006881
v 0.124220 0.012220 -0.023562
v 0.126065 0.012402 -0.014557
v 0.126710 0.012465 -0.006881
v 0.124671 0.006110 -0.023562
v 0.126523 0.006201 -0.014557
v 0.127170 0.006233 -0.006881
v 0.121827 0.018057 0.007194
v 0.117386 0.017398 0.014278
v 0.112384 0.016656 0.021404
v 0.122567 0.012057 0.007194
v 0.118099 0.011617 0.014278
v 0.113067 0.011122 0.021404
v 0.123012 0.006029 0.007194
v 0.118527 0.005808 0.014278
v 0.113477 0.005560 0.021404
v 0.103826 0.015386 0.035706
v 0.100816 0.014940 0.042882
v 0.098340 0.014573 0.050101
v 0.104456 0.010273 0.035706
v 0.101428 0.009975 0.042882
v 0.098937 0.009730 0.050101
v 0.104835 0.005136 0.035706
v 0.101796 0.004986 0.042882
v 0.099296 0.004863 0.050101
v 0.117524 0.042036 -0.023562
v 0.119270 0.042661 -0.014557
v 0.119880 0.042879 -0.006881
v 0.119446 0.036219 -0.023562
v 0.121220 0.036757 -0.014557
v 0.121840 0.036945 -0.006881
v 0.121080 0.030314 -0.023562
v 0.122879 0.030765 -0.014557
v 0.123507 0.030922 -0.006881
v 0.115961 0.041477 0.007194
v 0.111733 0.039964 0.014278
v 0.106973 0.038261 0.021404
v 0.117857 0.035737 0.007194
v 0.113560 0.034433 0.014278
v 0.108722 0.032966 0.021404
v 0.119469 0.029911 0.007194
v 0.115114 0.028820 0.014278
v 0.110209 0.027591 0.021404
v 0.098826 0.035346 0.035706
v 0.095961 0.034321 0.042882
v 0.093605 0.033478 0.050101
v 0.100442 0.030454 0.035706
v 0.097530 0.029571 0.042882
v 0.095135 0.028844 0.050101
v 0.101816 0.025489 0.035706
v 0.098864 0.024750 0.042882
v 0.096437 0.024141 0.050101
v 0.107062 0.064156 -0.023562
v 0.108653 0.065109 -0.014557
v 0.109208 0.065442 -0.006881
v 0.110082 0.058825 -0.023562
v 0.111717 0.059700 -0.014557
v 0.112289 0.060005 -0.006881
v 0.112837 0.053353 -0.023562
v 0.114513 0.054146 -0.014557
v 0.115099 0.054423 -0.006881
v 0.105638 0.063302 0.007194
v 0.101787 0.060994 0.014278
v 0.097450 0.058395 0.021404
v 0.108617 0.058043 0.007194
v 0.104657 0.055926 0.014278
v 0.100198 0.053543 0.021404
v 0.111335 0.052643 0.007194
v 0.107276 0.050723 0.014278
v 0.102706 0.048562 0.021404
v 0.090029 0.053947 0.035706
v 0.087419 0.052382 0.042882
v 0.085272 0.051096 0.050101
v 0.092568 0.049464 0.035706
v 0.089884 0.048030 0.042882
v 0.087677 0.046850 0.050101
v 0.094884 0.044862 0.035706
v 0.092134 0.043561 0.042882
v 0.089871 0.042491 0.050101
v 0.092486 0.083810 -0.023562
v 0.093860 0.085055 -0.014557
v 0.094340 0.085490 -0.006881
v 0.096488 0.079171 -0.023562
v 0.097921 0.080347 -0.014557
v 0.098422 0.080758 -0.006881
v 0.100257 0.074341 -0.023562
v 0.101747 0.075446 -0.014557
v 0.102267 0.075831 -0.006881
v 0.091256 0.082695 0.007194
v 0.087929 0.079679 0.014278
v 0.084183 0.076284 0.021404
v 0.095204 0.078117 0.007194
v 0.091733 0.075269 0.014278
v 0.087825 0.072061 0.021404
v 0.098923 0.073352 0.007194
v 0.095317 0.070677 0.014278
v 0.091256 0.067665 0.021404
v 0.077772 0.070473 0.035706
v 0.075517 0.068430 0.042882
v 0.073663 0.066749 0.050101
v 0.081137 0.066572 0.035706
v 0.078784 0.064642 0.042882
v 0.076850 0.063054 0.050101
v 0.084306 0.062511 0.035706
v 0.081862 0.060698 0.042882
v 0.079852 0.059208 0.050101
v 0.074356 0.100242 -0.023562
v 0.075460 0.101732 -0.014557
v 0.075846 0.102252 -0.006881
v 0.079185 0.096473 -0.023562
v 0.080362 0.097906 -0.014557
v 0.080773 0.098407 -0.006881
v 0.083825 0.092471 -0.023562
v 0.085070 0.093846 -0.014557
v 0.085505 0.094325 -0.006881
v 0.073366 0.098909 0.007194
v 0.070692 0.095302 0.014278
v 0.067680 0.091241 0.021404
v 0.078132 0.095189 0.007194
v 0.075283 0.091718 0.014278
v 0.072076 0.087810 0.021404
v 0.082709 0.091241 0.007194
v 0.079694 0.087914 0.014278
v 0.076299 0.084168 0.021404
v 0.062526 0.084292 0.035706
v 0.060713 0.081847 0.042882
v 0.059222 0.079837 0.050101
v 0.066587 0.081122 0.035706
v 0.064657 0.078770 0.042882
v 0.063069 0.076835 0.050101
v 0.070488 0.077757 0.035706
v 0.068445 0.075502 0.042882
v 0.066764 0.073648 0.050101
v 0.053368 0.112822 -0.023562
v 0.054161 0.114499 -0.014557
v 0.054438 0.115084 -0.006881
v 0.058840 0.110067 -0.023562
v 0.059714 0.111703 -0.014557
v 0.060019 0.112274 -0.006881
v 0.064171 0.107048 -0.023562
v 0.065124 0.108638 -0.014557
v 0.065457 0.109194 -0.006881
v 0.052658 0.111321 0.007194
v 0.050738 0.107262 0.014278
v 0.048576 0.102691 0.021404
v 0.058057 0.108603 0.007194
v 0.055941 0.104643 0.014278
v 0.053557 0.100184 0.021404
v 0.063317 0.105623 0.007194
v 0.061009 0.101772 0.014278
v 0.058409 0.097435 0.021404
v 0.044877 0.094870 0.035706
v 0.043576 0.092119 0.042882
v 0.042506 0.089856 0.050101
v 0.049479 0.092553 0.035706
v 0.048044 0.089870 0.042882
v 0.046864 0.087662 0.050101
v 0.053961 0.090014 0.035706
v 0.052397 0.087404 0.042882
v 0.051110 0.085257 0.050101
v 0.030329 0.121065 -0.023562
v 0.030780 0.122864 -0.014557
v 0.030937 0.123493 -0.006881
v 0.036234 0.119431 -0.023562
v 0.036772 0.121206 -0.014557
v 0.036960 0.121826 -0.006881
v 0.042051 0.117510 -0.023562
v 0.042676 0.119256 -0.014557
v 0.042894 0.119866 -0.006881
v 0.029926 0.119455 0.007194
v 0.028835 0.115099 0.014278
v 0.027606 0.110195 0.021404
v 0.035752 0.117842 0.007194
v 0.034448 0.113545 0.014278
v 0.032980 0.108707 0.021404
v 0.041492 0.115946 0.007194
v 0.039979 0.111719 0.014278
v 0.038275 0.106958 0.021404
v 0.025504 0.101802 0.035706
v 0.024764 0.098850 0.042882
v 0.024156 0.096422 0.050101
v 0.030469 0.100427 0.035706
v 0.029586 0.097515 0.042882
v 0.028859 0.095120 0.050101
v 0.035361 0.098811 0.035706
v 0.034336 0.095946 0.042882
v 0.033492 0.093590 0.050101
v 0.006125 0.124656 -0.023562
v 0.006216 0.126508 -0.014557
v 0.006247 0.127155 -0.006881
v 0.012235 0.124205 -0.023562
v 0.012416 0.126050 -0.014557
v 0.012480 0.126695 -0.006881
v 0.018315 0.123455 -0.023562
v 0.018587 0.125290 -0.014557
v 0.018682 0.125930 -0.006881
v 0.006043 0.122997 0.007194
v 0.005823 0.118513 0.014278
v 0.005575 0.113463 0.021404
v 0.012072 0.122552 0.007194
v 0.011632 0.118084 0.014278
v 0.011136 0.113052 0.021404
v 0.018071 0.121813 0.007194
v 0.017413 0.117371 0.014278
v 0.016671 0.112370 0.021404
v 0.005150 0.104821 0.035706
v 0.005001 0.101781 0.042882
v 0.004878 0.099282 0.050101
v 0.010288 0.104442 0.035706
v 0.009990 0.101413 0.042882
v 0.009745 0.098923 0.050101
v 0.015401 0.103811 0.035706
v 0.014955 0.100801 0.042882
v 0.014587 0.098325 0.050101
vn 0.0165 0.6294 -0.7769
vn 0.0288 0.6917 -0.7216
vn 0.0679 0.6895 -0.7211
vn 0.0619 0.6280 -0.7757
vn 0.0354 0.7433 -0.6681
vn 0.0730 0.7407 -0.6679
vn 0.1067 0.6840 -0.7216
vn 0.1066 0.6205 -0.7769
vn 0.1103 0.7359 -0.6681
vn -0.0059 0.5926 -0.8055
vn 0.0010 0.6280 -0.7782
vn 0.0077 0.5938 -0.8046
vn 0.0118 0.6917 -0.7221
vn 0.0171 0.7439 -0.6681
vn 0.0186 0.7670 -0.6413
vn 0.0374 0.7663 -0.6414
vn 0.0752 0.7635 -0.6414
vn 0.1128 0.7589 -0.6414
vn 0.1314 0.7559 -0.6413
vn 0.1283 0.7329 -0.6681
vn 0.1233 0.6807 -0.7221
vn 0.1215 0.6161 -0.7782
vn 0.1083 0.5839 -0.8046
vn 0.1214 0.5800 -0.8055
vn 0.0583 0.5919 -0.8039
vn 0.0300 0.3048 -0.9519
vn -0.0147 0.3670 -0.9301
vn 0.0400 0.4065 -0.9128
vn 0.0861 0.3571 -0.9301
vn -0.0370 0.4624 -0.8859
vn 0.0465 0.4719 -0.8804
vn 0.1265 0.4463 -0.8859
vn 0.0229 0.2327 -0.9723
vn 0.0133 0.2461 -0.9692
vn 0.0350 0.2440 -0.9692
vn -0.0437 0.3445 -0.9378
vn 0.1101 0.3294 -0.9378
vn -0.0277 0.5044 -0.8630
vn -0.0165 0.5079 -0.8612
vn -0.0417 0.4495 -0.8923
vn 0.0499 0.5063 -0.8609
vn 0.1256 0.4893 -0.8630
vn 0.1286 0.4327 -0.8923
vn 0.1153 0.4950 -0.8612
vn 0.0486 0.9884 0.1438
vn 0.0486 0.9891 0.1387
vn 0.0971 0.9856 0.1387
vn 0.0970 0.9848 0.1438
vn 0.0486 0.9895 0.1363
vn 0.0971 0.9859 0.1363
vn 0.1453 0.9796 0.1387
vn 0.1452 0.9789 0.1438
vn 0.1453 0.9800 0.1363
vn 0.0243 0.9888 0.1473
vn 0.0243 0.9893 0.1438
vn 0.0486 0.9879 0.1473
vn 0.0244 0.9900 0.1386
vn 0.0244 0.9904 0.1363
vn 0.0244 0.9905 0.1356
vn 0.0486 0.9896 0.1356
vn 0.0971 0.9860 0.1356
vn 0.1453 0.9800 0.1356
vn 0.1693 0.9762 0.1356
vn 0.1693 0.9761 0.1363
vn 0.1693 0.9758 0.1386
vn 0.1691 0.9750 0.1438
vn 0.1451 0.9784 0.1473
vn 0.1691 0.9745 0.1473
vn 0.0969 0.9843 0.1473
vn 0.0475 0.9657 0.2552
vn 0.0480 0.9763 0.2110
vn 0.0958 0.9728 0.2110
vn 0.0948 0.9622 0.2552
vn 0.0483 0.9832 0.1761
vn 0.0965 0.9796 0.1761
vn 0.1434 0.9669 0.2110
vn 0.1418 0.9564 0.2552
vn 0.1444 0.9737 0.1761
vn 0.0236 0.9579 0.2862
vn 0.0238 0.9666 0.2551
vn 0.0471 0.9570 0.2863
vn 0.0240 0.9772 0.2110
vn 0.0242 0.9841 0.1760
vn 0.0243 0.9864 0.1625
vn 0.0485 0.9855 0.1625
vn 0.0967 0.9820 0.1625
vn 0.1447 0.9760 0.1625
vn 0.1686 0.9722 0.1625
vn 0.1682 0.9699 0.1760
vn 0.1671 0.9631 0.2110
vn 0.1653 0.9527 0.2551
vn 0.1406 0.9478 0.2863
vn 0.1638 0.9441 0.2862
vn 0.0939 0.9535 0.2863
vn 0.0481 0.9792 -0.1969
vn 0.0482 0.9803 -0.1914
vn 0.0962 0.9768 -0.1914
vn 0.0961 0.9757 -0.1969
vn 0.0481 0.9791 -0.1974
vn 0.0961 0.9756 -0.1974
vn 0.1440 0.9709 -0.1914
vn 0.1438 0.9698 -0.1969
vn 0.1438 0.9697 -0.1974
vn 0.0241 0.9791 -0.2021
vn 0.0241 0.9801 -0.1968
vn 0.0481 0.9782 -0.2022
vn 0.0241 0.9812 -0.1913
vn 0.0241 0.9800 -0.1973
vn 0.0241 0.9788 -0.2034
vn 0.0481 0.9779 -0.2035
vn 0.0960 0.9744 -0.2035
vn 0.1436 0.9685 -0.2035
vn 0.1673 0.9647 -0.2034
vn 0.1676 0.9659 -0.1973
vn 0.1678 0.9671 -0.1913
vn 0.1676 0.9660 -0.1968
vn 0.1437 0.9687 -0.2022
vn 0.1674 0.9649 -0.2021
vn 0.0960 0.9746 -0.2022
vn 0.0471 0.9585 -0.2812
vn 0.0475 0.9654 -0.2565
vn 0.0947 0.9619 -0.2565
vn 0.0940 0.9550 -0.2812
vn 0.0478 0.9713 -0.2332
vn 0.0953 0.9677 -0.2332
vn 0.1418 0.9561 -0.2565
vn 0.1408 0.9493 -0.2812
vn 0.1426 0.9619 -0.2332
vn 0.0235 0.9555 -0.2939
vn 0.0236 0.9594 -0.2811
vn 0.0469 0.9546 -0.2940
vn 0.0238 0.9663 -0.2564
vn 0.0239 0.9722 -0.2331
vn 0.0240 0.9748 -0.2218
vn 0.0479 0.9739 -0.2219
vn 0.0956 0.9704 -0.2219
vn 0.1430 0.9645 -0.2219
vn 0.1667 0.9607 -0.2218
vn 0.1662 0.9581 -0.2331
vn 0.1652 0.9523 -0.2564
vn 0.1640 0.9455 -0.2811
vn 0.1402 0.9455 -0.2940
vn 0.1634 0.9418 -0.2939
vn 0.0937 0.9512 -0.2940
vn 0.0450 0.9155 -0.3997
vn 0.0457 0.9292 -0.3666
vn 0.0912 0.9259 -0.3666
vn 0.0898 0.9122 -0.3997
vn 0.0462 0.9407 -0.3361
vn 0.0923 0.9373 -0.3361
vn 0.1365 0.9203 -0.3666
vn 0.1344 0.9067 -0.3997
vn 0.1381 0.9317 -0.3361
vn 0.0223 0.9087 -0.4169
vn 0.0225 0.9164 -0.3996
vn 0.0446 0.9078 -0.4170
vn 0.0229 0.9301 -0.3665
vn 0.0232 0.9416 -0.3360
vn 0.0233 0.9467 -0.3213
vn 0.0465 0.9458 -0.3214
vn 0.0928 0.9424 -0.3214
vn 0.1389 0.9367 -0.3214
vn 0.1618 0.9330 -0.3213
vn 0.1610 0.9280 -0.3360
vn 0.1590 0.9167 -0.3665
vn 0.1567 0.9032 -0.3996
vn 0.1333 0.8991 -0.4170
vn 0.1553 0.8956 -0.4169
vn 0.0891 0.9045 -0.4170
vn 0.0405 0.8244 -0.5646
vn 0.0420 0.8545 -0.5178
vn 0.0838 0.8514 -0.5178
vn 0.0809 0.8214 -0.5646
vn 0.0432 0.8789 -0.4750
vn 0.0862 0.8758 -0.4750
vn 0.1255 0.8462 -0.5178
vn 0.1211 0.8164 -0.5646
vn 0.1291 0.8705 -0.4750
vn 0.0199 0.8080 -0.5889
vn 0.0203 0.8252 -0.5645
vn 0.0397 0.8072 -0.5890
vn 0.0210 0.8553 -0.5177
vn 0.0216 0.8798 -0.4749
vn 0.0219 0.8905 -0.4544
vn 0.0437 0.8897 -0.4545
vn 0.0873 0.8864 -0.4545
vn 0.1307 0.8811 -0.4545
vn 0.1522 0.8777 -0.4544
vn 0.1504 0.8671 -0.4749
vn 0.1462 0.8430 -0.5177
vn 0.1411 0.8133 -0.5645
vn 0.1185 0.7994 -0.5890
vn 0.1381 0.7963 -0.5889
vn 0.0792 0.8042 -0.5890
vn 0.2006 0.8006 -0.5646
vn 0.2079 0.8298 -0.5178
vn 0.2483 0.8187 -0.5178
vn 0.2396 0.7898 -0.5646
vn 0.2139 0.8536 -0.4750
vn 0.2554 0.8421 -0.4750
vn 0.2882 0.8055 -0.5178
vn 0.2780 0.7771 -0.5646
vn 0.2964 0.8286 -0.4750
vn 0.1771 0.7886 -0.5889
vn 0.1809 0.8054 -0.5645
vn 0.1964 0.7839 -0.5890
vn 0.1875 0.8348 -0.5177
vn 0.1929 0.8587 -0.4749
vn 0.1952 0.8691 -0.4544
vn 0.2165 0.8640 -0.4545
vn 0.2586 0.8524 -0.4545
vn 0.3000 0.8387 -0.4545
vn 0.3206 0.8311 -0.4544
vn 0.3167 0.8211 -0.4749
vn 0.3079 0.7982 -0.5177
vn 0.2970 0.7701 -0.5645
vn 0.2722 0.7609 -0.5890
vn 0.2908 0.7541 -0.5889
vn 0.2346 0.7733 -0.5890
vn 0.1390 0.6141 -0.7769
vn 0.1632 0.6728 -0.7216
vn 0.2011 0.6630 -0.7211
vn 0.1832 0.6039 -0.7757
vn 0.1797 0.7221 -0.6681
vn 0.2160 0.7122 -0.6679
vn 0.2381 0.6501 -0.7216
vn 0.2256 0.5878 -0.7769
vn 0.2518 0.7002 -0.6680
vn 0.1098 0.5823 -0.8055
vn 0.1235 0.6157 -0.7782
vn 0.1234 0.5809 -0.8046
vn 0.1465 0.6761 -0.7221
vn 0.1619 0.7262 -0.6681
vn 0.1679 0.7487 -0.6413
vn 0.1862 0.7443 -0.6414
vn 0.2227 0.7342 -0.6414
vn 0.2587 0.7223 -0.6414
vn 0.2763 0.7158 -0.6413
vn 0.2688 0.6938 -0.6681
vn 0.2538 0.6436 -0.7221
vn 0.2394 0.5806 -0.7782
vn 0.2201 0.5515 -0.8046
vn 0.2322 0.5452 -0.8055
vn 0.1726 0.5691 -0.8039
vn 0.0889 0.2931 -0.9519
vn 0.0571 0.3628 -0.9301
vn 0.1186 0.3909 -0.9128
vn 0.1541 0.3334 -0.9301
vn 0.0540 0.4607 -0.8859
vn 0.1376 0.4538 -0.8804
vn 0.2111 0.4130 -0.8859
vn 0.0679 0.2238 -0.9723
vn 0.0611 0.2388 -0.9692
vn 0.0819 0.2325 -0.9692
vn 0.0244 0.3464 -0.9378
vn 0.1722 0.3016 -0.9378
vn 0.0712 0.5001 -0.8630
vn 0.0829 0.5014 -0.8612
vn 0.0468 0.4490 -0.8923
vn 0.1477 0.4869 -0.8609
vn 0.2186 0.4554 -0.8630
vn 0.2105 0.3993 -0.8923
vn 0.2096 0.4630 -0.8612
vn 0.2405 0.9599 0.1438
vn 0.2407 0.9607 0.1387
vn 0.2875 0.9477 0.1387
vn 0.2873 0.9470 0.1438
vn 0.2407 0.9610 0.1363
vn 0.2876 0.9480 0.1363
vn 0.3336 0.9325 0.1387
vn 0.3333 0.9318 0.1438
vn 0.3337 0.9328 0.1363
vn 0.2168 0.9651 0.1473
vn 0.2169 0.9656 0.1438
vn 0.2404 0.9594 0.1473
vn 0.2170 0.9663 0.1386
vn 0.2171 0.9666 0.1363
vn 0.2171 0.9667 0.1356
vn 0.2408 0.9611 0.1356
vn 0.2876 0.9481 0.1356
vn 0.3337 0.9329 0.1356
vn 0.3565 0.9244 0.1356
vn 0.3565 0.9243 0.1363
vn 0.3564 0.9240 0.1386
vn 0.3561 0.9233 0.1438
vn 0.3332 0.9313 0.1473
vn 0.3559 0.9228 0.1473
vn 0.2871 0.9465 0.1473
vn 0.2350 0.9379 0.2552
vn 0.2375 0.9482 0.2110
vn 0.2837 0.9354 0.2110
vn 0.2807 0.9253 0.2552
vn 0.2392 0.9549 0.1761
vn 0.2857 0.9420 0.1761
vn 0.3293 0.9204 0.2110
vn 0.3257 0.9104 0.2552
vn 0.3316 0.9268 0.1761
vn 0.2100 0.9349 0.2862
vn 0.2119 0.9434 0.2551
vn 0.2328 0.9294 0.2863
vn 0.2142 0.9537 0.2110
vn 0.2157 0.9605 0.1760
vn 0.2162 0.9627 0.1625
vn 0.2398 0.9571 0.1625
vn 0.2864 0.9442 0.1625
vn 0.3324 0.9290 0.1625
vn 0.3551 0.9206 0.1625
vn 0.3542 0.9184 0.1760
vn 0.3517 0.9120 0.2110
vn 0.3479 0.9021 0.2551
vn 0.3228 0.9021 0.2863
vn 0.3448 0.8940 0.2862
vn 0.2781 0.9169 0.2863
vn 0.2383 0.9510 -0.1969
vn 0.2385 0.9521 -0.1914
vn 0.2849 0.9393 -0.1914
vn 0.2846 0.9382 -0.1969
vn 0.2382 0.9509 -0.1974
vn 0.2846 0.9381 -0.1974
vn 0.3306 0.9242 -0.1914
vn 0.3303 0.9231 -0.1969
vn 0.3302 0.9230 -0.1974
vn 0.2146 0.9556 -0.2021
vn 0.2149 0.9566 -0.1968
vn 0.2380 0.9500 -0.2022
vn 0.2151 0.9577 -0.1913
vn 0.2148 0.9565 -0.1973
vn 0.2146 0.9553 -0.2034
vn 0.2379 0.9497 -0.2035
vn 0.2842 0.9369 -0.2035
vn 0.3298 0.9219 -0.2035
vn 0.3523 0.9135 -0.2034
vn 0.3528 0.9147 -0.1973
vn 0.3532 0.9158 -0.1913
vn 0.3528 0.9148 -0.1968
vn 0.3299 0.9221 -0.2022
vn 0.3524 0.9137 -0.2021
vn 0.2843 0.9372 -0.2022
vn 0.2332 0.9309 -0.2812
vn 0.2349 0.9376 -0.2565
vn 0.2806 0.9249 -0.2565
vn 0.2786 0.9183 -0.2812
vn 0.2363 0.9433 -0.2332
vn 0.2823 0.9306 -0.2332
vn 0.3256 0.9101 -0.2565
vn 0.3233 0.9036 -0.2812
vn 0.3276 0.9156 -0.2332
vn 0.2095 0.9326 -0.2939
vn 0.2103 0.9363 -0.2811
vn 0.2323 0.9272 -0.2940
vn 0.2118 0.9431 -0.2564
vn 0.2131 0.9488 -0.2331
vn 0.2137 0.9514 -0.2218
vn 0.2370 0.9458 -0.2219
vn 0.2830 0.9331 -0.2219
vn 0.3285 0.9181 -0.2219
vn 0.3509 0.9098 -0.2218
vn 0.3499 0.9073 -0.2331
vn 0.3478 0.9018 -0.2564
vn 0.3453 0.8954 -0.2811
vn 0.3220 0.8999 -0.2940
vn 0.3440 0.8918 -0.2939
vn 0.2775 0.9146 -0.2940
vn 0.2228 0.8892 -0.3997
vn 0.2261 0.9025 -0.3666
vn 0.2701 0.8903 -0.3666
vn 0.2661 0.8772 -0.3997
vn 0.2289 0.9136 -0.3361
vn 0.2734 0.9013 -0.3361
vn 0.3134 0.8760 -0.3666
vn 0.3088 0.8631 -0.3997
vn 0.3173 0.8868 -0.3361
vn 0.1992 0.8869 -0.4169
vn 0.2009 0.8944 -0.3996
vn 0.2209 0.8817 -0.4170
vn 0.2039 0.9078 -0.3665
vn 0.2064 0.9190 -0.3360
vn 0.2075 0.9240 -0.3213
vn 0.2301 0.9186 -0.3214
vn 0.2749 0.9062 -0.3214
vn 0.3190 0.8916 -0.3214
vn 0.3408 0.8835 -0.3213
vn 0.3389 0.8788 -0.3360
vn 0.3348 0.8681 -0.3665
vn 0.3299 0.8553 -0.3996
vn 0.3062 0.8558 -0.4170
vn 0.3271 0.8481 -0.4169
vn 0.2638 0.8698 -0.4170
vn 0.4192 0.8863 -0.1969
vn 0.4197 0.8873 -0.1914
vn 0.4627 0.8656 -0.1914
vn 0.4622 0.8647 -0.1969
vn 0.4192 0.8862 -0.1974
vn 0.4621 0.8646 -0.1974
vn 0.5046 0.8419 -0.1914
vn 0.5040 0.8410 -0.1969
vn 0.5040 0.8409 -0.1974
vn 0.3969 0.8953 -0.2021
vn 0.3974 0.8963 -0.1968
vn 0.4188 0.8853 -0.2022
vn 0.3978 0.8973 -0.1913
vn 0.3973 0.8962 -0.1973
vn 0.3968 0.8951 -0.2034
vn 0.4186 0.8851 -0.2035
vn 0.4615 0.8635 -0.2035
vn 0.5033 0.8398 -0.2035
vn 0.5238 0.8272 -0.2034
vn 0.5244 0.8283 -0.1973
vn 0.5251 0.8293 -0.1913
vn 0.5245 0.8283 -0.1968
vn 0.5035 0.8400 -0.2022
vn 0.5239 0.8274 -0.2021
vn 0.4617 0.8637 -0.2022
vn 0.4103 0.8675 -0.2812
vn 0.4133 0.8737 -0.2565
vn 0.4556 0.8524 -0.2565
vn 0.4524 0.8463 -0.2812
vn 0.4158 0.8790 -0.2332
vn 0.4584 0.8576 -0.2332
vn 0.4969 0.8291 -0.2565
vn 0.4933 0.8231 -0.2812
vn 0.4999 0.8341 -0.2332
vn 0.3874 0.8738 -0.2939
vn 0.3889 0.8773 -0.2811
vn 0.4087 0.8640 -0.2940
vn 0.3917 0.8836 -0.2564
vn 0.3941 0.8890 -0.2331
vn 0.3952 0.8914 -0.2218
vn 0.4169 0.8814 -0.2219
vn 0.4596 0.8599 -0.2219
vn 0.5013 0.8364 -0.2219
vn 0.5216 0.8238 -0.2218
vn 0.5202 0.8216 -0.2331
vn 0.5171 0.8166 -0.2564
vn 0.5134 0.8108 -0.2811
vn 0.4914 0.8198 -0.2940
vn 0.5113 0.8075 -0.2939
vn 0.4506 0.8429 -0.2940
vn 0.3920 0.8286 -0.3997
vn 0.3978 0.8410 -0.3666
vn 0.4386 0.8205 -0.3666
vn 0.4321 0.8084 -0.3997
vn 0.4027 0.8514 -0.3361
vn 0.4440 0.8306 -0.3361
vn 0.4783 0.7980 -0.3666
vn 0.4712 0.7862 -0.3997
vn 0.4842 0.8079 -0.3361
vn 0.3684 0.8310 -0.4169
vn 0.3715 0.8380 -0.3996
vn 0.3887 0.8216 -0.4170
vn 0.3771 0.8506 -0.3665
vn 0.3817 0.8610 -0.3360
vn 0.3838 0.8657 -0.3213
vn 0.4049 0.8560 -0.3214
vn 0.4464 0.8351 -0.3214
vn 0.4868 0.8122 -0.3214
vn 0.5066 0.8001 -0.3213
vn 0.5039 0.7958 -0.3360
vn 0.4977 0.7861 -0.3665
vn 0.4904 0.7745 -0.3996
vn 0.4673 0.7796 -0.4170
vn 0.4863 0.7680 -0.4169
vn 0.4285 0.8016 -0.4170
vn 0.3529 0.7461 -0.5646
vn 0.3658 0.7733 -0.5178
vn 0.4033 0.7545 -0.5178
vn 0.3891 0.7279 -0.5646
vn 0.3763 0.7955 -0.4750
vn 0.4148 0.7761 -0.4750
vn 0.4398 0.7338 -0.5178
vn 0.4243 0.7079 -0.5646
vn 0.4524 0.7548 -0.4750
vn 0.3276 0.7389 -0.5889
vn 0.3345 0.7546 -0.5645
vn 0.3455 0.7305 -0.5890
vn 0.3467 0.7821 -0.5177
vn 0.3567 0.8045 -0.4749
vn 0.3610 0.8143 -0.4544
vn 0.3809 0.8052 -0.4545
vn 0.4199 0.7855 -0.4545
vn 0.4579 0.7640 -0.4545
vn 0.4765 0.7526 -0.4544
vn 0.4708 0.7435 -0.4749
vn 0.4577 0.7228 -0.5177
vn 0.4416 0.6974 -0.5645
vn 0.4154 0.6932 -0.5890
vn 0.4324 0.6828 -0.5889
vn 0.3809 0.7127 -0.5890
vn 0.2561 0.5752 -0.7769
vn 0.2913 0.6280 -0.7216
vn 0.3266 0.6110 -0.7211
vn 0.2975 0.5566 -0.7757
vn 0.3171 0.6732 -0.6681
vn 0.3508 0.6564 -0.6679
vn 0.3603 0.5911 -0.7216
vn 0.3360 0.5325 -0.7769
vn 0.3835 0.6377 -0.6680
vn 0.2213 0.5497 -0.8055
vn 0.2413 0.5798 -0.7782
vn 0.2344 0.5456 -0.8046
vn 0.2756 0.6345 -0.7221
vn 0.3005 0.6807 -0.6681
vn 0.3107 0.7015 -0.6413
vn 0.3278 0.6936 -0.6414
vn 0.3617 0.6766 -0.6414
vn 0.3946 0.6579 -0.6414
vn 0.4106 0.6481 -0.6413
vn 0.3990 0.6280 -0.6681
vn 0.3744 0.5817 -0.7221
vn 0.3481 0.5227 -0.7782
vn 0.3235 0.4980 -0.8046
vn 0.3341 0.4894 -0.8055
vn 0.2803 0.5245 -0.8039
vn 0.1444 0.2701 -0.9519
vn 0.1268 0.3447 -0.9301
vn 0.1925 0.3602 -0.9128
vn 0.2162 0.2970 -0.9301
vn 0.1428 0.4413 -0.8859
vn 0.2235 0.4182 -0.8804
vn 0.2876 0.3639 -0.8859
vn 0.1102 0.2062 -0.9723
vn 0.1065 0.2223 -0.9692
vn 0.1257 0.2120 -0.9692
vn 0.0915 0.3350 -0.9378
vn 0.2277 0.2622 -0.9378
vn 0.1674 0.4766 -0.8630
vn 0.1791 0.4756 -0.8612
vn 0.1335 0.4312 -0.8923
vn 0.2398 0.4487 -0.8609
vn 0.3033 0.4040 -0.8630
vn 0.2844 0.3506 -0.8923
vn 0.2959 0.4132 -0.8612
vn 0.4231 0.8946 0.1438
vn 0.4235 0.8952 0.1387
vn 0.4668 0.8734 0.1387
vn 0.4665 0.8727 0.1438
vn 0.4236 0.8955 0.1363
vn 0.4670 0.8737 0.1363
vn 0.5091 0.8495 0.1387
vn 0.5087 0.8488 0.1438
vn 0.5093 0.8497 0.1363
vn 0.4009 0.9042 0.1473
vn 0.4011 0.9047 0.1438
vn 0.4229 0.8941 0.1473
vn 0.4014 0.9054 0.1386
vn 0.4015 0.9057 0.1363
vn 0.4015 0.9057 0.1356
vn 0.4237 0.8956 0.1356
vn 0.4671 0.8738 0.1356
vn 0.5093 0.8498 0.1356
vn 0.5300 0.8371 0.1356
vn 0.5300 0.8370 0.1363
vn 0.5298 0.8367 0.1386
vn 0.5294 0.8361 0.1438
vn 0.5085 0.8484 0.1473
vn 0.5291 0.8357 0.1473
vn 0.4663 0.8723 0.1473
vn 0.4134 0.8740 0.2552
vn 0.4180 0.8836 0.2110
vn 0.4608 0.8621 0.2110
vn 0.4558 0.8527 0.2552
vn 0.4209 0.8898 0.1761
vn 0.4640 0.8681 0.1761
vn 0.5025 0.8384 0.2110
vn 0.4970 0.8293 0.2552
vn 0.5060 0.8443 0.1761
vn 0.3883 0.8759 0.2862
vn 0.3919 0.8839 0.2551
vn 0.4097 0.8661 0.2863
vn 0.3962 0.8936 0.2110
vn 0.3989 0.8999 0.1760
vn 0.3999 0.9020 0.1625
vn 0.4219 0.8920 0.1625
vn 0.4651 0.8702 0.1625
vn 0.5072 0.8463 0.1625
vn 0.5279 0.8336 0.1625
vn 0.5266 0.8317 0.1760
vn 0.5229 0.8259 0.2110
vn 0.5173 0.8169 0.2551
vn 0.4925 0.8218 0.2863
vn 0.5126 0.8095 0.2862
vn 0.4517 0.8450 0.2863
vn 0.3634 0.5142 -0.7769
vn 0.4083 0.5591 -0.7216
vn 0.4395 0.5356 -0.7211
vn 0.4003 0.4878 -0.7757
vn 0.4424 0.5984 -0.6681
vn 0.4722 0.5753 -0.6679
vn 0.4687 0.5095 -0.7216
vn 0.4334 0.4567 -0.7769
vn 0.5006 0.5506 -0.6681
vn 0.3243 0.4960 -0.8055
vn 0.3497 0.5216 -0.7782
vn 0.3363 0.4894 -0.8046
vn 0.3941 0.5685 -0.7221
vn 0.4275 0.6090 -0.6681
vn 0.4416 0.6274 -0.6413
vn 0.4569 0.6163 -0.6414
vn 0.4867 0.5931 -0.6414
vn 0.5154 0.5683 -0.6414
vn 0.5292 0.5555 -0.6413
vn 0.5139 0.5381 -0.6681
vn 0.4807 0.4974 -0.7221
vn 0.4433 0.4448 -0.7782
vn 0.4144 0.4253 -0.8046
vn 0.4232 0.4148 -0.8055
vn 0.3773 0.4597 -0.8039
vn 0.1943 0.2368 -0.9519
vn 0.1917 0.3133 -0.9301
vn 0.2591 0.3157 -0.9128
vn 0.2699 0.2491 -0.9301
vn 0.2262 0.4050 -0.8859
vn 0.3008 0.3665 -0.8804
vn 0.3531 0.3008 -0.8859
vn 0.1484 0.1808 -0.9723
vn 0.1478 0.1972 -0.9692
vn 0.1646 0.1834 -0.9692
vn 0.1551 0.3107 -0.9378
vn 0.2745 0.2127 -0.9378
vn 0.2572 0.4348 -0.8630
vn 0.2685 0.4315 -0.8612
vn 0.2151 0.3969 -0.8923
vn 0.3228 0.3933 -0.8609
vn 0.3763 0.3371 -0.8630
vn 0.3473 0.2883 -0.8923
vn 0.3709 0.3475 -0.8612
vn 0.5895 0.7948 0.1438
vn 0.5900 0.7954 0.1387
vn 0.6283 0.7655 0.1387
vn 0.6278 0.7650 0.1438
vn 0.5902 0.7957 0.1363
vn 0.6285 0.7658 0.1363
vn 0.6650 0.7338 0.1387
vn 0.6645 0.7333 0.1438
vn 0.6653 0.7341 0.1363
vn 0.5696 0.8086 0.1473
vn 0.5699 0.8091 0.1438
vn 0.5892 0.7944 0.1473
vn 0.5703 0.8097 0.1386
vn 0.5705 0.8099 0.1363
vn 0.5705 0.8100 0.1356
vn 0.5902 0.7958 0.1356
vn 0.6285 0.7659 0.1356
vn 0.6653 0.7341 0.1356
vn 0.6831 0.7176 0.1356
vn 0.6831 0.7175 0.1363
vn 0.6829 0.7173 0.1386
vn 0.6823 0.7167 0.1438
vn 0.6642 0.7329 0.1473
vn 0.6820 0.7164 0.1473
vn 0.6275 0.7646 0.1473
vn 0.5760 0.7766 0.2552
vn 0.5823 0.7851 0.2110
vn 0.6201 0.7556 0.2110
vn 0.6134 0.7474 0.2552
vn 0.5864 0.7906 0.1761
vn 0.6245 0.7609 0.1761
vn 0.6564 0.7243 0.2110
vn 0.6493 0.7164 0.2552
vn 0.6610 0.7294 0.1761
vn 0.5518 0.7834 0.2862
vn 0.5568 0.7905 0.2551
vn 0.5708 0.7696 0.2863
vn 0.5629 0.7992 0.2110
vn 0.5669 0.8048 0.1760
vn 0.5682 0.8067 0.1625
vn 0.5878 0.7925 0.1625
vn 0.6260 0.7627 0.1625
vn 0.6626 0.7311 0.1625
vn 0.6803 0.7147 0.1625
vn 0.6787 0.7130 0.1760
vn 0.6740 0.7080 0.2110
vn 0.6667 0.7003 0.2551
vn 0.6434 0.7100 0.2863
vn 0.6607 0.6940 0.2862
vn 0.6078 0.7407 0.2863
vn 0.5841 0.7875 -0.1969
vn 0.5847 0.7883 -0.1914
vn 0.6227 0.7587 -0.1914
vn 0.6220 0.7579 -0.1969
vn 0.5840 0.7874 -0.1974
vn 0.6219 0.7578 -0.1974
vn 0.6591 0.7273 -0.1914
vn 0.6584 0.7265 -0.1969
vn 0.6583 0.7264 -0.1974
vn 0.5640 0.8007 -0.2021
vn 0.5646 0.8016 -0.1968
vn 0.5834 0.7866 -0.2022
vn 0.5652 0.8025 -0.1913
vn 0.5645 0.8015 -0.1973
vn 0.5638 0.8005 -0.2034
vn 0.5833 0.7864 -0.2035
vn 0.6211 0.7568 -0.2035
vn 0.6575 0.7255 -0.2035
vn 0.6751 0.7091 -0.2034
vn 0.6760 0.7100 -0.1973
vn 0.6768 0.7109 -0.1913
vn 0.6760 0.7101 -0.1968
vn 0.6577 0.7257 -0.2022
vn 0.6753 0.7093 -0.2022
vn 0.6213 0.7570 -0.2022
vn 0.5717 0.7708 -0.2812
vn 0.5758 0.7763 -0.2565
vn 0.6132 0.7472 -0.2565
vn 0.6088 0.7418 -0.2812
vn 0.5793 0.7810 -0.2332
vn 0.6169 0.7517 -0.2332
vn 0.6491 0.7162 -0.2565
vn 0.6444 0.7111 -0.2812
vn 0.6530 0.7205 -0.2332
vn 0.5504 0.7814 -0.2939
vn 0.5526 0.7846 -0.2811
vn 0.5694 0.7677 -0.2940
vn 0.5566 0.7902 -0.2564
vn 0.5600 0.7950 -0.2331
vn 0.5615 0.7972 -0.2218
vn 0.5809 0.7832 -0.2219
vn 0.6186 0.7537 -0.2219
vn 0.6548 0.7225 -0.2219
vn 0.6723 0.7062 -0.2219
vn 0.6705 0.7043 -0.2331
vn 0.6665 0.7001 -0.2564
vn 0.6617 0.6951 -0.2811
vn 0.6419 0.7082 -0.2940
vn 0.6591 0.6923 -0.2939
vn 0.6064 0.7388 -0.2940
vn 0.5461 0.7362 -0.3997
vn 0.5543 0.7473 -0.3666
vn 0.5902 0.7192 -0.3666
vn 0.5815 0.7086 -0.3997
vn 0.5611 0.7565 -0.3361
vn 0.5975 0.7280 -0.3361
vn 0.6248 0.6894 -0.3666
vn 0.6156 0.6792 -0.3997
vn 0.6325 0.6979 -0.3361
vn 0.5234 0.7431 -0.4169
vn 0.5279 0.7494 -0.3996
vn 0.5415 0.7300 -0.4170
vn 0.5358 0.7607 -0.3665
vn 0.5424 0.7700 -0.3360
vn 0.5453 0.7742 -0.3213
vn 0.5641 0.7606 -0.3214
vn 0.6007 0.7320 -0.3214
vn 0.6359 0.7017 -0.3214
vn 0.6529 0.6859 -0.3213
vn 0.6494 0.6822 -0.3360
vn 0.6415 0.6739 -0.3665
vn 0.6321 0.6639 -0.3996
vn 0.6104 0.6735 -0.4170
vn 0.6267 0.6583 -0.4169
vn 0.5766 0.7026 -0.4170
vn 0.4917 0.6629 -0.5646
vn 0.5096 0.6871 -0.5178
vn 0.5427 0.6613 -0.5178
vn 0.5236 0.6380 -0.5646
vn 0.5242 0.7068 -0.4750
vn 0.5583 0.6802 -0.4750
vn 0.5745 0.6339 -0.5178
vn 0.5543 0.6116 -0.5646
vn 0.5909 0.6520 -0.4750
vn 0.4654 0.6608 -0.5889
vn 0.4753 0.6748 -0.5645
vn 0.4814 0.6491 -0.5890
vn 0.4927 0.6995 -0.5177
vn 0.5068 0.7195 -0.4749
vn 0.5130 0.7283 -0.4544
vn 0.5306 0.7154 -0.4545
vn 0.5651 0.6885 -0.4545
vn 0.5982 0.6600 -0.4545
vn 0.6142 0.6452 -0.4544
vn 0.6068 0.6374 -0.4749
vn 0.5899 0.6197 -0.5177
vn 0.5691 0.5978 -0.5645
vn 0.5427 0.5988 -0.5890
vn 0.5573 0.5854 -0.5889
vn 0.5127 0.6247 -0.5890
vn 0.7265 0.6584 -0.1969
vn 0.7273 0.6591 -0.1914
vn 0.7587 0.6227 -0.1914
vn 0.7579 0.6220 -0.1969
vn 0.7264 0.6583 -0.1974
vn 0.7578 0.6219 -0.1974
vn 0.7883 0.5847 -0.1914
vn 0.7875 0.5841 -0.1969
vn 0.7874 0.5840 -0.1974
vn 0.7093 0.6753 -0.2022
vn 0.7101 0.6760 -0.1968
vn 0.7257 0.6577 -0.2022
vn 0.7109 0.6768 -0.1913
vn 0.7100 0.6760 -0.1973
vn 0.7091 0.6751 -0.2034
vn 0.7255 0.6575 -0.2035
vn 0.7568 0.6211 -0.2035
vn 0.7864 0.5833 -0.2035
vn 0.8005 0.5638 -0.2034
vn 0.8015 0.5645 -0.1973
vn 0.8025 0.5652 -0.1913
vn 0.8016 0.5646 -0.1968
vn 0.7866 0.5834 -0.2022
vn 0.8007 0.5640 -0.2021
vn 0.7570 0.6213 -0.2022
vn 0.7111 0.6444 -0.2812
vn 0.7162 0.6491 -0.2565
vn 0.7472 0.6132 -0.2565
vn 0.7418 0.6088 -0.2812
vn 0.7205 0.6530 -0.2332
vn 0.7517 0.6169 -0.2332
vn 0.7763 0.5758 -0.2565
vn 0.7708 0.5717 -0.2812
vn 0.7810 0.5793 -0.2332
vn 0.6923 0.6591 -0.2939
vn 0.6951 0.6617 -0.2811
vn 0.7082 0.6419 -0.2940
vn 0.7001 0.6665 -0.2564
vn 0.7043 0.6705 -0.2331
vn 0.7062 0.6723 -0.2219
vn 0.7225 0.6548 -0.2219
vn 0.7537 0.6186 -0.2219
vn 0.7832 0.5809 -0.2219
vn 0.7972 0.5615 -0.2219
vn 0.7950 0.5600 -0.2331
vn 0.7902 0.5566 -0.2564
vn 0.7846 0.5526 -0.2811
vn 0.7677 0.5694 -0.2940
vn 0.7814 0.5504 -0.2939
vn 0.7388 0.6064 -0.2940
vn 0.6792 0.6156 -0.3997
vn 0.6894 0.6248 -0.3666
vn 0.7192 0.5902 -0.3666
vn 0.7086 0.5815 -0.3997
vn 0.6979 0.6325 -0.3361
vn 0.7280 0.5975 -0.3361
vn 0.7473 0.5543 -0.3666
vn 0.7362 0.5461 -0.3997
vn 0.7565 0.5611 -0.3361
vn 0.6583 0.6267 -0.4169
vn 0.6639 0.6321 -0.3996
vn 0.6735 0.6104 -0.4170
vn 0.6739 0.6415 -0.3665
vn 0.6822 0.6494 -0.3360
vn 0.6859 0.6529 -0.3213
vn 0.7017 0.6359 -0.3214
vn 0.7320 0.6007 -0.3214
vn 0.7606 0.5641 -0.3214
vn 0.7742 0.5453 -0.3213
vn 0.7700 0.5424 -0.3360
vn 0.7607 0.5358 -0.3665
vn 0.7494 0.5279 -0.3996
vn 0.7300 0.5415 -0.4170
vn 0.7431 0.5234 -0.4169
vn 0.7026 0.5766 -0.4170
vn 0.6116 0.5542 -0.5646
vn 0.6339 0.5745 -0.5178
vn 0.6613 0.5427 -0.5178
vn 0.6380 0.5236 -0.5646
vn 0.6521 0.5909 -0.4750
vn 0.6802 0.5583 -0.4750
vn 0.6871 0.5096 -0.5178
vn 0.6629 0.4917 -0.5646
vn 0.7068 0.5242 -0.4750
vn 0.5854 0.5573 -0.5889
vn 0.5978 0.5691 -0.5645
vn 0.5988 0.5427 -0.5890
vn 0.6197 0.5899 -0.5177
vn 0.6374 0.6068 -0.4749
vn 0.6452 0.6142 -0.4544
vn 0.6600 0.5981 -0.4545
vn 0.6885 0.5651 -0.4545
vn 0.7154 0.5306 -0.4545
vn 0.7283 0.5130 -0.4544
vn 0.7195 0.5068 -0.4749
vn 0.6995 0.4927 -0.5177
vn 0.6748 0.4753 -0.5645
vn 0.6491 0.4814 -0.5890
vn 0.6608 0.4654 -0.5889
vn 0.6247 0.5127 -0.5890
vn 0.4567 0.4334 -0.7769
vn 0.5095 0.4687 -0.7216
vn 0.5356 0.4395 -0.7211
vn 0.4878 0.4004 -0.7757
vn 0.5506 0.5006 -0.6680
vn 0.5753 0.4722 -0.6679
vn 0.5591 0.4083 -0.7216
vn 0.5142 0.3634 -0.7769
vn 0.5984 0.4424 -0.6680
vn 0.4148 0.4232 -0.8055
vn 0.4448 0.4433 -0.7782
vn 0.4253 0.4144 -0.8046
vn 0.4975 0.4807 -0.7221
vn 0.5381 0.5139 -0.6681
vn 0.5556 0.5292 -0.6413
vn 0.5683 0.5154 -0.6414
vn 0.5931 0.4867 -0.6414
vn 0.6163 0.4569 -0.6414
vn 0.6274 0.4416 -0.6413
vn 0.6090 0.4275 -0.6681
vn 0.5685 0.3941 -0.7221
vn 0.5216 0.3497 -0.7782
vn 0.4894 0.3363 -0.8046
vn 0.4960 0.3243 -0.8055
vn 0.4597 0.3773 -0.8039
vn 0.2368 0.1943 -0.9519
vn 0.2491 0.2699 -0.9301
vn 0.3157 0.2591 -0.9128
vn 0.3133 0.1916 -0.9301
vn 0.3008 0.3531 -0.8859
vn 0.3665 0.3008 -0.8804
vn 0.4050 0.2262 -0.8859
vn 0.1808 0.1484 -0.9723
vn 0.1834 0.1646 -0.9692
vn 0.1972 0.1478 -0.9692
vn 0.2127 0.2745 -0.9378
vn 0.3107 0.1551 -0.9378
vn 0.3371 0.3763 -0.8630
vn 0.3475 0.3709 -0.8612
vn 0.2883 0.3473 -0.8923
vn 0.3933 0.3228 -0.8609
vn 0.4348 0.2572 -0.8630
vn 0.3969 0.2151 -0.8923
vn 0.4315 0.2685 -0.8612
vn 0.7333 0.6645 0.1438
vn 0.7338 0.6650 0.1387
vn 0.7655 0.6283 0.1387
vn 0.7650 0.6278 0.1438
vn 0.7341 0.6653 0.1363
vn 0.7658 0.6285 0.1363
vn 0.7954 0.5900 0.1387
vn 0.7948 0.5895 0.1438
vn 0.7957 0.5902 0.1363
vn 0.7164 0.6820 0.1473
vn 0.7167 0.6823 0.1438
vn 0.7329 0.6642 0.1473
vn 0.7173 0.6829 0.1386
vn 0.7175 0.6831 0.1363
vn 0.7176 0.6831 0.1356
vn 0.7341 0.6653 0.1356
vn 0.7659 0.6285 0.1356
vn 0.7958 0.5902 0.1356
vn 0.8100 0.5705 0.1356
vn 0.8099 0.5705 0.1363
vn 0.8097 0.5703 0.1386
vn 0.8091 0.5699 0.1438
vn 0.7944 0.5892 0.1473
vn 0.8086 0.5696 0.1473
vn 0.7646 0.6275 0.1473
vn 0.7164 0.6493 0.2552
vn 0.7243 0.6564 0.2110
vn 0.7556 0.6201 0.2110
vn 0.7474 0.6134 0.2552
vn 0.7294 0.6610 0.1761
vn 0.7609 0.6245 0.1761
vn 0.7851 0.5823 0.2110
vn 0.7766 0.5760 0.2552
vn 0.7906 0.5864 0.1761
vn 0.6940 0.6607 0.2862
vn 0.7003 0.6667 0.2551
vn 0.7100 0.6434 0.2863
vn 0.7080 0.6740 0.2110
vn 0.7130 0.6787 0.1760
vn 0.7147 0.6803 0.1625
vn 0.7311 0.6626 0.1625
vn 0.7627 0.6260 0.1625
vn 0.7925 0.5878 0.1625
vn 0.8067 0.5682 0.1625
vn 0.8048 0.5669 0.1760
vn 0.7992 0.5629 0.2110
vn 0.7905 0.5568 0.2551
vn 0.7696 0.5708 0.2863
vn 0.7834 0.5518 0.2862
vn 0.7406 0.6078 0.2863
vn 0.5325 0.3360 -0.7769
vn 0.5911 0.3603 -0.7216
vn 0.6110 0.3266 -0.7211
vn 0.5565 0.2975 -0.7757
vn 0.6377 0.3835 -0.6680
vn 0.6564 0.3508 -0.6679
vn 0.6280 0.2913 -0.7216
vn 0.5752 0.2561 -0.7769
vn 0.6732 0.3171 -0.6680
vn 0.4894 0.3341 -0.8055
vn 0.5227 0.3481 -0.7782
vn 0.4980 0.3235 -0.8046
vn 0.5817 0.3744 -0.7221
vn 0.6280 0.3990 -0.6681
vn 0.6481 0.4107 -0.6413
vn 0.6579 0.3946 -0.6414
vn 0.6766 0.3617 -0.6414
vn 0.6936 0.3278 -0.6414
vn 0.7015 0.3107 -0.6413
vn 0.6807 0.3005 -0.6681
vn 0.6345 0.2756 -0.7221
vn 0.5798 0.2413 -0.7782
vn 0.5456 0.2344 -0.8046
vn 0.5497 0.2213 -0.8055
vn 0.5245 0.2804 -0.8039
vn 0.2701 0.1444 -0.9519
vn 0.2970 0.2162 -0.9301
vn 0.3602 0.1925 -0.9128
vn 0.3447 0.1268 -0.9301
vn 0.3639 0.2876 -0.8859
vn 0.4182 0.2235 -0.8804
vn 0.4413 0.1428 -0.8859
vn 0.2062 0.1102 -0.9723
vn 0.2120 0.1257 -0.9692
vn 0.2223 0.1065 -0.9692
vn 0.2622 0.2277 -0.9378
vn 0.3350 0.0915 -0.9378
vn 0.4040 0.3033 -0.8630
vn 0.4132 0.2959 -0.8612
vn 0.3506 0.2844 -0.8923
vn 0.4487 0.2398 -0.8609
vn 0.4766 0.1674 -0.8630
vn 0.4312 0.1335 -0.8923
vn 0.4756 0.1791 -0.8612
vn 0.8488 0.5087 0.1438
vn 0.8495 0.5091 0.1387
vn 0.8734 0.4668 0.1387
vn 0.8728 0.4665 0.1438
vn 0.8497 0.5093 0.1363
vn 0.8737 0.4670 0.1363
vn 0.8952 0.4235 0.1387
vn 0.8946 0.4231 0.1438
vn 0.8955 0.4236 0.1363
vn 0.8357 0.5291 0.1473
vn 0.8361 0.5294 0.1438
vn 0.8484 0.5085 0.1473
vn 0.8367 0.5298 0.1386
vn 0.8370 0.5300 0.1363
vn 0.8371 0.5300 0.1356
vn 0.8498 0.5093 0.1356
vn 0.8738 0.4670 0.1356
vn 0.8956 0.4236 0.1356
vn 0.9057 0.4015 0.1356
vn 0.9057 0.4015 0.1363
vn 0.9054 0.4014 0.1386
vn 0.9047 0.4011 0.1438
vn 0.8941 0.4229 0.1473
vn 0.9042 0.4009 0.1473
vn 0.8723 0.4662 0.1473
vn 0.8293 0.4970 0.2552
vn 0.8384 0.5025 0.2110
vn 0.8621 0.4608 0.2110
vn 0.8527 0.4558 0.2552
vn 0.8443 0.5060 0.1761
vn 0.8681 0.4640 0.1761
vn 0.8836 0.4180 0.2110
vn 0.8740 0.4134 0.2552
vn 0.8898 0.4209 0.1761
vn 0.8095 0.5126 0.2862
vn 0.8169 0.5173 0.2551
vn 0.8218 0.4925 0.2863
vn 0.8259 0.5229 0.2110
vn 0.8317 0.5266 0.1760
vn 0.8337 0.5278 0.1625
vn 0.8463 0.5072 0.1625
vn 0.8702 0.4651 0.1625
vn 0.8920 0.4219 0.1625
vn 0.9020 0.3999 0.1625
vn 0.8999 0.3989 0.1760
vn 0.8936 0.3962 0.2110
vn 0.8839 0.3919 0.2551
vn 0.8661 0.4097 0.2863
vn 0.8759 0.3883 0.2862
vn 0.8450 0.4517 0.2863
vn 0.8410 0.5040 -0.1969
vn 0.8419 0.5046 -0.1914
vn 0.8656 0.4627 -0.1914
vn 0.8647 0.4622 -0.1969
vn 0.8409 0.5040 -0.1974
vn 0.8646 0.4621 -0.1974
vn 0.8873 0.4197 -0.1914
vn 0.8863 0.4192 -0.1969
vn 0.8862 0.4192 -0.1974
vn 0.8274 0.5239 -0.2021
vn 0.8283 0.5245 -0.1968
vn 0.8400 0.5035 -0.2022
vn 0.8293 0.5251 -0.1913
vn 0.8283 0.5244 -0.1973
vn 0.8272 0.5238 -0.2034
vn 0.8398 0.5033 -0.2035
vn 0.8635 0.4615 -0.2035
vn 0.8851 0.4186 -0.2035
vn 0.8951 0.3968 -0.2034
vn 0.8962 0.3973 -0.1973
vn 0.8973 0.3978 -0.1913
vn 0.8963 0.3974 -0.1968
vn 0.8853 0.4188 -0.2022
vn 0.8953 0.3969 -0.2021
vn 0.8637 0.4617 -0.2022
vn 0.8231 0.4933 -0.2812
vn 0.8291 0.4969 -0.2565
vn 0.8524 0.4556 -0.2565
vn 0.8463 0.4524 -0.2812
vn 0.8341 0.4999 -0.2332
vn 0.8576 0.4584 -0.2332
vn 0.8737 0.4133 -0.2565
vn 0.8675 0.4103 -0.2812
vn 0.8790 0.4158 -0.2332
vn 0.8075 0.5113 -0.2939
vn 0.8108 0.5134 -0.2811
vn 0.8198 0.4914 -0.2940
vn 0.8166 0.5171 -0.2564
vn 0.8216 0.5202 -0.2331
vn 0.8238 0.5216 -0.2219
vn 0.8364 0.5013 -0.2219
vn 0.8599 0.4596 -0.2219
vn 0.8814 0.4169 -0.2219
vn 0.8914 0.3952 -0.2218
vn 0.8890 0.3941 -0.2331
vn 0.8836 0.3917 -0.2564
vn 0.8773 0.3889 -0.2811
vn 0.8640 0.4087 -0.2940
vn 0.8738 0.3874 -0.2939
vn 0.8429 0.4506 -0.2940
vn 0.7862 0.4712 -0.3997
vn 0.7980 0.4783 -0.3666
vn 0.8205 0.4386 -0.3666
vn 0.8084 0.4321 -0.3997
vn 0.8079 0.4842 -0.3361
vn 0.8306 0.4440 -0.3361
vn 0.8410 0.3978 -0.3666
vn 0.8286 0.3920 -0.3997
vn 0.8514 0.4027 -0.3361
vn 0.7680 0.4863 -0.4169
vn 0.7745 0.4904 -0.3996
vn 0.7796 0.4673 -0.4170
vn 0.7861 0.4977 -0.3665
vn 0.7958 0.5039 -0.3360
vn 0.8001 0.5066 -0.3213
vn 0.8122 0.4868 -0.3214
vn 0.8351 0.4464 -0.3214
vn 0.8560 0.4049 -0.3214
vn 0.8657 0.3838 -0.3213
vn 0.8610 0.3817 -0.3360
vn 0.8506 0.3771 -0.3665
vn 0.8380 0.3715 -0.3996
vn 0.8216 0.3887 -0.4170
vn 0.8310 0.3684 -0.4169
vn 0.8016 0.4285 -0.4170
vn 0.7079 0.4243 -0.5646
vn 0.7338 0.4398 -0.5178
vn 0.7545 0.4033 -0.5178
vn 0.7279 0.3891 -0.5646
vn 0.7548 0.4524 -0.4750
vn 0.7761 0.4148 -0.4750
vn 0.7733 0.3658 -0.5178
vn 0.7461 0.3529 -0.5646
vn 0.7955 0.3763 -0.4750
vn 0.6828 0.4324 -0.5889
vn 0.6974 0.4416 -0.5645
vn 0.6932 0.4154 -0.5890
vn 0.7228 0.4577 -0.5177
vn 0.7435 0.4708 -0.4749
vn 0.7526 0.4765 -0.4544
vn 0.7640 0.4579 -0.4545
vn 0.7855 0.4199 -0.4545
vn 0.8052 0.3809 -0.4545
vn 0.8143 0.3610 -0.4544
vn 0.8045 0.3567 -0.4749
vn 0.7821 0.3467 -0.5177
vn 0.7546 0.3345 -0.5645
vn 0.7305 0.3456 -0.5890
vn 0.7389 0.3276 -0.5889
vn 0.7127 0.3809 -0.5890
vn 0.9036 0.3233 -0.2812
vn 0.9101 0.3256 -0.2565
vn 0.9249 0.2806 -0.2565
vn 0.9183 0.2786 -0.2812
vn 0.9156 0.3276 -0.2332
vn 0.9306 0.2823 -0.2332
vn 0.9376 0.2349 -0.2565
vn 0.9309 0.2332 -0.2812
vn 0.9433 0.2363 -0.2332
vn 0.8918 0.3440 -0.2939
vn 0.8954 0.3453 -0.2811
vn 0.8999 0.3220 -0.2940
vn 0.9018 0.3478 -0.2564
vn 0.9073 0.3499 -0.2331
vn 0.9098 0.3509 -0.2218
vn 0.9181 0.3285 -0.2219
vn 0.9331 0.2831 -0.2219
vn 0.9458 0.2370 -0.2219
vn 0.9514 0.2137 -0.2218
vn 0.9488 0.2131 -0.2331
vn 0.9431 0.2118 -0.2564
vn 0.9363 0.2103 -0.2811
vn 0.9271 0.2323 -0.2940
vn 0.9326 0.2095 -0.2939
vn 0.9146 0.2775 -0.2940
vn 0.8631 0.3088 -0.3997
vn 0.8760 0.3134 -0.3666
vn 0.8903 0.2701 -0.3666
vn 0.8772 0.2661 -0.3997
vn 0.8868 0.3173 -0.3361
vn 0.9013 0.2734 -0.3361
vn 0.9025 0.2261 -0.3666
vn 0.8892 0.2228 -0.3997
vn 0.9136 0.2289 -0.3361
vn 0.8481 0.3271 -0.4169
vn 0.8553 0.3299 -0.3996
vn 0.8558 0.3062 -0.4170
vn 0.8681 0.3348 -0.3665
vn 0.8788 0.3389 -0.3360
vn 0.8835 0.3408 -0.3213
vn 0.8916 0.3190 -0.3214
vn 0.9062 0.2749 -0.3214
vn 0.9186 0.2301 -0.3214
vn 0.9240 0.2075 -0.3213
vn 0.9190 0.2064 -0.3360
vn 0.9078 0.2039 -0.3665
vn 0.8944 0.2009 -0.3996
vn 0.8817 0.2209 -0.4170
vn 0.8869 0.1992 -0.4169
vn 0.8698 0.2639 -0.4170
vn 0.7771 0.2780 -0.5646
vn 0.8055 0.2882 -0.5178
vn 0.8186 0.2483 -0.5178
vn 0.7898 0.2396 -0.5646
vn 0.8286 0.2964 -0.4750
vn 0.8421 0.2555 -0.4750
vn 0.8298 0.2079 -0.5178
vn 0.8006 0.2006 -0.5646
vn 0.8536 0.2139 -0.4750
vn 0.7541 0.2908 -0.5889
vn 0.7701 0.2970 -0.5645
vn 0.7609 0.2722 -0.5890
vn 0.7982 0.3079 -0.5177
vn 0.8211 0.3167 -0.4749
vn 0.8311 0.3206 -0.4544
vn 0.8387 0.3001 -0.4545
vn 0.8524 0.2586 -0.4545
vn 0.8640 0.2165 -0.4545
vn 0.8691 0.1952 -0.4544
vn 0.8587 0.1929 -0.4749
vn 0.8348 0.1875 -0.5177
vn 0.8054 0.1809 -0.5645
vn 0.7839 0.1964 -0.5890
vn 0.7886 0.1771 -0.5889
vn 0.7733 0.2346 -0.5890
vn 0.5878 0.2256 -0.7769
vn 0.6501 0.2381 -0.7216
vn 0.6630 0.2011 -0.7211
vn 0.6039 0.1832 -0.7757
vn 0.7002 0.2518 -0.6680
vn 0.7122 0.2161 -0.6679
vn 0.6728 0.1632 -0.7216
vn 0.6141 0.1390 -0.7769
vn 0.7221 0.1797 -0.6681
vn 0.5452 0.2322 -0.8055
vn 0.5806 0.2394 -0.7782
vn 0.5515 0.2201 -0.8046
vn 0.6435 0.2538 -0.7221
vn 0.6938 0.2688 -0.6681
vn 0.7158 0.2763 -0.6413
vn 0.7223 0.2587 -0.6414
vn 0.7342 0.2227 -0.6414
vn 0.7443 0.1862 -0.6414
vn 0.7487 0.1679 -0.6413
vn 0.7262 0.1619 -0.6681
vn 0.6761 0.1465 -0.7221
vn 0.6157 0.1235 -0.7782
vn 0.5809 0.1234 -0.8046
vn 0.5823 0.1098 -0.8055
vn 0.5691 0.1726 -0.8039
vn 0.2931 0.0889 -0.9519
vn 0.3334 0.1541 -0.9301
vn 0.3909 0.1185 -0.9128
vn 0.3628 0.0571 -0.9301
vn 0.4131 0.2111 -0.8859
vn 0.4538 0.1376 -0.8804
vn 0.4607 0.0539 -0.8859
vn 0.2238 0.0679 -0.9723
vn 0.2325 0.0819 -0.9692
vn 0.2388 0.0611 -0.9692
vn 0.3016 0.1722 -0.9378
vn 0.3464 0.0244 -0.9378
vn 0.4554 0.2186 -0.8630
vn 0.4630 0.2096 -0.8612
vn 0.3993 0.2105 -0.8923
vn 0.4869 0.1477 -0.8609
vn 0.5001 0.0712 -0.8630
vn 0.4490 0.0468 -0.8923
vn 0.5014 0.0829 -0.8612
vn 0.9318 0.3334 0.1438
vn 0.9325 0.3336 0.1387
vn 0.9477 0.2875 0.1387
vn 0.9470 0.2873 0.1438
vn 0.9328 0.3337 0.1363
vn 0.9480 0.2876 0.1363
vn 0.9606 0.2407 0.1387
vn 0.9599 0.2405 0.1438
vn 0.9610 0.2407 0.1363
vn 0.9228 0.3559 0.1473
vn 0.9233 0.3561 0.1438
vn 0.9313 0.3332 0.1473
vn 0.9240 0.3564 0.1386
vn 0.9243 0.3565 0.1363
vn 0.9244 0.3565 0.1356
vn 0.9329 0.3337 0.1356
vn 0.9481 0.2876 0.1356
vn 0.9611 0.2408 0.1356
vn 0.9667 0.2171 0.1356
vn 0.9666 0.2171 0.1363
vn 0.9663 0.2170 0.1386
vn 0.9656 0.2169 0.1438
vn 0.9594 0.2404 0.1473
vn 0.9650 0.2168 0.1473
vn 0.9465 0.2871 0.1473
vn 0.9104 0.3257 0.2552
vn 0.9204 0.3293 0.2110
vn 0.9354 0.2838 0.2110
vn 0.9253 0.2807 0.2552
vn 0.9268 0.3316 0.1761
vn 0.9420 0.2858 0.1761
vn 0.9482 0.2376 0.2110
vn 0.9379 0.2350 0.2552
vn 0.9549 0.2392 0.1761
vn 0.8940 0.3448 0.2862
vn 0.9021 0.3479 0.2551
vn 0.9021 0.3228 0.2863
vn 0.9120 0.3518 0.2110
vn 0.9184 0.3542 0.1760
vn 0.9206 0.3551 0.1625
vn 0.9290 0.3324 0.1625
vn 0.9442 0.2864 0.1625
vn 0.9571 0.2398 0.1625
vn 0.9627 0.2162 0.1625
vn 0.9605 0.2157 0.1760
vn 0.9537 0.2142 0.2110
vn 0.9434 0.2119 0.2551
vn 0.9294 0.2328 0.2863
vn 0.9349 0.2100 0.2862
vn 0.9169 0.2781 0.2863
vn 0.9231 0.3303 -0.1969
vn 0.9242 0.3306 -0.1914
vn 0.9392 0.2849 -0.1914
vn 0.9382 0.2846 -0.1969
vn 0.9230 0.3302 -0.1974
vn 0.9381 0.2846 -0.1974
vn 0.9521 0.2385 -0.1914
vn 0.9510 0.2383 -0.1969
vn 0.9509 0.2382 -0.1974
vn 0.9137 0.3524 -0.2021
vn 0.9148 0.3528 -0.1968
vn 0.9221 0.3299 -0.2022
vn 0.9158 0.3532 -0.1913
vn 0.9147 0.3528 -0.1973
vn 0.9135 0.3523 -0.2034
vn 0.9219 0.3298 -0.2035
vn 0.9369 0.2842 -0.2035
vn 0.9497 0.2379 -0.2035
vn 0.9553 0.2146 -0.2034
vn 0.9565 0.2148 -0.1973
vn 0.9577 0.2151 -0.1913
vn 0.9566 0.2149 -0.1968
vn 0.9500 0.2380 -0.2022
vn 0.9555 0.2146 -0.2021
vn 0.9372 0.2843 -0.2022
vn 0.3048 0.0300 -0.9519
vn 0.3571 0.0861 -0.9301
vn 0.4065 0.0400 -0.9128
vn 0.3670 -0.0147 -0.9301
vn 0.4463 0.1265 -0.8859
vn 0.4719 0.0465 -0.8804
vn 0.4624 -0.0370 -0.8859
vn 0.2327 0.0229 -0.9723
vn 0.2440 0.0349 -0.9692
vn 0.2461 0.0133 -0.9692
vn 0.3294 0.1101 -0.9378
vn 0.3445 -0.0437 -0.9378
vn 0.4893 0.1256 -0.8630
vn 0.4950 0.1153 -0.8612
vn 0.4327 0.1286 -0.8923
vn 0.5063 0.0499 -0.8609
vn 0.5044 -0.0277 -0.8630
vn 0.4495 -0.0417 -0.8923
vn 0.5079 -0.0165 -0.8612
vn 0.9789 0.1452 0.1438
vn 0.9796 0.1453 0.1387
vn 0.9856 0.0971 0.1387
vn 0.9848 0.0970 0.1438
vn 0.9800 0.1453 0.1363
vn 0.9859 0.0971 0.1363
vn 0.9891 0.0486 0.1387
vn 0.9884 0.0486 0.1438
vn 0.9895 0.0486 0.1363
vn 0.9745 0.1691 0.1473
vn 0.9750 0.1691 0.1438
vn 0.9784 0.1451 0.1473
vn 0.9758 0.1693 0.1386
vn 0.9761 0.1693 0.1363
vn 0.9762 0.1693 0.1356
vn 0.9800 0.1453 0.1356
vn 0.9860 0.0971 0.1356
vn 0.9896 0.0486 0.1356
vn 0.9905 0.0244 0.1356
vn 0.9904 0.0244 0.1363
vn 0.9900 0.0243 0.1386
vn 0.9893 0.0243 0.1438
vn 0.9879 0.0486 0.1473
vn 0.9888 0.0243 0.1473
vn 0.9843 0.0969 0.1473
vn 0.9564 0.1418 0.2552
vn 0.9669 0.1434 0.2110
vn 0.9728 0.0958 0.2110
vn 0.9622 0.0948 0.2552
vn 0.9737 0.1444 0.1761
vn 0.9796 0.0965 0.1761
vn 0.9763 0.0480 0.2110
vn 0.9657 0.0475 0.2552
vn 0.9832 0.0483 0.1761
vn 0.9441 0.1638 0.2862
vn 0.9527 0.1653 0.2551
vn 0.9478 0.1406 0.2863
vn 0.9631 0.1671 0.2110
vn 0.9699 0.1683 0.1760
vn 0.9722 0.1687 0.1625
vn 0.9760 0.1447 0.1625
vn 0.9820 0.0967 0.1625
vn 0.9855 0.0485 0.1625
vn 0.9864 0.0243 0.1625
vn 0.9841 0.0242 0.1760
vn 0.9772 0.0240 0.2110
vn 0.9666 0.0238 0.2551
vn 0.9570 0.0471 0.2863
vn 0.9579 0.0236 0.2862
vn 0.9535 0.0939 0.2863
vn 0.9698 0.1438 -0.1969
vn 0.9709 0.1440 -0.1914
vn 0.9768 0.0962 -0.1914
vn 0.9757 0.0961 -0.1969
vn 0.9697 0.1438 -0.1974
vn 0.9756 0.0961 -0.1974
vn 0.9803 0.0482 -0.1914
vn 0.9792 0.0481 -0.1969
vn 0.9791 0.0481 -0.1974
vn 0.9649 0.1674 -0.2021
vn 0.9660 0.1676 -0.1968
vn 0.9687 0.1437 -0.2022
vn 0.9671 0.1678 -0.1913
vn 0.9659 0.1676 -0.1973
vn 0.9647 0.1674 -0.2034
vn 0.9685 0.1436 -0.2035
vn 0.9744 0.0960 -0.2035
vn 0.9779 0.0481 -0.2035
vn 0.9788 0.0241 -0.2034
vn 0.9800 0.0241 -0.1973
vn 0.9812 0.0241 -0.1913
vn 0.9801 0.0241 -0.1968
vn 0.9782 0.0481 -0.2022
vn 0.9791 0.0241 -0.2021
vn 0.9746 0.0960 -0.2022
vn 0.9493 0.1408 -0.2812
vn 0.9561 0.1418 -0.2565
vn 0.9619 0.0947 -0.2565
vn 0.9550 0.0941 -0.2812
vn 0.9619 0.1426 -0.2332
vn 0.9677 0.0953 -0.2332
vn 0.9654 0.0475 -0.2565
vn 0.9585 0.0471 -0.2812
vn 0.9713 0.0478 -0.2332
vn 0.9418 0.1634 -0.2939
vn 0.9455 0.1640 -0.2811
vn 0.9455 0.1402 -0.2940
vn 0.9523 0.1652 -0.2564
vn 0.9581 0.1662 -0.2331
vn 0.9607 0.1667 -0.2218
vn 0.9645 0.1430 -0.2219
vn 0.9704 0.0956 -0.2219
vn 0.9739 0.0479 -0.2219
vn 0.9748 0.0240 -0.2218
vn 0.9722 0.0239 -0.2331
vn 0.9663 0.0238 -0.2564
vn 0.9594 0.0236 -0.2811
vn 0.9546 0.0469 -0.2940
vn 0.9555 0.0235 -0.2939
vn 0.9512 0.0937 -0.2940
vn 0.9067 0.1345 -0.3997
vn 0.9203 0.1365 -0.3666
vn 0.9259 0.0912 -0.3666
vn 0.9122 0.0898 -0.3997
vn 0.9316 0.1382 -0.3361
vn 0.9373 0.0923 -0.3361
vn 0.9292 0.0457 -0.3666
vn 0.9155 0.0450 -0.3997
vn 0.9407 0.0462 -0.3361
vn 0.8956 0.1554 -0.4169
vn 0.9032 0.1567 -0.3996
vn 0.8991 0.1333 -0.4170
vn 0.9167 0.1590 -0.3665
vn 0.9280 0.1610 -0.3360
vn 0.9330 0.1619 -0.3213
vn 0.9367 0.1389 -0.3214
vn 0.9424 0.0928 -0.3214
vn 0.9458 0.0465 -0.3214
vn 0.9467 0.0233 -0.3213
vn 0.9416 0.0232 -0.3360
vn 0.9301 0.0229 -0.3665
vn 0.9164 0.0225 -0.3996
vn 0.9078 0.0446 -0.4170
vn 0.9087 0.0223 -0.4169
vn 0.9045 0.0891 -0.4170
vn 0.8164 0.1211 -0.5646
vn 0.8462 0.1255 -0.5178
vn 0.8514 0.0838 -0.5178
vn 0.8214 0.0809 -0.5646
vn 0.8705 0.1291 -0.4750
vn 0.8758 0.0862 -0.4750
vn 0.8545 0.0420 -0.5178
vn 0.8244 0.0405 -0.5646
vn 0.8789 0.0432 -0.4750
vn 0.7963 0.1381 -0.5889
vn 0.8133 0.1411 -0.5645
vn 0.7994 0.1185 -0.5890
vn 0.8430 0.1462 -0.5177
vn 0.8671 0.1504 -0.4749
vn 0.8777 0.1522 -0.4544
vn 0.8811 0.1307 -0.4545
vn 0.8864 0.0873 -0.4545
vn 0.8897 0.0437 -0.4545
vn 0.8905 0.0219 -0.4544
vn 0.8798 0.0216 -0.4749
vn 0.8553 0.0210 -0.5177
vn 0.8252 0.0203 -0.5645
vn 0.8072 0.0397 -0.5890
vn 0.8080 0.0199 -0.5889
vn 0.8042 0.0792 -0.5890
vn 0.6205 0.1066 -0.7769
vn 0.6840 0.1067 -0.7216
vn 0.6895 0.0679 -0.7211
vn 0.6280 0.0619 -0.7757
vn 0.7359 0.1103 -0.6681
vn 0.7407 0.0729 -0.6679
vn 0.6917 0.0288 -0.7216
vn 0.6294 0.0165 -0.7769
vn 0.7433 0.0354 -0.6681
vn 0.5800 0.1214 -0.8055
vn 0.6161 0.1215 -0.7782
vn 0.5839 0.1083 -0.8046
vn 0.6807 0.1233 -0.7221
vn 0.7329 0.1283 -0.6681
vn 0.7559 0.1314 -0.6413
vn 0.7589 0.1128 -0.6414
vn 0.7635 0.0752 -0.6414
vn 0.7663 0.0374 -0.6414
vn 0.7670 0.0186 -0.6413
vn 0.7439 0.0171 -0.6681
vn 0.6917 0.0118 -0.7221
vn 0.6280 0.0010 -0.7782
vn 0.5938 0.0077 -0.8046
vn 0.5926 -0.0059 -0.8055
vn 0.5919 0.0583 -0.8039
vn 0.9155 -0.0450 -0.3997
vn 0.9292 -0.0457 -0.3666
vn 0.9259 -0.0912 -0.3666
vn 0.9122 -0.0898 -0.3997
vn 0.9407 -0.0462 -0.3361
vn 0.9373 -0.0923 -0.3361
vn 0.9203 -0.1365 -0.3666
vn 0.9067 -0.1345 -0.3997
vn 0.9316 -0.1382 -0.3361
vn 0.9087 -0.0223 -0.4169
vn 0.9164 -0.0225 -0.3996
vn 0.9078 -0.0446 -0.4170
vn 0.9301 -0.0229 -0.3665
vn 0.9416 -0.0232 -0.3360
vn 0.9467 -0.0233 -0.3213
vn 0.9458 -0.0465 -0.3214
vn 0.9424 -0.0928 -0.3214
vn 0.9367 -0.1389 -0.3214
vn 0.9330 -0.1619 -0.3213
vn 0.9280 -0.1610 -0.3360
vn 0.9167 -0.1590 -0.3665
vn 0.9032 -0.1567 -0.3996
vn 0.8991 -0.1333 -0.4170
vn 0.8956 -0.1554 -0.4169
vn 0.9045 -0.0891 -0.4170
vn 0.8244 -0.0405 -0.5646
vn 0.8545 -0.0420 -0.5178
vn 0.8514 -0.0838 -0.5178
vn 0.8214 -0.0809 -0.5646
vn 0.8789 -0.0432 -0.4750
vn 0.8758 -0.0862 -0.4750
vn 0.8462 -0.1255 -0.5178
vn 0.8164 -0.1211 -0.5646
vn 0.8705 -0.1291 -0.4750
vn 0.8080 -0.0199 -0.5889
vn 0.8252 -0.0203 -0.5645
vn 0.8072 -0.0397 -0.5890
vn 0.8553 -0.0210 -0.5177
vn 0.8798 -0.0216 -0.4749
vn 0.8905 -0.0219 -0.4544
vn 0.8897 -0.0437 -0.4545
vn 0.8864 -0.0873 -0.4545
vn 0.8811 -0.1306 -0.4545
vn 0.8777 -0.1522 -0.4544
vn 0.8671 -0.1504 -0.4749
vn 0.8430 -0.1462 -0.5177
vn 0.8133 -0.1411 -0.5645
vn 0.7994 -0.1185 -0.5890
vn 0.7963 -0.1381 -0.5889
vn 0.8042 -0.0792 -0.5890
vn 0.6294 -0.0165 -0.7769
vn 0.6917 -0.0288 -0.7216
vn 0.6895 -0.0679 -0.7211
vn 0.6280 -0.0619 -0.7757
vn 0.7433 -0.0354 -0.6681
vn 0.7407 -0.0729 -0.6679
vn 0.6840 -0.1067 -0.7216
vn 0.6205 -0.1066 -0.7769
vn 0.7359 -0.1103 -0.6681
vn 0.5926 0.0059 -0.8055
vn 0.6280 -0.0010 -0.7782
vn 0.5938 -0.0077 -0.8046
vn 0.6917 -0.0118 -0.7221
vn 0.7439 -0.0171 -0.6681
vn 0.7670 -0.0186 -0.6413
vn 0.7663 -0.0374 -0.6414
vn 0.7635 -0.0752 -0.6414
vn 0.7589 -0.1128 -0.6414
vn 0.7559 -0.1314 -0.6413
vn 0.7329 -0.1283 -0.6681
vn 0.6807 -0.1233 -0.7221
vn 0.6161 -0.1215 -0.7782
vn 0.5839 -0.1083 -0.8046
vn 0.5800 -0.1214 -0.8055
vn 0.5919 -0.0583 -0.8039
vn 0.3048 -0.0300 -0.9519
vn 0.3670 0.0147 -0.9301
vn 0.4065 -0.0400 -0.9128
vn 0.3571 -0.0860 -0.9301
vn 0.4624 0.0370 -0.8859
vn 0.4719 -0.0465 -0.8804
vn 0.4463 -0.1265 -0.8859
vn 0.2327 -0.0229 -0.9723
vn 0.2461 -0.0133 -0.9692
vn 0.2440 -0.0349 -0.9692
vn 0.3445 0.0437 -0.9378
vn 0.3294 -0.1100 -0.9378
vn 0.5044 0.0277 -0.8630
vn 0.5079 0.0165 -0.8612
vn 0.4495 0.0417 -0.8923
vn 0.5063 -0.0499 -0.8609
vn 0.4893 -0.1256 -0.8630
vn 0.4327 -0.1286 -0.8923
vn 0.4950 -0.1153 -0.8612
vn 0.9884 -0.0486 0.1438
vn 0.9891 -0.0486 0.1387
vn 0.9856 -0.0971 0.1387
vn 0.9848 -0.0970 0.1438
vn 0.9895 -0.0486 0.1363
vn 0.9859 -0.0971 0.1363
vn 0.9796 -0.1453 0.1387
vn 0.9789 -0.1452 0.1438
vn 0.9800 -0.1453 0.1363
vn 0.9888 -0.0243 0.1473
vn 0.9893 -0.0243 0.1438
vn 0.9879 -0.0486 0.1473
vn 0.9900 -0.0243 0.1386
vn 0.9904 -0.0244 0.1363
vn 0.9905 -0.0244 0.1356
vn 0.9896 -0.0486 0.1356
vn 0.9860 -0.0971 0.1356
vn 0.9800 -0.1453 0.1356
vn 0.9762 -0.1693 0.1356
vn 0.9761 -0.1693 0.1363
vn 0.9758 -0.1693 0.1386
vn 0.9750 -0.1691 0.1438
vn 0.9784 -0.1451 0.1473
vn 0.9745 -0.1691 0.1473
vn 0.9843 -0.0969 0.1473
vn 0.9657 -0.0475 0.2552
vn 0.9763 -0.0480 0.2110
vn 0.9728 -0.0958 0.2110
vn 0.9622 -0.0948 0.2552
vn 0.9832 -0.0483 0.1761
vn 0.9796 -0.0965 0.1761
vn 0.9669 -0.1434 0.2110
vn 0.9564 -0.1418 0.2552
vn 0.9737 -0.1444 0.1761
vn 0.9579 -0.0236 0.2862
vn 0.9666 -0.0238 0.2551
vn 0.9570 -0.0470 0.2863
vn 0.9772 -0.0240 0.2110
vn 0.9841 -0.0242 0.1760
vn 0.9864 -0.0243 0.1625
vn 0.9855 -0.0485 0.1625
vn 0.9820 -0.0967 0.1625
vn 0.9760 -0.1447 0.1625
vn 0.9722 -0.1686 0.1625
vn 0.9699 -0.1683 0.1760
vn 0.9631 -0.1671 0.2110
vn 0.9527 -0.1653 0.2551
vn 0.9478 -0.1406 0.2863
vn 0.9441 -0.1638 0.2862
vn 0.9535 -0.0939 0.2863
vn 0.9792 -0.0481 -0.1969
vn 0.9803 -0.0482 -0.1914
vn 0.9768 -0.0962 -0.1914
vn 0.9757 -0.0961 -0.1969
vn 0.9791 -0.0481 -0.1974
vn 0.9756 -0.0961 -0.1974
vn 0.9709 -0.1440 -0.1914
vn 0.9698 -0.1438 -0.1969
vn 0.9697 -0.1438 -0.1974
vn 0.9791 -0.0241 -0.2021
vn 0.9801 -0.0241 -0.1968
vn 0.9782 -0.0481 -0.2022
vn 0.9812 -0.0241 -0.1913
vn 0.9800 -0.0241 -0.1973
vn 0.9788 -0.0241 -0.2034
vn 0.9779 -0.0481 -0.2035
vn 0.9744 -0.0960 -0.2035
vn 0.9685 -0.1436 -0.2035
vn 0.9647 -0.1674 -0.2034
vn 0.9659 -0.1676 -0.1973
vn 0.9671 -0.1678 -0.1913
vn 0.9660 -0.1676 -0.1968
vn 0.9687 -0.1437 -0.2022
vn 0.9649 -0.1674 -0.2021
vn 0.9746 -0.0960 -0.2022
vn 0.9585 -0.0471 -0.2812
vn 0.9654 -0.0475 -0.2565
vn 0.9619 -0.0947 -0.2565
vn 0.9550 -0.0941 -0.2812
vn 0.9713 -0.0478 -0.2332
vn 0.9677 -0.0953 -0.2332
vn 0.9561 -0.1418 -0.2565
vn 0.9493 -0.1408 -0.2812
vn 0.9619 -0.1426 -0.2332
vn 0.9555 -0.0235 -0.2939
vn 0.9594 -0.0236 -0.2811
vn 0.9546 -0.0469 -0.2940
vn 0.9663 -0.0238 -0.2564
vn 0.9722 -0.0239 -0.2331
vn 0.9748 -0.0240 -0.2218
vn 0.9739 -0.0479 -0.2219
vn 0.9704 -0.0956 -0.2219
vn 0.9645 -0.1430 -0.2219
vn 0.9607 -0.1667 -0.2218
vn 0.9581 -0.1662 -0.2331
vn 0.9523 -0.1652 -0.2564
vn 0.9455 -0.1640 -0.2811
vn 0.9455 -0.1402 -0.2940
vn 0.9418 -0.1634 -0.2939
vn 0.9512 -0.0937 -0.2940
vn 0.9599 -0.2405 0.1438
vn 0.9607 -0.2407 0.1387
vn 0.9477 -0.2875 0.1387
vn 0.9470 -0.2873 0.1438
vn 0.9610 -0.2407 0.1363
vn 0.9480 -0.2876 0.1363
vn 0.9325 -0.3336 0.1387
vn 0.9318 -0.3333 0.1438
vn 0.9328 -0.3337 0.1363
vn 0.9650 -0.2168 0.1473
vn 0.9656 -0.2169 0.1438
vn 0.9594 -0.2404 0.1473
vn 0.9663 -0.2170 0.1386
vn 0.9666 -0.2171 0.1363
vn 0.9667 -0.2171 0.1356
vn 0.9611 -0.2408 0.1356
vn 0.9481 -0.2876 0.1356
vn 0.9329 -0.3337 0.1356
vn 0.9244 -0.3565 0.1356
vn 0.9243 -0.3565 0.1363
vn 0.9240 -0.3564 0.1386
vn 0.9233 -0.3561 0.1438
vn 0.9313 -0.3332 0.1473
vn 0.9228 -0.3559 0.1473
vn 0.9465 -0.2871 0.1473
vn 0.9379 -0.2350 0.2552
vn 0.9482 -0.2376 0.2110
vn 0.9354 -0.2838 0.2110
vn 0.9253 -0.2807 0.2552
vn 0.9549 -0.2392 0.1761
vn 0.9420 -0.2858 0.1761
vn 0.9204 -0.3293 0.2110
vn 0.9104 -0.3257 0.2552
vn 0.9268 -0.3316 0.1761
vn 0.9349 -0.2100 0.2862
vn 0.9434 -0.2119 0.2551
vn 0.9294 -0.2329 0.2863
vn 0.9537 -0.2142 0.2110
vn 0.9605 -0.2157 0.1760
vn 0.9627 -0.2162 0.1625
vn 0.9571 -0.2398 0.1625
vn 0.9442 -0.2864 0.1625
vn 0.9290 -0.3324 0.1625
vn 0.9206 -0.3551 0.1625
vn 0.9184 -0.3542 0.1760
vn 0.9120 -0.3518 0.2110
vn 0.9021 -0.3479 0.2551
vn 0.9021 -0.3228 0.2863
vn 0.8940 -0.3448 0.2862
vn 0.9169 -0.2781 0.2863
vn 0.9510 -0.2383 -0.1969
vn 0.9521 -0.2385 -0.1914
vn 0.9392 -0.2849 -0.1914
vn 0.9382 -0.2846 -0.1969
vn 0.9509 -0.2382 -0.1974
vn 0.9381 -0.2846 -0.1974
vn 0.9242 -0.3306 -0.1914
vn 0.9231 -0.3303 -0.1969
vn 0.9230 -0.3302 -0.1974
vn 0.9555 -0.2146 -0.2021
vn 0.9566 -0.2149 -0.1968
vn 0.9500 -0.2380 -0.2022
vn 0.9577 -0.2151 -0.1913
vn 0.9565 -0.2148 -0.1973
vn 0.9553 -0.2146 -0.2034
vn 0.9497 -0.2379 -0.2035
vn 0.9369 -0.2842 -0.2035
vn 0.9219 -0.3298 -0.2035
vn 0.9135 -0.3523 -0.2034
vn 0.9147 -0.3528 -0.1973
vn 0.9158 -0.3532 -0.1913
vn 0.9148 -0.3528 -0.1968
vn 0.9221 -0.3299 -0.2022
vn 0.9137 -0.3524 -0.2021
vn 0.9372 -0.2843 -0.2022
vn 0.9309 -0.2332 -0.2812
vn 0.9376 -0.2349 -0.2565
vn 0.9249 -0.2806 -0.2565
vn 0.9183 -0.2786 -0.2812
vn 0.9433 -0.2363 -0.2332
vn 0.9306 -0.2823 -0.2332
vn 0.9101 -0.3256 -0.2565
vn 0.9036 -0.3233 -0.2812
vn 0.9156 -0.3276 -0.2332
vn 0.9326 -0.2095 -0.2939
vn 0.9363 -0.2103 -0.2811
vn 0.9271 -0.2323 -0.2940
vn 0.9431 -0.2118 -0.2564
vn 0.9488 -0.2131 -0.2331
vn 0.9514 -0.2137 -0.2218
vn 0.9458 -0.2370 -0.2219
vn 0.9331 -0.2831 -0.2219
vn 0.9181 -0.3285 -0.2219
vn 0.9098 -0.3509 -0.2218
vn 0.9073 -0.3499 -0.2331
vn 0.9018 -0.3478 -0.2564
vn 0.8954 -0.3453 -0.2811
vn 0.8999 -0.3220 -0.2940
vn 0.8918 -0.3440 -0.2939
vn 0.9146 -0.2775 -0.2940
vn 0.8892 -0.2228 -0.3997
vn 0.9025 -0.2261 -0.3666
vn 0.8903 -0.2701 -0.3666
vn 0.8772 -0.2661 -0.3997
vn 0.9136 -0.2289 -0.3361
vn 0.9013 -0.2734 -0.3361
vn 0.8760 -0.3134 -0.3666
vn 0.8631 -0.3088 -0.3997
vn 0.8868 -0.3173 -0.3361
vn 0.8869 -0.1992 -0.4169
vn 0.8944 -0.2009 -0.3996
vn 0.8817 -0.2209 -0.4170
vn 0.9078 -0.2039 -0.3665
vn 0.9190 -0.2064 -0.3360
vn 0.9240 -0.2075 -0.3213
vn 0.9186 -0.2301 -0.3214
vn 0.9062 -0.2749 -0.3214
vn 0.8916 -0.3190 -0.3214
vn 0.8835 -0.3408 -0.3213
vn 0.8788 -0.3389 -0.3360
vn 0.8681 -0.3348 -0.3665
vn 0.8553 -0.3299 -0.3996
vn 0.8558 -0.3062 -0.4170
vn 0.8481 -0.3271 -0.4169
vn 0.8698 -0.2639 -0.4170
vn 0.8006 -0.2006 -0.5646
vn 0.8298 -0.2079 -0.5178
vn 0.8186 -0.2483 -0.5178
vn 0.7898 -0.2396 -0.5646
vn 0.8536 -0.2139 -0.4750
vn 0.8421 -0.2555 -0.4750
vn 0.8055 -0.2882 -0.5178
vn 0.7771 -0.2780 -0.5646
vn 0.8286 -0.2964 -0.4750
vn 0.7886 -0.1771 -0.5889
vn 0.8054 -0.1809 -0.5645
vn 0.7839 -0.1964 -0.5890
vn 0.8348 -0.1875 -0.5177
vn 0.8587 -0.1929 -0.4749
vn 0.8691 -0.1952 -0.4544
vn 0.8640 -0.2165 -0.4545
vn 0.8524 -0.2586 -0.4545
vn 0.8387 -0.3001 -0.4545
vn 0.8311 -0.3206 -0.4544
vn 0.8211 -0.3167 -0.4749
vn 0.7982 -0.3079 -0.5177
vn 0.7701 -0.2970 -0.5645
vn 0.7609 -0.2722 -0.5890
vn 0.7541 -0.2909 -0.5889
vn 0.7733 -0.2346 -0.5890
vn 0.6141 -0.1390 -0.7769
vn 0.6728 -0.1632 -0.7216
vn 0.6630 -0.2011 -0.7211
vn 0.6039 -0.1832 -0.7757
vn 0.7221 -0.1797 -0.6681
vn 0.7122 -0.2161 -0.6679
vn 0.6501 -0.2381 -0.7216
vn 0.5878 -0.2256 -0.7769
vn 0.7002 -0.2518 -0.6680
vn 0.5823 -0.1098 -0.8055
vn 0.6157 -0.1235 -0.7782
vn 0.5809 -0.1234 -0.8046
vn 0.6761 -0.1465 -0.7221
vn 0.7262 -0.1619 -0.6681
vn 0.7487 -0.1679 -0.6413
vn 0.7443 -0.1862 -0.6414
vn 0.7342 -0.2227 -0.6414
vn 0.7223 -0.2587 -0.6414
vn 0.7158 -0.2763 -0.6413
vn 0.6938 -0.2688 -0.6681
vn 0.6436 -0.2537 -0.7221
vn 0.5806 -0.2394 -0.7782
vn 0.5515 -0.2201 -0.8046
vn 0.5452 -0.2322 -0.8055
vn 0.5691 -0.1726 -0.8039
vn 0.2931 -0.0889 -0.9519
vn 0.3628 -0.0571 -0.9301
vn 0.3909 -0.1186 -0.9128
vn 0.3334 -0.1540 -0.9301
vn 0.4607 -0.0540 -0.8859
vn 0.4538 -0.1376 -0.8804
vn 0.4131 -0.2111 -0.8859
vn 0.2238 -0.0679 -0.9723
vn 0.2388 -0.0611 -0.9692
vn 0.2325 -0.0819 -0.9692
vn 0.3464 -0.0244 -0.9378
vn 0.3016 -0.1722 -0.9378
vn 0.5001 -0.0712 -0.8630
vn 0.5014 -0.0829 -0.8612
vn 0.4490 -0.0468 -0.8923
vn 0.4869 -0.1477 -0.8609
vn 0.4554 -0.2186 -0.8630
vn 0.3993 -0.2105 -0.8923
vn 0.4630 -0.2096 -0.8612
vn 0.8286 -0.3920 -0.3997
vn 0.8410 -0.3978 -0.3666
vn 0.8205 -0.4386 -0.3666
vn 0.8084 -0.4321 -0.3997
vn 0.8514 -0.4027 -0.3361
vn 0.8306 -0.4440 -0.3361
vn 0.7980 -0.4783 -0.3666
vn 0.7862 -0.4712 -0.3997
vn 0.8079 -0.4842 -0.3361
vn 0.8310 -0.3684 -0.4169
vn 0.8380 -0.3715 -0.3996
vn 0.8216 -0.3887 -0.4170
vn 0.8506 -0.3771 -0.3665
vn 0.8610 -0.3817 -0.3360
vn 0.8657 -0.3838 -0.3213
vn 0.8560 -0.4049 -0.3214
vn 0.8351 -0.4464 -0.3214
vn 0.8122 -0.4868 -0.3214
vn 0.8001 -0.5066 -0.3213
vn 0.7958 -0.5039 -0.3360
vn 0.7861 -0.4977 -0.3665
vn 0.7745 -0.4904 -0.3996
vn 0.7796 -0.4673 -0.4170
vn 0.7680 -0.4863 -0.4169
vn 0.8016 -0.4285 -0.4170
vn 0.7461 -0.3529 -0.5646
vn 0.7733 -0.3658 -0.5178
vn 0.7545 -0.4033 -0.5178
vn 0.7279 -0.3891 -0.5646
vn 0.7955 -0.3763 -0.4750
vn 0.7761 -0.4148 -0.4750
vn 0.7338 -0.4398 -0.5178
vn 0.7079 -0.4243 -0.5646
vn 0.7548 -0.4524 -0.4750
vn 0.7389 -0.3276 -0.5889
vn 0.7546 -0.3345 -0.5645
vn 0.7305 -0.3455 -0.5890
vn 0.7821 -0.3467 -0.5177
vn 0.8045 -0.3567 -0.4749
vn 0.8143 -0.3610 -0.4544
vn 0.8052 -0.3809 -0.4545
vn 0.7855 -0.4199 -0.4545
vn 0.7640 -0.4579 -0.4545
vn 0.7526 -0.4765 -0.4544
vn 0.7435 -0.4708 -0.4749
vn 0.7228 -0.4577 -0.5177
vn 0.6974 -0.4416 -0.5645
vn 0.6932 -0.4154 -0.5890
vn 0.6828 -0.4324 -0.5889
vn 0.7127 -0.3810 -0.5890
vn 0.5752 -0.2561 -0.7769
vn 0.6280 -0.2913 -0.7216
vn 0.6110 -0.3266 -0.7211
vn 0.5566 -0.2975 -0.7757
vn 0.6732 -0.3171 -0.6680
vn 0.6564 -0.3508 -0.6679
vn 0.5911 -0.3603 -0.7216
vn 0.5325 -0.3360 -0.7769
vn 0.6377 -0.3835 -0.6680
vn 0.5497 -0.2213 -0.8055
vn 0.5798 -0.2413 -0.7782
vn 0.5456 -0.2343 -0.8046
vn 0.6345 -0.2756 -0.7221
vn 0.6807 -0.3005 -0.6681
vn 0.7015 -0.3108 -0.6413
vn 0.6936 -0.3278 -0.6414
vn 0.6766 -0.3617 -0.6414
vn 0.6579 -0.3946 -0.6414
vn 0.6481 -0.4107 -0.6413
vn 0.6280 -0.3990 -0.6681
vn 0.5817 -0.3744 -0.7221
vn 0.5227 -0.3481 -0.7782
vn 0.4980 -0.3235 -0.8046
vn 0.4894 -0.3341 -0.8055
vn 0.5245 -0.2804 -0.8039
vn 0.2701 -0.1444 -0.9519
vn 0.3447 -0.1268 -0.9301
vn 0.3602 -0.1926 -0.9128
vn 0.2969 -0.2161 -0.9301
vn 0.4413 -0.1428 -0.8859
vn 0.4182 -0.2235 -0.8804
vn 0.3639 -0.2876 -0.8859
vn 0.2062 -0.1102 -0.9723
vn 0.2223 -0.1065 -0.9692
vn 0.2120 -0.1257 -0.9692
vn 0.3350 -0.0915 -0.9378
vn 0.2622 -0.2277 -0.9378
vn 0.4766 -0.1674 -0.8630
vn 0.4756 -0.1791 -0.8612
vn 0.4312 -0.1335 -0.8923
vn 0.4487 -0.2398 -0.8609
vn 0.4040 -0.3033 -0.8630
vn 0.3505 -0.2844 -0.8923
vn 0.4132 -0.2959 -0.8612
vn 0.8946 -0.4231 0.1438
vn 0.8952 -0.4235 0.1387
vn 0.8734 -0.4668 0.1387
vn 0.8728 -0.4665 0.1438
vn 0.8955 -0.4236 0.1363
vn 0.8737 -0.4670 0.1363
vn 0.8495 -0.5091 0.1387
vn 0.8488 -0.5087 0.1438
vn 0.8497 -0.5093 0.1363
vn 0.9042 -0.4009 0.1473
vn 0.9047 -0.4011 0.1438
vn 0.8941 -0.4229 0.1473
vn 0.9054 -0.4014 0.1386
vn 0.9057 -0.4015 0.1363
vn 0.9057 -0.4015 0.1356
vn 0.8956 -0.4237 0.1356
vn 0.8738 -0.4671 0.1356
vn 0.8498 -0.5093 0.1356
vn 0.8371 -0.5300 0.1356
vn 0.8370 -0.5300 0.1363
vn 0.8367 -0.5298 0.1386
vn 0.8361 -0.5294 0.1438
vn 0.8484 -0.5085 0.1473
vn 0.8357 -0.5291 0.1473
vn 0.8723 -0.4662 0.1473
vn 0.8740 -0.4134 0.2552
vn 0.8836 -0.4180 0.2110
vn 0.8621 -0.4608 0.2110
vn 0.8527 -0.4558 0.2552
vn 0.8899 -0.4209 0.1761
vn 0.8681 -0.4640 0.1761
vn 0.8384 -0.5025 0.2110
vn 0.8293 -0.4970 0.2552
vn 0.8443 -0.5060 0.1761
vn 0.8759 -0.3883 0.2862
vn 0.8839 -0.3919 0.2551
vn 0.8661 -0.4097 0.2863
vn 0.8936 -0.3962 0.2110
vn 0.8999 -0.3989 0.1760
vn 0.9020 -0.3999 0.1625
vn 0.8920 -0.4219 0.1625
vn 0.8702 -0.4651 0.1625
vn 0.8463 -0.5072 0.1625
vn 0.8337 -0.5278 0.1625
vn 0.8317 -0.5266 0.1760
vn 0.8259 -0.5229 0.2110
vn 0.8169 -0.5173 0.2551
vn 0.8218 -0.4925 0.2863
vn 0.8095 -0.5126 0.2862
vn 0.8450 -0.4517 0.2863
vn 0.8863 -0.4192 -0.1969
vn 0.8873 -0.4197 -0.1914
vn 0.8656 -0.4627 -0.1914
vn 0.8647 -0.4622 -0.1969
vn 0.8862 -0.4192 -0.1974
vn 0.8646 -0.4621 -0.1974
vn 0.8419 -0.5046 -0.1914
vn 0.8410 -0.5040 -0.1969
vn 0.8409 -0.5040 -0.1974
vn 0.8953 -0.3969 -0.2021
vn 0.8963 -0.3974 -0.1968
vn 0.8853 -0.4188 -0.2022
vn 0.8973 -0.3978 -0.1913
vn 0.8962 -0.3973 -0.1973
vn 0.8951 -0.3968 -0.2034
vn 0.8851 -0.4186 -0.2035
vn 0.8635 -0.4615 -0.2035
vn 0.8398 -0.5033 -0.2035
vn 0.8272 -0.5238 -0.2034
vn 0.8283 -0.5244 -0.1973
vn 0.8293 -0.5251 -0.1913
vn 0.8284 -0.5245 -0.1968
vn 0.8400 -0.5035 -0.2022
vn 0.8274 -0.5239 -0.2021
vn 0.8637 -0.4617 -0.2022
vn 0.8675 -0.4103 -0.2812
vn 0.8737 -0.4133 -0.2565
vn 0.8524 -0.4556 -0.2565
vn 0.8463 -0.4524 -0.2812
vn 0.8790 -0.4158 -0.2332
vn 0.8576 -0.4584 -0.2332
vn 0.8291 -0.4969 -0.2565
vn 0.8231 -0.4933 -0.2812
vn 0.8341 -0.4999 -0.2332
vn 0.8738 -0.3874 -0.2939
vn 0.8773 -0.3889 -0.2811
vn 0.8640 -0.4087 -0.2940
vn 0.8836 -0.3917 -0.2564
vn 0.8890 -0.3941 -0.2331
vn 0.8914 -0.3952 -0.2218
vn 0.8814 -0.4169 -0.2219
vn 0.8599 -0.4596 -0.2219
vn 0.8364 -0.5013 -0.2219
vn 0.8238 -0.5216 -0.2218
vn 0.8216 -0.5202 -0.2331
vn 0.8166 -0.5171 -0.2564
vn 0.8108 -0.5134 -0.2811
vn 0.8198 -0.4914 -0.2940
vn 0.8076 -0.5113 -0.2939
vn 0.8429 -0.4506 -0.2940
vn 0.7766 -0.5760 0.2552
vn 0.7851 -0.5823 0.2110
vn 0.7556 -0.6201 0.2110
vn 0.7474 -0.6134 0.2552
vn 0.7906 -0.5864 0.1761
vn 0.7609 -0.6245 0.1761
vn 0.7243 -0.6564 0.2110
vn 0.7164 -0.6493 0.2552
vn 0.7294 -0.6610 0.1761
vn 0.7834 -0.5518 0.2862
vn 0.7905 -0.5568 0.2551
vn 0.7696 -0.5708 0.2863
vn 0.7992 -0.5629 0.2110
vn 0.8048 -0.5668 0.1760
vn 0.8067 -0.5682 0.1625
vn 0.7925 -0.5878 0.1625
vn 0.7627 -0.6260 0.1625
vn 0.7311 -0.6626 0.1625
vn 0.7147 -0.6804 0.1625
vn 0.7130 -0.6787 0.1760
vn 0.7080 -0.6740 0.2110
vn 0.7003 -0.6667 0.2551
vn 0.7100 -0.6434 0.2863
vn 0.6940 -0.6607 0.2862
vn 0.7406 -0.6078 0.2863
vn 0.7875 -0.5841 -0.1969
vn 0.7883 -0.5847 -0.1914
vn 0.7587 -0.6227 -0.1914
vn 0.7579 -0.6220 -0.1969
vn 0.7874 -0.5840 -0.1974
vn 0.7578 -0.6219 -0.1974
vn 0.7273 -0.6591 -0.1914
vn 0.7265 -0.6584 -0.1969
vn 0.7264 -0.6583 -0.1974
vn 0.8007 -0.5640 -0.2021
vn 0.8016 -0.5646 -0.1968
vn 0.7866 -0.5834 -0.2022
vn 0.8025 -0.5652 -0.1913
vn 0.8015 -0.5645 -0.1973
vn 0.8005 -0.5638 -0.2034
vn 0.7864 -0.5833 -0.2035
vn 0.7568 -0.6211 -0.2035
vn 0.7255 -0.6575 -0.2035
vn 0.7091 -0.6751 -0.2034
vn 0.7100 -0.6760 -0.1973
vn 0.7109 -0.6768 -0.1913
vn 0.7101 -0.6760 -0.1968
vn 0.7257 -0.6577 -0.2022
vn 0.7093 -0.6753 -0.2021
vn 0.7570 -0.6213 -0.2022
vn 0.7708 -0.5717 -0.2812
vn 0.7763 -0.5758 -0.2565
vn 0.7472 -0.6132 -0.2565
vn 0.7418 -0.6088 -0.2812
vn 0.7810 -0.5793 -0.2332
vn 0.7517 -0.6169 -0.2332
vn 0.7162 -0.6491 -0.2565
vn 0.7111 -0.6444 -0.2812
vn 0.7206 -0.6530 -0.2332
vn 0.7814 -0.5504 -0.2939
vn 0.7846 -0.5526 -0.2811
vn 0.7677 -0.5694 -0.2940
vn 0.7902 -0.5566 -0.2564
vn 0.7950 -0.5600 -0.2331
vn 0.7972 -0.5615 -0.2218
vn 0.7832 -0.5809 -0.2219
vn 0.7537 -0.6186 -0.2219
vn 0.7225 -0.6548 -0.2219
vn 0.7062 -0.6723 -0.2218
vn 0.7043 -0.6705 -0.2331
vn 0.7001 -0.6665 -0.2564
vn 0.6951 -0.6617 -0.2811
vn 0.7082 -0.6418 -0.2940
vn 0.6923 -0.6590 -0.2939
vn 0.7388 -0.6064 -0.2940
vn 0.7362 -0.5461 -0.3997
vn 0.7473 -0.5543 -0.3666
vn 0.7192 -0.5902 -0.3666
vn 0.7086 -0.5815 -0.3997
vn 0.7565 -0.5611 -0.3361
vn 0.7281 -0.5975 -0.3361
vn 0.6894 -0.6248 -0.3666
vn 0.6792 -0.6156 -0.3997
vn 0.6979 -0.6325 -0.3361
vn 0.7431 -0.5234 -0.4169
vn 0.7494 -0.5279 -0.3996
vn 0.7300 -0.5415 -0.4170
vn 0.7607 -0.5358 -0.3665
vn 0.7700 -0.5424 -0.3360
vn 0.7742 -0.5453 -0.3213
vn 0.7606 -0.5641 -0.3214
vn 0.7320 -0.6007 -0.3214
vn 0.7017 -0.6359 -0.3214
vn 0.6859 -0.6529 -0.3213
vn 0.6822 -0.6494 -0.3360
vn 0.6739 -0.6415 -0.3665
vn 0.6639 -0.6321 -0.3996
vn 0.6735 -0.6104 -0.4170
vn 0.6583 -0.6267 -0.4169
vn 0.7026 -0.5766 -0.4170
vn 0.6629 -0.4917 -0.5646
vn 0.6871 -0.5096 -0.5178
vn 0.6613 -0.5427 -0.5178
vn 0.6380 -0.5236 -0.5646
vn 0.7068 -0.5242 -0.4750
vn 0.6802 -0.5583 -0.4750
vn 0.6339 -0.5745 -0.5178
vn 0.6116 -0.5542 -0.5646
vn 0.6521 -0.5909 -0.4750
vn 0.6608 -0.4654 -0.5889
vn 0.6748 -0.4753 -0.5645
vn 0.6491 -0.4814 -0.5890
vn 0.6995 -0.4927 -0.5177
vn 0.7195 -0.5068 -0.4749
vn 0.7283 -0.5130 -0.4544
vn 0.7154 -0.5306 -0.4545
vn 0.6885 -0.5651 -0.4545
vn 0.6600 -0.5981 -0.4545
vn 0.6452 -0.6142 -0.4544
vn 0.6374 -0.6068 -0.4749
vn 0.6197 -0.5899 -0.5177
vn 0.5978 -0.5691 -0.5645
vn 0.5988 -0.5427 -0.5890
vn 0.5854 -0.5573 -0.5889
vn 0.6247 -0.5127 -0.5890
vn 0.5142 -0.3634 -0.7769
vn 0.5591 -0.4083 -0.7216
vn 0.5356 -0.4395 -0.7211
vn 0.4878 -0.4004 -0.7757
vn 0.5984 -0.4424 -0.6680
vn 0.5753 -0.4722 -0.6679
vn 0.5095 -0.4687 -0.7216
vn 0.4567 -0.4334 -0.7769
vn 0.5506 -0.5006 -0.6681
vn 0.4960 -0.3243 -0.8055
vn 0.5216 -0.3497 -0.7782
vn 0.4894 -0.3363 -0.8046
vn 0.5685 -0.3941 -0.7221
vn 0.6090 -0.4275 -0.6681
vn 0.6274 -0.4416 -0.6413
vn 0.6163 -0.4569 -0.6414
vn 0.5931 -0.4867 -0.6414
vn 0.5683 -0.5154 -0.6414
vn 0.5555 -0.5292 -0.6413
vn 0.5381 -0.5139 -0.6681
vn 0.4974 -0.4807 -0.7221
vn 0.4448 -0.4433 -0.7782
vn 0.4253 -0.4144 -0.8046
vn 0.4148 -0.4232 -0.8055
vn 0.4597 -0.3773 -0.8039
vn 0.2368 -0.1943 -0.9519
vn 0.3133 -0.1916 -0.9301
vn 0.3157 -0.2591 -0.9128
vn 0.2491 -0.2699 -0.9301
vn 0.4050 -0.2262 -0.8859
vn 0.3665 -0.3008 -0.8804
vn 0.3008 -0.3531 -0.8859
vn 0.1808 -0.1484 -0.9723
vn 0.1972 -0.1478 -0.9692
vn 0.1834 -0.1646 -0.9692
vn 0.3107 -0.1551 -0.9378
vn 0.2127 -0.2745 -0.9378
vn 0.4348 -0.2572 -0.8630
vn 0.4315 -0.2685 -0.8612
vn 0.3969 -0.2150 -0.8923
vn 0.3933 -0.3228 -0.8609
vn 0.3371 -0.3763 -0.8630
vn 0.2883 -0.3473 -0.8923
vn 0.3475 -0.3709 -0.8612
vn 0.7948 -0.5895 0.1438
vn 0.7954 -0.5900 0.1387
vn 0.7655 -0.6283 0.1387
vn 0.7650 -0.6278 0.1438
vn 0.7957 -0.5902 0.1363
vn 0.7658 -0.6285 0.1363
vn 0.7338 -0.6650 0.1387
vn 0.7333 -0.6645 0.1438
vn 0.7341 -0.6653 0.1363
vn 0.8086 -0.5696 0.1473
vn 0.8091 -0.5699 0.1438
vn 0.7944 -0.5892 0.1473
vn 0.8097 -0.5703 0.1386
vn 0.8099 -0.5705 0.1363
vn 0.8100 -0.5705 0.1356
vn 0.7958 -0.5902 0.1356
vn 0.7659 -0.6285 0.1356
vn 0.7341 -0.6653 0.1356
vn 0.7176 -0.6831 0.1356
vn 0.7175 -0.6831 0.1363
vn 0.7173 -0.6829 0.1386
vn 0.7167 -0.6823 0.1438
vn 0.7329 -0.6642 0.1473
vn 0.7164 -0.6820 0.1473
vn 0.7646 -0.6275 0.1473
vn 0.5542 -0.6116 -0.5646
vn 0.5745 -0.6339 -0.5178
vn 0.5427 -0.6613 -0.5178
vn 0.5236 -0.6380 -0.5646
vn 0.5909 -0.6521 -0.4750
vn 0.5583 -0.6802 -0.4750
vn 0.5096 -0.6871 -0.5178
vn 0.4917 -0.6629 -0.5646
vn 0.5242 -0.7068 -0.4750
vn 0.5573 -0.5854 -0.5889
vn 0.5691 -0.5978 -0.5645
vn 0.5427 -0.5988 -0.5890
vn 0.5899 -0.6197 -0.5177
vn 0.6068 -0.6374 -0.4749
vn 0.6142 -0.6452 -0.4544
vn 0.5981 -0.6600 -0.4545
vn 0.5651 -0.6885 -0.4545
vn 0.5306 -0.7154 -0.4545
vn 0.5129 -0.7283 -0.4544
vn 0.5068 -0.7195 -0.4749
vn 0.4927 -0.6995 -0.5177
vn 0.4753 -0.6748 -0.5645
vn 0.4814 -0.6491 -0.5890
vn 0.4654 -0.6608 -0.5889
vn 0.5127 -0.6247 -0.5890
vn 0.4334 -0.4567 -0.7769
vn 0.4687 -0.5095 -0.7216
vn 0.4395 -0.5356 -0.7211
vn 0.4003 -0.4878 -0.7757
vn 0.5006 -0.5506 -0.6681
vn 0.4722 -0.5753 -0.6679
vn 0.4083 -0.5591 -0.7216
vn 0.3634 -0.5142 -0.7769
vn 0.4424 -0.5984 -0.6681
vn 0.4232 -0.4148 -0.8055
vn 0.4433 -0.4448 -0.7782
vn 0.4144 -0.4253 -0.8046
vn 0.4807 -0.4975 -0.7221
vn 0.5139 -0.5381 -0.6681
vn 0.5292 -0.5556 -0.6413
vn 0.5154 -0.5683 -0.6414
vn 0.4867 -0.5931 -0.6414
vn 0.4569 -0.6163 -0.6414
vn 0.4416 -0.6274 -0.6413
vn 0.4275 -0.6090 -0.6681
vn 0.3941 -0.5685 -0.7221
vn 0.3497 -0.5216 -0.7782
vn 0.3363 -0.4894 -0.8046
vn 0.3243 -0.4960 -0.8055
vn 0.3773 -0.4597 -0.8039
vn 0.1943 -0.2368 -0.9519
vn 0.2699 -0.2491 -0.9301
vn 0.2591 -0.3158 -0.9128
vn 0.1916 -0.3133 -0.9301
vn 0.3531 -0.3008 -0.8859
vn 0.3008 -0.3666 -0.8804
vn 0.2262 -0.4050 -0.8859
vn 0.1484 -0.1808 -0.9723
vn 0.1646 -0.1834 -0.9692
vn 0.1478 -0.1972 -0.9692
vn 0.2745 -0.2127 -0.9378
vn 0.1551 -0.3107 -0.9378
vn 0.3763 -0.3371 -0.8630
vn 0.3708 -0.3475 -0.8612
vn 0.3473 -0.2883 -0.8923
vn 0.3228 -0.3933 -0.8609
vn 0.2572 -0.4348 -0.8630
vn 0.2150 -0.3969 -0.8923
vn 0.2685 -0.4315 -0.8612
vn 0.6645 -0.7333 0.1438
vn 0.6650 -0.7338 0.1387
vn 0.6283 -0.7655 0.1387
vn 0.6278 -0.7650 0.1438
vn 0.6653 -0.7341 0.1363
vn 0.6285 -0.7658 0.1363
vn 0.5900 -0.7954 0.1387
vn 0.5895 -0.7948 0.1438
vn 0.5902 -0.7957 0.1363
vn 0.6820 -0.7164 0.1473
vn 0.6823 -0.7168 0.1438
vn 0.6642 -0.7329 0.1473
vn 0.6828 -0.7173 0.1386
vn 0.6831 -0.7175 0.1363
vn 0.6831 -0.7176 0.1356
vn 0.6653 -0.7341 0.1356
vn 0.6285 -0.7659 0.1356
vn 0.5902 -0.7958 0.1356
vn 0.5705 -0.8100 0.1356
vn 0.5705 -0.8099 0.1363
vn 0.5703 -0.8097 0.1386
vn 0.5699 -0.8091 0.1438
vn 0.5892 -0.7944 0.1473
vn 0.5696 -0.8086 0.1473
vn 0.6275 -0.7646 0.1473
vn 0.6493 -0.7164 0.2552
vn 0.6564 -0.7243 0.2110
vn 0.6201 -0.7556 0.2110
vn 0.6134 -0.7474 0.2552
vn 0.6610 -0.7294 0.1761
vn 0.6245 -0.7609 0.1761
vn 0.5823 -0.7851 0.2110
vn 0.5760 -0.7766 0.2552
vn 0.5864 -0.7906 0.1761
vn 0.6607 -0.6940 0.2862
vn 0.6667 -0.7003 0.2551
vn 0.6434 -0.7100 0.2863
vn 0.6740 -0.7080 0.2110
vn 0.6787 -0.7130 0.1760
vn 0.6803 -0.7147 0.1625
vn 0.6626 -0.7311 0.1625
vn 0.6260 -0.7627 0.1625
vn 0.5878 -0.7925 0.1625
vn 0.5682 -0.8067 0.1625
vn 0.5668 -0.8048 0.1760
vn 0.5629 -0.7992 0.2110
vn 0.5568 -0.7905 0.2551
vn 0.5708 -0.7696 0.2863
vn 0.5518 -0.7834 0.2862
vn 0.6078 -0.7407 0.2863
vn 0.6584 -0.7265 -0.1969
vn 0.6591 -0.7273 -0.1914
vn 0.6227 -0.7587 -0.1914
vn 0.6220 -0.7579 -0.1969
vn 0.6583 -0.7264 -0.1974
vn 0.6219 -0.7578 -0.1974
vn 0.5847 -0.7883 -0.1914
vn 0.5841 -0.7875 -0.1969
vn 0.5840 -0.7874 -0.1974
vn 0.6753 -0.7093 -0.2021
vn 0.6760 -0.7101 -0.1968
vn 0.6577 -0.7257 -0.2022
vn 0.6768 -0.7109 -0.1913
vn 0.6760 -0.7100 -0.1973
vn 0.6751 -0.7091 -0.2034
vn 0.6575 -0.7255 -0.2035
vn 0.6211 -0.7568 -0.2035
vn 0.5833 -0.7864 -0.2035
vn 0.5638 -0.8005 -0.2034
vn 0.5645 -0.8015 -0.1973
vn 0.5652 -0.8025 -0.1913
vn 0.5646 -0.8016 -0.1968
vn 0.5834 -0.7866 -0.2022
vn 0.5640 -0.8007 -0.2021
vn 0.6213 -0.7570 -0.2022
vn 0.6444 -0.7111 -0.2812
vn 0.6491 -0.7162 -0.2565
vn 0.6132 -0.7472 -0.2565
vn 0.6088 -0.7418 -0.2812
vn 0.6530 -0.7205 -0.2332
vn 0.6169 -0.7517 -0.2332
vn 0.5758 -0.7763 -0.2565
vn 0.5717 -0.7708 -0.2812
vn 0.5793 -0.7810 -0.2332
vn 0.6591 -0.6923 -0.2939
vn 0.6617 -0.6951 -0.2811
vn 0.6418 -0.7082 -0.2940
vn 0.6665 -0.7001 -0.2564
vn 0.6705 -0.7043 -0.2331
vn 0.6723 -0.7062 -0.2218
vn 0.6548 -0.7225 -0.2219
vn 0.6186 -0.7537 -0.2219
vn 0.5809 -0.7832 -0.2219
vn 0.5615 -0.7972 -0.2218
vn 0.5600 -0.7950 -0.2331
vn 0.5566 -0.7902 -0.2564
vn 0.5526 -0.7846 -0.2811
vn 0.5694 -0.7677 -0.2940
vn 0.5504 -0.7814 -0.2939
vn 0.6064 -0.7388 -0.2940
vn 0.6156 -0.6792 -0.3997
vn 0.6248 -0.6894 -0.3666
vn 0.5902 -0.7192 -0.3666
vn 0.5815 -0.7086 -0.3997
vn 0.6325 -0.6979 -0.3361
vn 0.5975 -0.7281 -0.3361
vn 0.5542 -0.7473 -0.3666
vn 0.5461 -0.7362 -0.3997
vn 0.5611 -0.7565 -0.3361
vn 0.6267 -0.6583 -0.4169
vn 0.6321 -0.6639 -0.3996
vn 0.6104 -0.6735 -0.4170
vn 0.6415 -0.6739 -0.3665
vn 0.6494 -0.6822 -0.3360
vn 0.6529 -0.6859 -0.3213
vn 0.6359 -0.7017 -0.3214
vn 0.6007 -0.7320 -0.3214
vn 0.5641 -0.7606 -0.3214
vn 0.5453 -0.7742 -0.3213
vn 0.5424 -0.7700 -0.3360
vn 0.5358 -0.7607 -0.3665
vn 0.5279 -0.7494 -0.3996
vn 0.5415 -0.7300 -0.4170
vn 0.5234 -0.7431 -0.4169
vn 0.5766 -0.7026 -0.4170
vn 0.4970 -0.8293 0.2552
vn 0.5025 -0.8384 0.2110
vn 0.4608 -0.8621 0.2110
vn 0.4558 -0.8527 0.2552
vn 0.5060 -0.8443 0.1761
vn 0.4640 -0.8681 0.1761
vn 0.4180 -0.8836 0.2110
vn 0.4134 -0.8740 0.2552
vn 0.4209 -0.8898 0.1761
vn 0.5126 -0.8095 0.2862
vn 0.5173 -0.8169 0.2551
vn 0.4925 -0.8218 0.2863
vn 0.5229 -0.8259 0.2110
vn 0.5266 -0.8317 0.1760
vn 0.5278 -0.8337 0.1625
vn 0.5072 -0.8463 0.1625
vn 0.4651 -0.8702 0.1625
vn 0.4219 -0.8920 0.1625
vn 0.3999 -0.9020 0.1625
vn 0.3989 -0.8999 0.1760
vn 0.3962 -0.8936 0.2110
vn 0.3919 -0.8839 0.2551
vn 0.4097 -0.8661 0.2863
vn 0.3883 -0.8759 0.2862
vn 0.4517 -0.8450 0.2863
vn 0.5040 -0.8410 -0.1969
vn 0.5046 -0.8419 -0.1914
vn 0.4627 -0.8656 -0.1914
vn 0.4622 -0.8647 -0.1969
vn 0.5040 -0.8409 -0.1974
vn 0.4621 -0.8646 -0.1974
vn 0.4197 -0.8873 -0.1914
vn 0.4192 -0.8863 -0.1969
vn 0.4192 -0.8862 -0.1974
vn 0.5239 -0.8274 -0.2021
vn 0.5245 -0.8284 -0.1968
vn 0.5034 -0.8400 -0.2022
vn 0.5251 -0.8293 -0.1913
vn 0.5244 -0.8283 -0.1973
vn 0.5238 -0.8272 -0.2034
vn 0.5033 -0.8398 -0.2035
vn 0.4615 -0.8635 -0.2035
vn 0.4187 -0.8851 -0.2035
vn 0.3968 -0.8951 -0.2034
vn 0.3973 -0.8962 -0.1973
vn 0.3978 -0.8973 -0.1913
vn 0.3974 -0.8963 -0.1968
vn 0.4188 -0.8853 -0.2022
vn 0.3969 -0.8953 -0.2021
vn 0.4617 -0.8637 -0.2022
vn 0.4933 -0.8231 -0.2812
vn 0.4969 -0.8291 -0.2565
vn 0.4556 -0.8524 -0.2565
vn 0.4524 -0.8463 -0.2812
vn 0.4999 -0.8341 -0.2332
vn 0.4584 -0.8576 -0.2332
vn 0.4133 -0.8737 -0.2565
vn 0.4103 -0.8675 -0.2812
vn 0.4158 -0.8791 -0.2332
vn 0.5113 -0.8076 -0.2939
vn 0.5134 -0.8108 -0.2811
vn 0.4913 -0.8198 -0.2940
vn 0.5171 -0.8166 -0.2564
vn 0.5202 -0.8216 -0.2331
vn 0.5216 -0.8238 -0.2218
vn 0.5013 -0.8364 -0.2219
vn 0.4596 -0.8599 -0.2219
vn 0.4169 -0.8814 -0.2219
vn 0.3952 -0.8914 -0.2218
vn 0.3941 -0.8890 -0.2331
vn 0.3917 -0.8836 -0.2564
vn 0.3889 -0.8773 -0.2811
vn 0.4087 -0.8640 -0.2940
vn 0.3874 -0.8738 -0.2939
vn 0.4506 -0.8429 -0.2940
vn 0.4712 -0.7862 -0.3997
vn 0.4783 -0.7980 -0.3666
vn 0.4386 -0.8205 -0.3666
vn 0.4321 -0.8084 -0.3997
vn 0.4842 -0.8079 -0.3361
vn 0.4440 -0.8306 -0.3361
vn 0.3978 -0.8410 -0.3666
vn 0.3920 -0.8286 -0.3997
vn 0.4027 -0.8514 -0.3361
vn 0.4863 -0.7680 -0.4169
vn 0.4904 -0.7745 -0.3996
vn 0.4672 -0.7796 -0.4170
vn 0.4977 -0.7861 -0.3665
vn 0.5039 -0.7958 -0.3360
vn 0.5066 -0.8001 -0.3213
vn 0.4868 -0.8122 -0.3214
vn 0.4464 -0.8351 -0.3214
vn 0.4049 -0.8560 -0.3214
vn 0.3838 -0.8657 -0.3213
vn 0.3817 -0.8610 -0.3360
vn 0.3771 -0.8506 -0.3665
vn 0.3715 -0.8380 -0.3996
vn 0.3887 -0.8216 -0.4170
vn 0.3684 -0.8310 -0.4169
vn 0.4285 -0.8016 -0.4170
vn 0.4243 -0.7079 -0.5646
vn 0.4398 -0.7338 -0.5178
vn 0.4033 -0.7545 -0.5178
vn 0.3891 -0.7279 -0.5646
vn 0.4524 -0.7548 -0.4750
vn 0.4148 -0.7761 -0.4750
vn 0.3658 -0.7733 -0.5178
vn 0.3529 -0.7461 -0.5646
vn 0.3763 -0.7955 -0.4750
vn 0.4324 -0.6828 -0.5889
vn 0.4416 -0.6974 -0.5645
vn 0.4154 -0.6932 -0.5890
vn 0.4577 -0.7228 -0.5177
vn 0.4708 -0.7435 -0.4749
vn 0.4765 -0.7526 -0.4544
vn 0.4579 -0.7640 -0.4545
vn 0.4199 -0.7855 -0.4545
vn 0.3809 -0.8052 -0.4545
vn 0.3610 -0.8143 -0.4544
vn 0.3567 -0.8045 -0.4749
vn 0.3467 -0.7821 -0.5177
vn 0.3345 -0.7546 -0.5645
vn 0.3455 -0.7305 -0.5890
vn 0.3276 -0.7389 -0.5889
vn 0.3809 -0.7127 -0.5890
vn 0.3360 -0.5325 -0.7769
vn 0.3603 -0.5911 -0.7216
vn 0.3266 -0.6110 -0.7211
vn 0.2975 -0.5565 -0.7757
vn 0.3835 -0.6377 -0.6680
vn 0.3508 -0.6564 -0.6679
vn 0.2913 -0.6280 -0.7216
vn 0.2561 -0.5752 -0.7769
vn 0.3171 -0.6732 -0.6680
vn 0.3341 -0.4894 -0.8055
vn 0.3480 -0.5227 -0.7782
vn 0.3235 -0.4980 -0.8046
vn 0.3744 -0.5817 -0.7221
vn 0.3990 -0.6280 -0.6681
vn 0.4106 -0.6481 -0.6413
vn 0.3946 -0.6580 -0.6414
vn 0.3617 -0.6766 -0.6414
vn 0.3278 -0.6936 -0.6414
vn 0.3107 -0.7015 -0.6413
vn 0.3005 -0.6807 -0.6681
vn 0.2756 -0.6345 -0.7221
vn 0.2413 -0.5798 -0.7782
vn 0.2344 -0.5456 -0.8046
vn 0.2213 -0.5497 -0.8055
vn 0.2804 -0.5245 -0.8039
vn 0.1444 -0.2701 -0.9519
vn 0.2161 -0.2970 -0.9301
vn 0.1925 -0.3602 -0.9128
vn 0.1268 -0.3447 -0.9301
vn 0.2876 -0.3639 -0.8859
vn 0.2235 -0.4182 -0.8804
vn 0.1428 -0.4413 -0.8859
vn 0.1102 -0.2063 -0.9723
vn 0.1257 -0.2120 -0.9692
vn 0.1065 -0.2223 -0.9692
vn 0.2277 -0.2622 -0.9378
vn 0.0915 -0.3350 -0.9378
vn 0.3033 -0.4040 -0.8630
vn 0.2959 -0.4132 -0.8612
vn 0.2844 -0.3505 -0.8923
vn 0.2398 -0.4487 -0.8609
vn 0.1674 -0.4766 -0.8630
vn 0.1335 -0.4312 -0.8923
vn 0.1791 -0.4756 -0.8612
vn 0.5087 -0.8488 0.1438
vn 0.5091 -0.8495 0.1387
vn 0.4668 -0.8734 0.1387
vn 0.4665 -0.8728 0.1438
vn 0.5093 -0.8497 0.1363
vn 0.4670 -0.8737 0.1363
vn 0.4235 -0.8952 0.1387
vn 0.4231 -0.8946 0.1438
vn 0.4236 -0.8955 0.1363
vn 0.5291 -0.8357 0.1473
vn 0.5294 -0.8361 0.1438
vn 0.5085 -0.8484 0.1473
vn 0.5298 -0.8367 0.1386
vn 0.5300 -0.8370 0.1363
vn 0.5300 -0.8371 0.1356
vn 0.5093 -0.8498 0.1356
vn 0.4670 -0.8738 0.1356
vn 0.4236 -0.8956 0.1356
vn 0.4015 -0.9058 0.1356
vn 0.4015 -0.9057 0.1363
vn 0.4014 -0.9054 0.1386
vn 0.4011 -0.9047 0.1438
vn 0.4229 -0.8941 0.1473
vn 0.4009 -0.9042 0.1473
vn 0.4662 -0.8723 0.1473
vn 0.2780 -0.7771 -0.5646
vn 0.2882 -0.8055 -0.5178
vn 0.2483 -0.8187 -0.5178
vn 0.2396 -0.7898 -0.5646
vn 0.2964 -0.8286 -0.4750
vn 0.2555 -0.8421 -0.4750
vn 0.2079 -0.8298 -0.5178
vn 0.2006 -0.8006 -0.5646
vn 0.2139 -0.8536 -0.4750
vn 0.2908 -0.7541 -0.5889
vn 0.2970 -0.7701 -0.5645
vn 0.2722 -0.7609 -0.5890
vn 0.3079 -0.7982 -0.5177
vn 0.3167 -0.8211 -0.4749
vn 0.3206 -0.8311 -0.4544
vn 0.3000 -0.8387 -0.4545
vn 0.2586 -0.8524 -0.4545
vn 0.2165 -0.8640 -0.4545
vn 0.1952 -0.8691 -0.4544
vn 0.1929 -0.8587 -0.4749
vn 0.1875 -0.8348 -0.5177
vn 0.1809 -0.8054 -0.5645
vn 0.1964 -0.7839 -0.5890
vn 0.1771 -0.7886 -0.5889
vn 0.2346 -0.7733 -0.5890
vn 0.2256 -0.5878 -0.7769
vn 0.2381 -0.6501 -0.7216
vn 0.2011 -0.6630 -0.7211
vn 0.1832 -0.6039 -0.7757
vn 0.2518 -0.7002 -0.6680
vn 0.2161 -0.7122 -0.6679
vn 0.1632 -0.6728 -0.7216
vn 0.1390 -0.6141 -0.7769
vn 0.1797 -0.7221 -0.6680
vn 0.2322 -0.5452 -0.8055
vn 0.2394 -0.5806 -0.7782
vn 0.2201 -0.5515 -0.8046
vn 0.2538 -0.6435 -0.7221
vn 0.2688 -0.6938 -0.6681
vn 0.2763 -0.7158 -0.6413
vn 0.2587 -0.7223 -0.6414
vn 0.2227 -0.7342 -0.6414
vn 0.1862 -0.7443 -0.6414
vn 0.1679 -0.7487 -0.6413
vn 0.1619 -0.7262 -0.6681
vn 0.1465 -0.6761 -0.7221
vn 0.1235 -0.6157 -0.7782
vn 0.1234 -0.5809 -0.8046
vn 0.1098 -0.5823 -0.8055
vn 0.1727 -0.5691 -0.8039
vn 0.0889 -0.2931 -0.9519
vn 0.1540 -0.3334 -0.9301
vn 0.1186 -0.3909 -0.9128
vn 0.0571 -0.3628 -0.9301
vn 0.2111 -0.4130 -0.8859
vn 0.1377 -0.4538 -0.8804
vn 0.0540 -0.4607 -0.8859
vn 0.0679 -0.2238 -0.9723
vn 0.0819 -0.2325 -0.9692
vn 0.0611 -0.2388 -0.9692
vn 0.1722 -0.3016 -0.9378
vn 0.0244 -0.3464 -0.9378
vn 0.2186 -0.4554 -0.8630
vn 0.2096 -0.4630 -0.8612
vn 0.2105 -0.3993 -0.8923
vn 0.1477 -0.4869 -0.8609
vn 0.0712 -0.5001 -0.8630
vn 0.0468 -0.4490 -0.8923
vn 0.0829 -0.5014 -0.8612
vn 0.3333 -0.9318 0.1438
vn 0.3336 -0.9325 0.1387
vn 0.2875 -0.9477 0.1387
vn 0.2873 -0.9470 0.1438
vn 0.3337 -0.9328 0.1363
vn 0.2876 -0.9480 0.1363
vn 0.2407 -0.9607 0.1387
vn 0.2405 -0.9599 0.1438
vn 0.2407 -0.9610 0.1363
vn 0.3559 -0.9228 0.1473
vn 0.3561 -0.9233 0.1438
vn 0.3332 -0.9313 0.1473
vn 0.3564 -0.9240 0.1386
vn 0.3565 -0.9243 0.1363
vn 0.3565 -0.9244 0.1356
vn 0.3337 -0.9329 0.1356
vn 0.2876 -0.9481 0.1356
vn 0.2408 -0.9611 0.1356
vn 0.2171 -0.9667 0.1356
vn 0.2171 -0.9666 0.1363
vn 0.2170 -0.9663 0.1386
vn 0.2169 -0.9656 0.1438
vn 0.2404 -0.9594 0.1473
vn 0.2168 -0.9650 0.1473
vn 0.2871 -0.9465 0.1473
vn 0.3257 -0.9104 0.2552
vn 0.3293 -0.9204 0.2110
vn 0.2838 -0.9354 0.2110
vn 0.2807 -0.9253 0.2552
vn 0.3316 -0.9268 0.1761
vn 0.2858 -0.9420 0.1761
vn 0.2376 -0.9482 0.2110
vn 0.2350 -0.9379 0.2552
vn 0.2392 -0.9549 0.1761
vn 0.3448 -0.8940 0.2862
vn 0.3479 -0.9021 0.2551
vn 0.3228 -0.9021 0.2863
vn 0.3518 -0.9120 0.2110
vn 0.3542 -0.9184 0.1760
vn 0.3551 -0.9206 0.1625
vn 0.3324 -0.9290 0.1625
vn 0.2864 -0.9442 0.1625
vn 0.2398 -0.9571 0.1625
vn 0.2162 -0.9627 0.1625
vn 0.2157 -0.9605 0.1760
vn 0.2142 -0.9537 0.2110
vn 0.2119 -0.9434 0.2551
vn 0.2329 -0.9294 0.2863
vn 0.2100 -0.9349 0.2862
vn 0.2781 -0.9169 0.2863
vn 0.3303 -0.9231 -0.1969
vn 0.3306 -0.9241 -0.1914
vn 0.2849 -0.9392 -0.1914
vn 0.2846 -0.9382 -0.1969
vn 0.3302 -0.9230 -0.1974
vn 0.2846 -0.9381 -0.1974
vn 0.2385 -0.9521 -0.1914
vn 0.2383 -0.9510 -0.1969
vn 0.2382 -0.9509 -0.1974
vn 0.3524 -0.9137 -0.2021
vn 0.3528 -0.9148 -0.1968
vn 0.3299 -0.9221 -0.2022
vn 0.3532 -0.9158 -0.1913
vn 0.3528 -0.9147 -0.1973
vn 0.3523 -0.9135 -0.2034
vn 0.3298 -0.9219 -0.2035
vn 0.2842 -0.9369 -0.2035
vn 0.2379 -0.9497 -0.2035
vn 0.2146 -0.9553 -0.2034
vn 0.2148 -0.9565 -0.1973
vn 0.2151 -0.9577 -0.1913
vn 0.2149 -0.9566 -0.1968
vn 0.2380 -0.9500 -0.2022
vn 0.2146 -0.9555 -0.2021
vn 0.2843 -0.9372 -0.2022
vn 0.3233 -0.9036 -0.2812
vn 0.3256 -0.9101 -0.2565
vn 0.2806 -0.9249 -0.2565
vn 0.2786 -0.9183 -0.2812
vn 0.3276 -0.9156 -0.2332
vn 0.2823 -0.9306 -0.2332
vn 0.2349 -0.9376 -0.2565
vn 0.2332 -0.9309 -0.2812
vn 0.2363 -0.9433 -0.2332
vn 0.3440 -0.8918 -0.2939
vn 0.3453 -0.8954 -0.2811
vn 0.3220 -0.8999 -0.2940
vn 0.3478 -0.9018 -0.2564
vn 0.3499 -0.9073 -0.2331
vn 0.3509 -0.9098 -0.2218
vn 0.3285 -0.9181 -0.2219
vn 0.2830 -0.9331 -0.2219
vn 0.2370 -0.9458 -0.2219
vn 0.2137 -0.9514 -0.2219
vn 0.2131 -0.9488 -0.2331
vn 0.2118 -0.9431 -0.2564
vn 0.2103 -0.9363 -0.2811
vn 0.2323 -0.9271 -0.2940
vn 0.2095 -0.9326 -0.2939
vn 0.2775 -0.9146 -0.2940
vn 0.3088 -0.8631 -0.3997
vn 0.3134 -0.8760 -0.3666
vn 0.2701 -0.8903 -0.3666
vn 0.2661 -0.8772 -0.3997
vn 0.3173 -0.8868 -0.3361
vn 0.2734 -0.9013 -0.3361
vn 0.2261 -0.9025 -0.3666
vn 0.2228 -0.8892 -0.3997
vn 0.2289 -0.9136 -0.3361
vn 0.3271 -0.8481 -0.4169
vn 0.3299 -0.8553 -0.3996
vn 0.3062 -0.8558 -0.4170
vn 0.3348 -0.8681 -0.3665
vn 0.3389 -0.8788 -0.3360
vn 0.3408 -0.8835 -0.3213
vn 0.3190 -0.8916 -0.3214
vn 0.2749 -0.9062 -0.3214
vn 0.2301 -0.9186 -0.3214
vn 0.2075 -0.9240 -0.3213
vn 0.2064 -0.9190 -0.3360
vn 0.2039 -0.9078 -0.3665
vn 0.2009 -0.8944 -0.3996
vn 0.2209 -0.8817 -0.4170
vn 0.1992 -0.8869 -0.4169
vn 0.2638 -0.8698 -0.4170
vn 0.1438 -0.9698 -0.1969
vn 0.1440 -0.9709 -0.1914
vn 0.0962 -0.9768 -0.1914
vn 0.0961 -0.9757 -0.1969
vn 0.1438 -0.9697 -0.1974
vn 0.0961 -0.9756 -0.1974
vn 0.0482 -0.9803 -0.1914
vn 0.0481 -0.9792 -0.1969
vn 0.0481 -0.9791 -0.1974
vn 0.1674 -0.9649 -0.2021
vn 0.1676 -0.9660 -0.1968
vn 0.1437 -0.9687 -0.2022
vn 0.1678 -0.9671 -0.1913
vn 0.1676 -0.9659 -0.1973
vn 0.1673 -0.9647 -0.2034
vn 0.1436 -0.9685 -0.2035
vn 0.0960 -0.9744 -0.2035
vn 0.0481 -0.9779 -0.2035
vn 0.0241 -0.9788 -0.2034
vn 0.0241 -0.9800 -0.1973
vn 0.0241 -0.9812 -0.1913
vn 0.0241 -0.9801 -0.1968
vn 0.0481 -0.9782 -0.2022
vn 0.0241 -0.9791 -0.2021
vn 0.0960 -0.9746 -0.2022
vn 0.1408 -0.9493 -0.2812
vn 0.1418 -0.9561 -0.2565
vn 0.0947 -0.9619 -0.2565
vn 0.0941 -0.9550 -0.2812
vn 0.1426 -0.9619 -0.2332
vn 0.0953 -0.9677 -0.2332
vn 0.0475 -0.9654 -0.2565
vn 0.0471 -0.9585 -0.2812
vn 0.0477 -0.9713 -0.2332
vn 0.1634 -0.9418 -0.2939
vn 0.1640 -0.9455 -0.2811
vn 0.1402 -0.9455 -0.2940
vn 0.1652 -0.9523 -0.2564
vn 0.1662 -0.9581 -0.2331
vn 0.1667 -0.9607 -0.2218
vn 0.1430 -0.9645 -0.2219
vn 0.0956 -0.9704 -0.2219
vn 0.0479 -0.9739 -0.2219
vn 0.0240 -0.9748 -0.2218
vn 0.0239 -0.9722 -0.2331
vn 0.0238 -0.9663 -0.2564
vn 0.0236 -0.9594 -0.2811
vn 0.0469 -0.9546 -0.2940
vn 0.0235 -0.9555 -0.2939
vn 0.0937 -0.9512 -0.2940
vn 0.1345 -0.9067 -0.3997
vn 0.1365 -0.9203 -0.3666
vn 0.0912 -0.9259 -0.3666
vn 0.0898 -0.9122 -0.3997
vn 0.1382 -0.9316 -0.3361
vn 0.0923 -0.9373 -0.3361
vn 0.0457 -0.9292 -0.3666
vn 0.0450 -0.9155 -0.3997
vn 0.0462 -0.9407 -0.3361
vn 0.1554 -0.8956 -0.4169
vn 0.1567 -0.9032 -0.3996
vn 0.1333 -0.8991 -0.4170
vn 0.1590 -0.9167 -0.3665
vn 0.1610 -0.9280 -0.3360
vn 0.1619 -0.9330 -0.3213
vn 0.1389 -0.9367 -0.3214
vn 0.0928 -0.9424 -0.3214
vn 0.0465 -0.9458 -0.3214
vn 0.0233 -0.9467 -0.3213
vn 0.0232 -0.9416 -0.3360
vn 0.0229 -0.9301 -0.3665
vn 0.0225 -0.9164 -0.3996
vn 0.0446 -0.9078 -0.4170
vn 0.0223 -0.9087 -0.4169
vn 0.0891 -0.9045 -0.4170
vn 0.1211 -0.8164 -0.5646
vn 0.1255 -0.8462 -0.5178
vn 0.0838 -0.8514 -0.5178
vn 0.0809 -0.8214 -0.5646
vn 0.1291 -0.8705 -0.4750
vn 0.0862 -0.8758 -0.4750
vn 0.0420 -0.8545 -0.5178
vn 0.0405 -0.8244 -0.5646
vn 0.0432 -0.8789 -0.4750
vn 0.1381 -0.7963 -0.5889
vn 0.1411 -0.8133 -0.5645
vn 0.1185 -0.7994 -0.5890
vn 0.1462 -0.8430 -0.5177
vn 0.1504 -0.8671 -0.4749
vn 0.1522 -0.8777 -0.4544
vn 0.1307 -0.8811 -0.4545
vn 0.0873 -0.8864 -0.4545
vn 0.0437 -0.8897 -0.4545
vn 0.0219 -0.8905 -0.4544
vn 0.0216 -0.8798 -0.4749
vn 0.0210 -0.8553 -0.5177
vn 0.0203 -0.8252 -0.5645
vn 0.0397 -0.8072 -0.5890
vn 0.0199 -0.8080 -0.5889
vn 0.0792 -0.8042 -0.5890
vn 0.1066 -0.6206 -0.7769
vn 0.1067 -0.6840 -0.7216
vn 0.0679 -0.6895 -0.7211
vn 0.0619 -0.6280 -0.7757
vn 0.1103 -0.7359 -0.6680
vn 0.0729 -0.7407 -0.6679
vn 0.0288 -0.6917 -0.7216
vn 0.0165 -0.6294 -0.7769
vn 0.0354 -0.7433 -0.6680
vn 0.1214 -0.5800 -0.8055
vn 0.1215 -0.6161 -0.7782
vn 0.1083 -0.5839 -0.8046
vn 0.1233 -0.6807 -0.7221
vn 0.1283 -0.7329 -0.6681
vn 0.1314 -0.7559 -0.6413
vn 0.1128 -0.7589 -0.6414
vn 0.0752 -0.7635 -0.6414
vn 0.0374 -0.7663 -0.6414
vn 0.0186 -0.7670 -0.6413
vn 0.0171 -0.7439 -0.6681
vn 0.0118 -0.6917 -0.7221
vn 0.0010 -0.6280 -0.7782
vn 0.0077 -0.5938 -0.8046
vn -0.0059 -0.5926 -0.8055
vn 0.0583 -0.5919 -0.8039
vn 0.0300 -0.3048 -0.9519
vn 0.0860 -0.3571 -0.9301
vn 0.0400 -0.4065 -0.9128
vn -0.0148 -0.3670 -0.9301
vn 0.1264 -0.4463 -0.8859
vn 0.0465 -0.4719 -0.8804
vn -0.0370 -0.4624 -0.8859
vn 0.0229 -0.2327 -0.9723
vn 0.0349 -0.2440 -0.9692
vn 0.0133 -0.2461 -0.9692
vn 0.1100 -0.3294 -0.9378
vn -0.0437 -0.3445 -0.9378
vn 0.1256 -0.4893 -0.8630
vn 0.1153 -0.4950 -0.8612
vn 0.1286 -0.4327 -0.8923
vn 0.0499 -0.5063 -0.8609
vn -0.0277 -0.5044 -0.8630
vn -0.0417 -0.4495 -0.8923
vn -0.0165 -0.5079 -0.8612
vn 0.1452 -0.9789 0.1438
vn 0.1453 -0.9796 0.1387
vn 0.0971 -0.9856 0.1387
vn 0.0970 -0.9848 0.1438
vn 0.1453 -0.9800 0.1363
vn 0.0971 -0.9859 0.1363
vn 0.0486 -0.9891 0.1387
vn 0.0486 -0.9884 0.1438
vn 0.0486 -0.9895 0.1363
vn 0.1691 -0.9745 0.1473
vn 0.1691 -0.9750 0.1438
vn 0.1451 -0.9784 0.1473
vn 0.1693 -0.9758 0.1386
vn 0.1693 -0.9761 0.1363
vn 0.1693 -0.9762 0.1356
vn 0.1453 -0.9800 0.1356
vn 0.0971 -0.9860 0.1356
vn 0.0486 -0.9896 0.1356
vn 0.0244 -0.9905 0.1356
vn 0.0244 -0.9904 0.1363
vn 0.0244 -0.9900 0.1386
vn 0.0243 -0.9893 0.1438
vn 0.0486 -0.9879 0.1473
vn 0.0243 -0.9888 0.1473
vn 0.0969 -0.9843 0.1473
vn 0.1418 -0.9564 0.2552
vn 0.1434 -0.9669 0.2110
vn 0.0958 -0.9728 0.2110
vn 0.0948 -0.9622 0.2552
vn 0.1444 -0.9737 0.1761
vn 0.0965 -0.9796 0.1761
vn 0.0480 -0.9763 0.2110
vn 0.0475 -0.9657 0.2552
vn 0.0483 -0.9832 0.1761
vn 0.1638 -0.9441 0.2862
vn 0.1653 -0.9527 0.2551
vn 0.1405 -0.9478 0.2863
vn 0.1671 -0.9631 0.2110
vn 0.1683 -0.9699 0.1760
vn 0.1687 -0.9722 0.1625
vn 0.1447 -0.9760 0.1625
vn 0.0967 -0.9820 0.1625
vn 0.0485 -0.9855 0.1625
vn 0.0243 -0.9864 0.1625
vn 0.0242 -0.9841 0.1760
vn 0.0240 -0.9772 0.2110
vn 0.0238 -0.9666 0.2551
vn 0.0470 -0.9570 0.2863
vn 0.0236 -0.9579 0.2862
vn 0.0939 -0.9535 0.2863
vn -0.0165 -0.6294 -0.7769
vn -0.0288 -0.6917 -0.7216
vn -0.0679 -0.6895 -0.7211
vn -0.0618 -0.6280 -0.7757
vn -0.0354 -0.7433 -0.6680
vn -0.0729 -0.7407 -0.6679
vn -0.1067 -0.6840 -0.7216
vn -0.1066 -0.6206 -0.7769
vn -0.1103 -0.7359 -0.6680
vn 0.0059 -0.5926 -0.8055
vn -0.0010 -0.6280 -0.7782
vn -0.0077 -0.5938 -0.8046
vn -0.0118 -0.6917 -0.7221
vn -0.0171 -0.7439 -0.6681
vn -0.0186 -0.7670 -0.6413
vn -0.0374 -0.7663 -0.6414
vn -0.0752 -0.7635 -0.6414
vn -0.1128 -0.7589 -0.6414
vn -0.1314 -0.7559 -0.6413
vn -0.1283 -0.7329 -0.6681
vn -0.1233 -0.6807 -0.7221
vn -0.1215 -0.6161 -0.7782
vn -0.1083 -0.5839 -0.8046
vn -0.1214 -0.5800 -0.8055
vn -0.0583 -0.5919 -0.8039
vn -0.0300 -0.3048 -0.9519
vn 0.0147 -0.3670 -0.9301
vn -0.0400 -0.4065 -0.9128
vn -0.0861 -0.3571 -0.9301
vn 0.0370 -0.4624 -0.8859
vn -0.0465 -0.4719 -0.8804
vn -0.1264 -0.4463 -0.8859
vn -0.0229 -0.2327 -0.9723
vn -0.0133 -0.2461 -0.9692
vn -0.0349 -0.2440 -0.9692
vn 0.0437 -0.3445 -0.9378
vn -0.1100 -0.3294 -0.9378
vn 0.0277 -0.5044 -0.8630
vn 0.0165 -0.5079 -0.8612
vn 0.0417 -0.4495 -0.8923
vn -0.0499 -0.5063 -0.8609
vn -0.1256 -0.4893 -0.8630
vn -0.1286 -0.4327 -0.8923
vn -0.1153 -0.4950 -0.8612
vn -0.0486 -0.9884 0.1438
vn -0.0486 -0.9891 0.1387
vn -0.0971 -0.9856 0.1387
vn -0.0970 -0.9848 0.1438
vn -0.0486 -0.9895 0.1363
vn -0.0971 -0.9859 0.1363
vn -0.1453 -0.9796 0.1387
vn -0.1452 -0.9789 0.1438
vn -0.1453 -0.9800 0.1363
vn -0.0243 -0.9888 0.1473
vn -0.0243 -0.9893 0.1438
vn -0.0486 -0.9879 0.1473
vn -0.0243 -0.9900 0.1386
vn -0.0244 -0.9904 0.1363
vn -0.0244 -0.9905 0.1356
vn -0.0486 -0.9896 0.1356
vn -0.0971 -0.9860 0.1356
vn -0.1453 -0.9800 0.1356
vn -0.1693 -0.9762 0.1356
vn -0.1693 -0.9761 0.1363
vn -0.1693 -0.9758 0.1386
vn -0.1691 -0.9750 0.1438
vn -0.1451 -0.9784 0.1473
vn -0.1691 -0.9745 0.1473
vn -0.0969 -0.9843 0.1473
vn -0.0475 -0.9657 0.2552
vn -0.0480 -0.9763 0.2110
vn -0.0958 -0.9728 0.2110
vn -0.0948 -0.9622 0.2552
vn -0.0483 -0.9832 0.1761
vn -0.0965 -0.9796 0.1761
vn -0.1434 -0.9669 0.2110
vn -0.1418 -0.9564 0.2552
vn -0.1444 -0.9737 0.1761
vn -0.0236 -0.9579 0.2862
vn -0.0238 -0.9666 0.2551
vn -0.0470 -0.9570 0.2863
vn -0.0240 -0.9772 0.2110
vn -0.0242 -0.9841 0.1760
vn -0.0243 -0.9864 0.1625
vn -0.0485 -0.9855 0.1625
vn -0.0967 -0.9820 0.1625
vn -0.1447 -0.9760 0.1625
vn -0.1687 -0.9722 0.1625
vn -0.1683 -0.9699 0.1760
vn -0.1671 -0.9631 0.2110
vn -0.1653 -0.9527 0.2551
vn -0.1405 -0.9478 0.2863
vn -0.1638 -0.9441 0.2862
vn -0.0939 -0.9535 0.2863
vn -0.0481 -0.9792 -0.1969
vn -0.0482 -0.9803 -0.1914
vn -0.0962 -0.9768 -0.1914
vn -0.0961 -0.9757 -0.1969
vn -0.0481 -0.9791 -0.1974
vn -0.0961 -0.9756 -0.1974
vn -0.1440 -0.9709 -0.1914
vn -0.1438 -0.9698 -0.1969
vn -0.1438 -0.9697 -0.1974
vn -0.0241 -0.9791 -0.2021
vn -0.0241 -0.9801 -0.1968
vn -0.0481 -0.9782 -0.2022
vn -0.0241 -0.9812 -0.1913
vn -0.0241 -0.9800 -0.1973
vn -0.0241 -0.9788 -0.2034
vn -0.0481 -0.9779 -0.2035
vn -0.0960 -0.9744 -0.2035
vn -0.1436 -0.9685 -0.2035
vn -0.1673 -0.9647 -0.2034
vn -0.1676 -0.9659 -0.1973
vn -0.1678 -0.9671 -0.1913
vn -0.1676 -0.9660 -0.1968
vn -0.1437 -0.9687 -0.2022
vn -0.1674 -0.9649 -0.2021
vn -0.0960 -0.9746 -0.2022
vn -0.0471 -0.9585 -0.2812
vn -0.0475 -0.9654 -0.2565
vn -0.0947 -0.9619 -0.2565
vn -0.0941 -0.9550 -0.2812
vn -0.0478 -0.9713 -0.2332
vn -0.0953 -0.9677 -0.2332
vn -0.1418 -0.9561 -0.2565
vn -0.1408 -0.9493 -0.2812
vn -0.1426 -0.9619 -0.2332
vn -0.0235 -0.9555 -0.2939
vn -0.0236 -0.9594 -0.2811
vn -0.0469 -0.9546 -0.2940
vn -0.0238 -0.9663 -0.2564
vn -0.0239 -0.9722 -0.2331
vn -0.0240 -0.9748 -0.2218
vn -0.0479 -0.9739 -0.2219
vn -0.0956 -0.9704 -0.2219
vn -0.1430 -0.9645 -0.2219
vn -0.1667 -0.9607 -0.2218
vn -0.1662 -0.9581 -0.2331
vn -0.1652 -0.9523 -0.2564
vn -0.1640 -0.9455 -0.2811
vn -0.1402 -0.9455 -0.2940
vn -0.1634 -0.9418 -0.2939
vn -0.0937 -0.9512 -0.2940
vn -0.0450 -0.9155 -0.3997
vn -0.0457 -0.9292 -0.3666
vn -0.0912 -0.9259 -0.3666
vn -0.0898 -0.9122 -0.3997
vn -0.0462 -0.9407 -0.3361
vn -0.0923 -0.9373 -0.3361
vn -0.1365 -0.9203 -0.3666
vn -0.1345 -0.9067 -0.3997
vn -0.1382 -0.9316 -0.3361
vn -0.0223 -0.9087 -0.4169
vn -0.0225 -0.9164 -0.3996
vn -0.0446 -0.9078 -0.4170
vn -0.0229 -0.9301 -0.3665
vn -0.0232 -0.9416 -0.3360
vn -0.0233 -0.9467 -0.3213
vn -0.0465 -0.9458 -0.3214
vn -0.0928 -0.9424 -0.3214
vn -0.1389 -0.9367 -0.3214
vn -0.1619 -0.9330 -0.3213
vn -0.1610 -0.9280 -0.3360
vn -0.1590 -0.9167 -0.3665
vn -0.1567 -0.9032 -0.3996
vn -0.1333 -0.8991 -0.4170
vn -0.1554 -0.8956 -0.4169
vn -0.0891 -0.9045 -0.4170
vn -0.0405 -0.8244 -0.5646
vn -0.0420 -0.8545 -0.5178
vn -0.0838 -0.8514 -0.5178
vn -0.0809 -0.8214 -0.5646
vn -0.0432 -0.8789 -0.4750
vn -0.0862 -0.8758 -0.4750
vn -0.1255 -0.8462 -0.5178
vn -0.1211 -0.8164 -0.5646
vn -0.1291 -0.8705 -0.4750
vn -0.0199 -0.8080 -0.5889
vn -0.0203 -0.8252 -0.5645
vn -0.0397 -0.8072 -0.5890
vn -0.0210 -0.8553 -0.5177
vn -0.0216 -0.8798 -0.4749
vn -0.0219 -0.8905 -0.4544
vn -0.0437 -0.8897 -0.4545
vn -0.0873 -0.8864 -0.4545
vn -0.1307 -0.8811 -0.4545
vn -0.1522 -0.8777 -0.4544
vn -0.1504 -0.8671 -0.4749
vn -0.1462 -0.8430 -0.5177
vn -0.1411 -0.8133 -0.5645
vn -0.1185 -0.7994 -0.5890
vn -0.1381 -0.7963 -0.5889
vn -0.0792 -0.8042 -0.5890
vn -0.2332 -0.9309 -0.2812
vn -0.2349 -0.9376 -0.2565
vn -0.2806 -0.9249 -0.2565
vn -0.2786 -0.9183 -0.2812
vn -0.2363 -0.9433 -0.2332
vn -0.2823 -0.9306 -0.2332
vn -0.3256 -0.9101 -0.2565
vn -0.3233 -0.9036 -0.2812
vn -0.3276 -0.9156 -0.2332
vn -0.2095 -0.9326 -0.2939
vn -0.2103 -0.9363 -0.2811
vn -0.2323 -0.9271 -0.2940
vn -0.2118 -0.9431 -0.2564
vn -0.2131 -0.9488 -0.2331
vn -0.2137 -0.9514 -0.2218
vn -0.2370 -0.9458 -0.2219
vn -0.2830 -0.9331 -0.2219
vn -0.3285 -0.9181 -0.2219
vn -0.3509 -0.9098 -0.2218
vn -0.3499 -0.9073 -0.2331
vn -0.3478 -0.9018 -0.2564
vn -0.3453 -0.8954 -0.2811
vn -0.3220 -0.8999 -0.2940
vn -0.3440 -0.8918 -0.2939
vn -0.2775 -0.9146 -0.2940
vn -0.2228 -0.8892 -0.3997
vn -0.2261 -0.9025 -0.3666
vn -0.2701 -0.8903 -0.3666
vn -0.2661 -0.8772 -0.3997
vn -0.2289 -0.9136 -0.3361
vn -0.2734 -0.9013 -0.3361
vn -0.3134 -0.8760 -0.3666
vn -0.3088 -0.8631 -0.3997
vn -0.3173 -0.8868 -0.3361
vn -0.1992 -0.8869 -0.4169
vn -0.2009 -0.8944 -0.3996
vn -0.2209 -0.8817 -0.4170
vn -0.2039 -0.9078 -0.3665
vn -0.2064 -0.9190 -0.3360
vn -0.2075 -0.9240 -0.3213
vn -0.2301 -0.9186 -0.3214
vn -0.2749 -0.9062 -0.3214
vn -0.3190 -0.8916 -0.3214
vn -0.3408 -0.8835 -0.3213
vn -0.3389 -0.8788 -0.3360
vn -0.3348 -0.8681 -0.3665
vn -0.3299 -0.8553 -0.3996
vn -0.3062 -0.8558 -0.4170
vn -0.3271 -0.8481 -0.4169
vn -0.2638 -0.8698 -0.4170
vn -0.2006 -0.8006 -0.5646
vn -0.2079 -0.8298 -0.5178
vn -0.2483 -0.8187 -0.5178
vn -0.2396 -0.7898 -0.5646
vn -0.2139 -0.8536 -0.4750
vn -0.2555 -0.8421 -0.4750
vn -0.2882 -0.8055 -0.5178
vn -0.2780 -0.7771 -0.5646
vn -0.2964 -0.8286 -0.4750
vn -0.1771 -0.7886 -0.5889
vn -0.1809 -0.8054 -0.5645
vn -0.1964 -0.7839 -0.5890
vn -0.1875 -0.8348 -0.5177
vn -0.1929 -0.8587 -0.4749
vn -0.1952 -0.8691 -0.4544
vn -0.2165 -0.8640 -0.4545
vn -0.2586 -0.8524 -0.4545
vn -0.3000 -0.8387 -0.4545
vn -0.3206 -0.8311 -0.4544
vn -0.3167 -0.8211 -0.4749
vn -0.3079 -0.7982 -0.5177
vn -0.2970 -0.7701 -0.5645
vn -0.2722 -0.7609 -0.5890
vn -0.2908 -0.7541 -0.5889
vn -0.2346 -0.7733 -0.5890
vn -0.1390 -0.6141 -0.7769
vn -0.1632 -0.6728 -0.7216
vn -0.2011 -0.6630 -0.7211
vn -0.1832 -0.6039 -0.7757
vn -0.1797 -0.7221 -0.6680
vn -0.2161 -0.7122 -0.6679
vn -0.2381 -0.6501 -0.7216
vn -0.2256 -0.5878 -0.7769
vn -0.2518 -0.7002 -0.6680
vn -0.1098 -0.5823 -0.8055
vn -0.1235 -0.6157 -0.7782
vn -0.1234 -0.5809 -0.8046
vn -0.1466 -0.6761 -0.7221
vn -0.1619 -0.7262 -0.6681
vn -0.1679 -0.7487 -0.6413
vn -0.1862 -0.7443 -0.6414
vn -0.2227 -0.7342 -0.6414
vn -0.2587 -0.7223 -0.6414
vn -0.2763 -0.7158 -0.6413
vn -0.2688 -0.6938 -0.6681
vn -0.2538 -0.6435 -0.7221
vn -0.2394 -0.5806 -0.7782
vn -0.2201 -0.5515 -0.8046
vn -0.2322 -0.5452 -0.8055
vn -0.1726 -0.5691 -0.8039
vn -0.0889 -0.2931 -0.9519
vn -0.0572 -0.3628 -0.9301
vn -0.1186 -0.3908 -0.9128
vn -0.1541 -0.3334 -0.9301
vn -0.0540 -0.4607 -0.8859
vn -0.1377 -0.4538 -0.8804
vn -0.2111 -0.4130 -0.8859
vn -0.0679 -0.2238 -0.9723
vn -0.0611 -0.2388 -0.9692
vn -0.0819 -0.2325 -0.9692
vn -0.0244 -0.3464 -0.9378
vn -0.1722 -0.3016 -0.9378
vn -0.0712 -0.5001 -0.8630
vn -0.0829 -0.5014 -0.8612
vn -0.0468 -0.4490 -0.8923
vn -0.1477 -0.4869 -0.8609
vn -0.2187 -0.4554 -0.8630
vn -0.2105 -0.3993 -0.8923
vn -0.2096 -0.4630 -0.8612
vn -0.2405 -0.9599 0.1438
vn -0.2407 -0.9607 0.1387
vn -0.2875 -0.9477 0.1387
vn -0.2873 -0.9470 0.1438
vn -0.2407 -0.9610 0.1363
vn -0.2876 -0.9480 0.1363
vn -0.3336 -0.9325 0.1387
vn -0.3333 -0.9318 0.1438
vn -0.3337 -0.9328 0.1363
vn -0.2168 -0.9650 0.1473
vn -0.2169 -0.9656 0.1438
vn -0.2404 -0.9594 0.1473
vn -0.2170 -0.9663 0.1386
vn -0.2171 -0.9666 0.1363
vn -0.2171 -0.9667 0.1356
vn -0.2408 -0.9611 0.1356
vn -0.2876 -0.9481 0.1356
vn -0.3337 -0.9329 0.1356
vn -0.3565 -0.9244 0.1356
vn -0.3565 -0.9243 0.1363
vn -0.3564 -0.9240 0.1386
vn -0.3561 -0.9233 0.1438
vn -0.3332 -0.9313 0.1473
vn -0.3559 -0.9228 0.1473
vn -0.2871 -0.9465 0.1473
vn -0.2350 -0.9379 0.2552
vn -0.2376 -0.9482 0.2110
vn -0.2838 -0.9354 0.2110
vn -0.2807 -0.9253 0.2552
vn -0.2392 -0.9549 0.1761
vn -0.2858 -0.9420 0.1761
vn -0.3293 -0.9204 0.2110
vn -0.3257 -0.9104 0.2552
vn -0.3316 -0.9268 0.1761
vn -0.2100 -0.9349 0.2862
vn -0.2119 -0.9434 0.2551
vn -0.2329 -0.9294 0.2863
vn -0.2142 -0.9537 0.2110
vn -0.2157 -0.9605 0.1760
vn -0.2162 -0.9627 0.1625
vn -0.2398 -0.9571 0.1625
vn -0.2864 -0.9442 0.1625
vn -0.3324 -0.9290 0.1625
vn -0.3551 -0.9206 0.1625
vn -0.3542 -0.9184 0.1760
vn -0.3518 -0.9120 0.2110
vn -0.3479 -0.9021 0.2551
vn -0.3228 -0.9021 0.2863
vn -0.3448 -0.8940 0.2862
vn -0.2781 -0.9169 0.2863
vn -0.2383 -0.9510 -0.1969
vn -0.2385 -0.9521 -0.1914
vn -0.2849 -0.9393 -0.1914
vn -0.2846 -0.9382 -0.1969
vn -0.2382 -0.9509 -0.1974
vn -0.2846 -0.9381 -0.1974
vn -0.3306 -0.9242 -0.1914
vn -0.3303 -0.9231 -0.1969
vn -0.3302 -0.9230 -0.1974
vn -0.2146 -0.9555 -0.2021
vn -0.2149 -0.9566 -0.1968
vn -0.2380 -0.9500 -0.2022
vn -0.2151 -0.9577 -0.1913
vn -0.2148 -0.9565 -0.1973
vn -0.2146 -0.9553 -0.2034
vn -0.2379 -0.9497 -0.2035
vn -0.2842 -0.9369 -0.2035
vn -0.3298 -0.9219 -0.2035
vn -0.3523 -0.9135 -0.2034
vn -0.3528 -0.9147 -0.1973
vn -0.3532 -0.9158 -0.1913
vn -0.3528 -0.9148 -0.1968
vn -0.3299 -0.9221 -0.2022
vn -0.3524 -0.9137 -0.2021
vn -0.2843 -0.9372 -0.2022
vn -0.1444 -0.2701 -0.9519
vn -0.1268 -0.3447 -0.9301
vn -0.1926 -0.3602 -0.9128
vn -0.2162 -0.2969 -0.9301
vn -0.1428 -0.4413 -0.8859
vn -0.2235 -0.4182 -0.8804
vn -0.2876 -0.3639 -0.8859
vn -0.1102 -0.2063 -0.9723
vn -0.1065 -0.2223 -0.9692
vn -0.1257 -0.2120 -0.9692
vn -0.0915 -0.3350 -0.9378
vn -0.2277 -0.2622 -0.9378
vn -0.1674 -0.4766 -0.8630
vn -0.1791 -0.4756 -0.8612
vn -0.1335 -0.4312 -0.8923
vn -0.2398 -0.4487 -0.8609
vn -0.3033 -0.4040 -0.8630
vn -0.2844 -0.3505 -0.8923
vn -0.2959 -0.4132 -0.8612
vn -0.4231 -0.8946 0.1438
vn -0.4235 -0.8952 0.1387
vn -0.4668 -0.8734 0.1387
vn -0.4665 -0.8728 0.1438
vn -0.4236 -0.8955 0.1363
vn -0.4670 -0.8737 0.1363
vn -0.5091 -0.8495 0.1387
vn -0.5087 -0.8488 0.1438
vn -0.5093 -0.8497 0.1363
vn -0.4009 -0.9042 0.1473
vn -0.4011 -0.9047 0.1438
vn -0.4229 -0.8941 0.1473
vn -0.4014 -0.9054 0.1386
vn -0.4015 -0.9057 0.1363
vn -0.4015 -0.9058 0.1356
vn -0.4236 -0.8956 0.1356
vn -0.4670 -0.8738 0.1356
vn -0.5093 -0.8498 0.1356
vn -0.5300 -0.8371 0.1356
vn -0.5300 -0.8370 0.1363
vn -0.5298 -0.8367 0.1386
vn -0.5294 -0.8361 0.1438
vn -0.5085 -0.8484 0.1473
vn -0.5291 -0.8357 0.1473
vn -0.4662 -0.8723 0.1473
vn -0.4134 -0.8740 0.2552
vn -0.4180 -0.8836 0.2110
vn -0.4608 -0.8621 0.2110
vn -0.4558 -0.8527 0.2552
vn -0.4209 -0.8898 0.1761
vn -0.4640 -0.8681 0.1761
vn -0.5025 -0.8384 0.2110
vn -0.4970 -0.8293 0.2552
vn -0.5060 -0.8443 0.1761
vn -0.3883 -0.8759 0.2862
vn -0.3919 -0.8839 0.2551
vn -0.4097 -0.8661 0.2863
vn -0.3962 -0.8936 0.2110
vn -0.3989 -0.8999 0.1760
vn -0.3999 -0.9020 0.1625
vn -0.4219 -0.8920 0.1625
vn -0.4651 -0.8702 0.1625
vn -0.5072 -0.8463 0.1625
vn -0.5278 -0.8337 0.1625
vn -0.5266 -0.8317 0.1760
vn -0.5229 -0.8259 0.2110
vn -0.5173 -0.8169 0.2551
vn -0.4925 -0.8218 0.2863
vn -0.5126 -0.8095 0.2862
vn -0.4517 -0.8450 0.2863
vn -0.4192 -0.8863 -0.1969
vn -0.4197 -0.8873 -0.1914
vn -0.4627 -0.8656 -0.1914
vn -0.4622 -0.8647 -0.1969
vn -0.4192 -0.8862 -0.1974
vn -0.4621 -0.8646 -0.1974
vn -0.5046 -0.8419 -0.1914
vn -0.5040 -0.8410 -0.1969
vn -0.5040 -0.8409 -0.1974
vn -0.3969 -0.8953 -0.2021
vn -0.3974 -0.8963 -0.1968
vn -0.4188 -0.8853 -0.2022
vn -0.3978 -0.8973 -0.1913
vn -0.3973 -0.8962 -0.1973
vn -0.3968 -0.8951 -0.2034
vn -0.4186 -0.8851 -0.2035
vn -0.4615 -0.8635 -0.2035
vn -0.5033 -0.8398 -0.2035
vn -0.5238 -0.8272 -0.2034
vn -0.5244 -0.8283 -0.1973
vn -0.5251 -0.8293 -0.1913
vn -0.5245 -0.8283 -0.1968
vn -0.5035 -0.8400 -0.2022
vn -0.5239 -0.8274 -0.2021
vn -0.4617 -0.8637 -0.2022
vn -0.4103 -0.8675 -0.2812
vn -0.4133 -0.8737 -0.2565
vn -0.4556 -0.8524 -0.2565
vn -0.4524 -0.8463 -0.2812
vn -0.4158 -0.8791 -0.2332
vn -0.4584 -0.8576 -0.2332
vn -0.4969 -0.8291 -0.2565
vn -0.4933 -0.8231 -0.2812
vn -0.4999 -0.8341 -0.2332
vn -0.3874 -0.8738 -0.2939
vn -0.3889 -0.8773 -0.2811
vn -0.4087 -0.8640 -0.2940
vn -0.3917 -0.8836 -0.2564
vn -0.3941 -0.8890 -0.2331
vn -0.3952 -0.8914 -0.2218
vn -0.4169 -0.8814 -0.2219
vn -0.4596 -0.8599 -0.2219
vn -0.5013 -0.8364 -0.2219
vn -0.5216 -0.8238 -0.2218
vn -0.5202 -0.8216 -0.2331
vn -0.5171 -0.8166 -0.2564
vn -0.5134 -0.8108 -0.2811
vn -0.4914 -0.8198 -0.2940
vn -0.5113 -0.8076 -0.2939
vn -0.4506 -0.8429 -0.2940
vn -0.3920 -0.8286 -0.3997
vn -0.3978 -0.8410 -0.3666
vn -0.4386 -0.8205 -0.3666
vn -0.4321 -0.8084 -0.3997
vn -0.4027 -0.8514 -0.3361
vn -0.4440 -0.8306 -0.3361
vn -0.4783 -0.7980 -0.3666
vn -0.4712 -0.7862 -0.3997
vn -0.4842 -0.8079 -0.3361
vn -0.3684 -0.8310 -0.4169
vn -0.3715 -0.8380 -0.3996
vn -0.3887 -0.8216 -0.4170
vn -0.3771 -0.8506 -0.3665
vn -0.3817 -0.8610 -0.3360
vn -0.3838 -0.8657 -0.3213
vn -0.4049 -0.8560 -0.3214
vn -0.4464 -0.8351 -0.3214
vn -0.4868 -0.8122 -0.3214
vn -0.5066 -0.8001 -0.3213
vn -0.5039 -0.7958 -0.3360
vn -0.4977 -0.7861 -0.3665
vn -0.4904 -0.7745 -0.3996
vn -0.4673 -0.7796 -0.4170
vn -0.4863 -0.7680 -0.4169
vn -0.4285 -0.8016 -0.4170
vn -0.3529 -0.7461 -0.5646
vn -0.3658 -0.7733 -0.5178
vn -0.4033 -0.7545 -0.5178
vn -0.3891 -0.7279 -0.5646
vn -0.3763 -0.7955 -0.4750
vn -0.4148 -0.7761 -0.4750
vn -0.4398 -0.7338 -0.5178
vn -0.4243 -0.7079 -0.5646
vn -0.4524 -0.7548 -0.4750
vn -0.3276 -0.7389 -0.5889
vn -0.3345 -0.7546 -0.5645
vn -0.3455 -0.7305 -0.5890
vn -0.3467 -0.7821 -0.5177
vn -0.3567 -0.8045 -0.4749
vn -0.3610 -0.8143 -0.4544
vn -0.3809 -0.8052 -0.4545
vn -0.4199 -0.7855 -0.4545
vn -0.4579 -0.7640 -0.4545
vn -0.4765 -0.7526 -0.4544
vn -0.4708 -0.7435 -0.4749
vn -0.4577 -0.7228 -0.5177
vn -0.4416 -0.6974 -0.5645
vn -0.4154 -0.6932 -0.5890
vn -0.4324 -0.6828 -0.5889
vn -0.3809 -0.7127 -0.5890
vn -0.2561 -0.5752 -0.7769
vn -0.2913 -0.6280 -0.7216
vn -0.3266 -0.6110 -0.7211
vn -0.2975 -0.5565 -0.7757
vn -0.3171 -0.6732 -0.6680
vn -0.3508 -0.6564 -0.6679
vn -0.3603 -0.5911 -0.7216
vn -0.3360 -0.5325 -0.7769
vn -0.3835 -0.6377 -0.6680
vn -0.2213 -0.5497 -0.8055
vn -0.2413 -0.5798 -0.7782
vn -0.2344 -0.5456 -0.8046
vn -0.2756 -0.6345 -0.7221
vn -0.3005 -0.6807 -0.6681
vn -0.3107 -0.7015 -0.6413
vn -0.3278 -0.6936 -0.6414
vn -0.3617 -0.6766 -0.6414
vn -0.3946 -0.6580 -0.6414
vn -0.4106 -0.6481 -0.6413
vn -0.3990 -0.6280 -0.6681
vn -0.3744 -0.5817 -0.7221
vn -0.3481 -0.5227 -0.7782
vn -0.3235 -0.4980 -0.8046
vn -0.3341 -0.4894 -0.8055
vn -0.2804 -0.5245 -0.8039
vn -0.5717 -0.7708 -0.2812
vn -0.5758 -0.7763 -0.2565
vn -0.6132 -0.7471 -0.2565
vn -0.6088 -0.7418 -0.2812
vn -0.5793 -0.7810 -0.2332
vn -0.6169 -0.7517 -0.2332
vn -0.6491 -0.7162 -0.2565
vn -0.6444 -0.7111 -0.2812
vn -0.6530 -0.7205 -0.2332
vn -0.5504 -0.7814 -0.2939
vn -0.5526 -0.7846 -0.2811
vn -0.5694 -0.7677 -0.2940
vn -0.5566 -0.7902 -0.2564
vn -0.5600 -0.7950 -0.2331
vn -0.5615 -0.7972 -0.2218
vn -0.5809 -0.7832 -0.2219
vn -0.6186 -0.7537 -0.2219
vn -0.6548 -0.7225 -0.2219
vn -0.6723 -0.7062 -0.2218
vn -0.6705 -0.7043 -0.2331
vn -0.6665 -0.7001 -0.2564
vn -0.6617 -0.6951 -0.2811
vn -0.6419 -0.7082 -0.2940
vn -0.6591 -0.6923 -0.2939
vn -0.6064 -0.7388 -0.2940
vn -0.5461 -0.7362 -0.3997
vn -0.5543 -0.7473 -0.3666
vn -0.5902 -0.7192 -0.3666
vn -0.5815 -0.7086 -0.3997
vn -0.5611 -0.7565 -0.3361
vn -0.5975 -0.7280 -0.3361
vn -0.6248 -0.6894 -0.3666
vn -0.6156 -0.6792 -0.3997
vn -0.6325 -0.6979 -0.3361
vn -0.5234 -0.7431 -0.4169
vn -0.5279 -0.7494 -0.3996
vn -0.5415 -0.7300 -0.4170
vn -0.5358 -0.7607 -0.3665
vn -0.5424 -0.7700 -0.3360
vn -0.5453 -0.7742 -0.3213
vn -0.5641 -0.7606 -0.3214
vn -0.6007 -0.7320 -0.3214
vn -0.6359 -0.7017 -0.3214
vn -0.6529 -0.6859 -0.3213
vn -0.6494 -0.6822 -0.3360
vn -0.6415 -0.6739 -0.3665
vn -0.6321 -0.6639 -0.3996
vn -0.6104 -0.6735 -0.4170
vn -0.6267 -0.6583 -0.4169
vn -0.5766 -0.7026 -0.4170
vn -0.4917 -0.6629 -0.5646
vn -0.5096 -0.6871 -0.5178
vn -0.5427 -0.6613 -0.5178
vn -0.5236 -0.6380 -0.5646
vn -0.5242 -0.7068 -0.4750
vn -0.5583 -0.6802 -0.4750
vn -0.5745 -0.6339 -0.5178
vn -0.5543 -0.6116 -0.5646
vn -0.5909 -0.6521 -0.4750
vn -0.4654 -0.6608 -0.5889
vn -0.4753 -0.6748 -0.5645
vn -0.4814 -0.6491 -0.5890
vn -0.4927 -0.6995 -0.5177
vn -0.5068 -0.7195 -0.4749
vn -0.5130 -0.7283 -0.4544
vn -0.5306 -0.7154 -0.4545
vn -0.5651 -0.6885 -0.4545
vn -0.5982 -0.6600 -0.4545
vn -0.6142 -0.6452 -0.4544
vn -0.6068 -0.6374 -0.4749
vn -0.5899 -0.6197 -0.5177
vn -0.5691 -0.5978 -0.5645
vn -0.5427 -0.5988 -0.5890
vn -0.5573 -0.5854 -0.5889
vn -0.5127 -0.6247 -0.5890
vn -0.3634 -0.5142 -0.7769
vn -0.4083 -0.5591 -0.7216
vn -0.4395 -0.5356 -0.7211
vn -0.4003 -0.4878 -0.7757
vn -0.4424 -0.5984 -0.6680
vn -0.4722 -0.5753 -0.6679
vn -0.4687 -0.5095 -0.7216
vn -0.4334 -0.4567 -0.7769
vn -0.5006 -0.5506 -0.6680
vn -0.3243 -0.4960 -0.8055
vn -0.3497 -0.5216 -0.7782
vn -0.3363 -0.4894 -0.8046
vn -0.3941 -0.5685 -0.7221
vn -0.4275 -0.6090 -0.6681
vn -0.4416 -0.6274 -0.6413
vn -0.4569 -0.6163 -0.6414
vn -0.4867 -0.5931 -0.6414
vn -0.5154 -0.5683 -0.6414
vn -0.5292 -0.5556 -0.6413
vn -0.5139 -0.5381 -0.6681
vn -0.4807 -0.4975 -0.7221
vn -0.4433 -0.4448 -0.7782
vn -0.4144 -0.4253 -0.8046
vn -0.4232 -0.4148 -0.8055
vn -0.3773 -0.4597 -0.8039
vn -0.1943 -0.2368 -0.9519
vn -0.1917 -0.3133 -0.9301
vn -0.2591 -0.3157 -0.9128
vn -0.2699 -0.2491 -0.9301
vn -0.2262 -0.4050 -0.8859
vn -0.3008 -0.3665 -0.8804
vn -0.3531 -0.3008 -0.8859
vn -0.1484 -0.1808 -0.9723
vn -0.1478 -0.1972 -0.9692
vn -0.1646 -0.1834 -0.9691
vn -0.1551 -0.3107 -0.9378
vn -0.2745 -0.2127 -0.9378
vn -0.2572 -0.4348 -0.8630
vn -0.2685 -0.4315 -0.8612
vn -0.2150 -0.3969 -0.8923
vn -0.3228 -0.3933 -0.8609
vn -0.3763 -0.3371 -0.8630
vn -0.3473 -0.2883 -0.8923
vn -0.3708 -0.3475 -0.8612
vn -0.5895 -0.7948 0.1438
vn -0.5900 -0.7954 0.1387
vn -0.6283 -0.7655 0.1387
vn -0.6278 -0.7650 0.1438
vn -0.5902 -0.7957 0.1363
vn -0.6285 -0.7658 0.1363
vn -0.6650 -0.7338 0.1387
vn -0.6645 -0.7333 0.1438
vn -0.6653 -0.7341 0.1363
vn -0.5696 -0.8086 0.1473
vn -0.5699 -0.8091 0.1438
vn -0.5892 -0.7944 0.1473
vn -0.5703 -0.8097 0.1386
vn -0.5705 -0.8099 0.1363
vn -0.5705 -0.8100 0.1356
vn -0.5902 -0.7958 0.1356
vn -0.6285 -0.7659 0.1356
vn -0.6653 -0.7341 0.1356
vn -0.6831 -0.7176 0.1356
vn -0.6831 -0.7175 0.1363
vn -0.6829 -0.7173 0.1386
vn -0.6823 -0.7167 0.1438
vn -0.6642 -0.7329 0.1473
vn -0.6820 -0.7164 0.1473
vn -0.6275 -0.7646 0.1473
vn -0.5760 -0.7766 0.2552
vn -0.5823 -0.7851 0.2110
vn -0.6201 -0.7556 0.2110
vn -0.6134 -0.7474 0.2552
vn -0.5864 -0.7906 0.1761
vn -0.6245 -0.7609 0.1761
vn -0.6564 -0.7243 0.2110
vn -0.6493 -0.7164 0.2552
vn -0.6610 -0.7294 0.1761
vn -0.5518 -0.7834 0.2862
vn -0.5568 -0.7905 0.2551
vn -0.5708 -0.7696 0.2863
vn -0.5629 -0.7992 0.2110
vn -0.5668 -0.8048 0.1760
vn -0.5682 -0.8067 0.1625
vn -0.5878 -0.7925 0.1625
vn -0.6260 -0.7627 0.1625
vn -0.6626 -0.7311 0.1625
vn -0.6803 -0.7147 0.1625
vn -0.6787 -0.7130 0.1760
vn -0.6740 -0.7080 0.2110
vn -0.6667 -0.7003 0.2551
vn -0.6434 -0.7100 0.2863
vn -0.6607 -0.6940 0.2862
vn -0.6078 -0.7407 0.2863
vn -0.5841 -0.7875 -0.1969
vn -0.5847 -0.7883 -0.1914
vn -0.6227 -0.7587 -0.1914
vn -0.6220 -0.7579 -0.1969
vn -0.5840 -0.7874 -0.1974
vn -0.6219 -0.7578 -0.1974
vn -0.6591 -0.7273 -0.1914
vn -0.6584 -0.7265 -0.1969
vn -0.6583 -0.7264 -0.1974
vn -0.5640 -0.8007 -0.2021
vn -0.5646 -0.8016 -0.1968
vn -0.5834 -0.7866 -0.2022
vn -0.5652 -0.8025 -0.1913
vn -0.5645 -0.8015 -0.1973
vn -0.5638 -0.8005 -0.2034
vn -0.5833 -0.7864 -0.2035
vn -0.6211 -0.7568 -0.2035
vn -0.6575 -0.7255 -0.2035
vn -0.6751 -0.7091 -0.2034
vn -0.6760 -0.7100 -0.1973
vn -0.6768 -0.7109 -0.1913
vn -0.6760 -0.7101 -0.1968
vn -0.6577 -0.7257 -0.2022
vn -0.6753 -0.7093 -0.2021
vn -0.6213 -0.7570 -0.2022
vn -0.2367 -0.1943 -0.9519
vn -0.2491 -0.2699 -0.9301
vn -0.3157 -0.2591 -0.9128
vn -0.3133 -0.1916 -0.9301
vn -0.3008 -0.3531 -0.8859
vn -0.3665 -0.3008 -0.8804
vn -0.4050 -0.2262 -0.8859
vn -0.1808 -0.1484 -0.9723
vn -0.1834 -0.1646 -0.9692
vn -0.1972 -0.1478 -0.9692
vn -0.2127 -0.2745 -0.9378
vn -0.3107 -0.1551 -0.9378
vn -0.3371 -0.3763 -0.8630
vn -0.3475 -0.3708 -0.8612
vn -0.2883 -0.3473 -0.8923
vn -0.3933 -0.3228 -0.8609
vn -0.4348 -0.2572 -0.8630
vn -0.3969 -0.2150 -0.8923
vn -0.4315 -0.2685 -0.8612
vn -0.7333 -0.6645 0.1438
vn -0.7338 -0.6650 0.1387
vn -0.7655 -0.6283 0.1387
vn -0.7650 -0.6278 0.1438
vn -0.7341 -0.6653 0.1363
vn -0.7658 -0.6285 0.1363
vn -0.7954 -0.5900 0.1387
vn -0.7948 -0.5895 0.1438
vn -0.7957 -0.5902 0.1363
vn -0.7164 -0.6820 0.1473
vn -0.7168 -0.6823 0.1438
vn -0.7329 -0.6642 0.1473
vn -0.7173 -0.6828 0.1386
vn -0.7175 -0.6831 0.1363
vn -0.7176 -0.6831 0.1356
vn -0.7341 -0.6653 0.1356
vn -0.7659 -0.6285 0.1356
vn -0.7958 -0.5902 0.1356
vn -0.8100 -0.5705 0.1356
vn -0.8099 -0.5705 0.1363
vn -0.8097 -0.5703 0.1386
vn -0.8091 -0.5699 0.1438
vn -0.7944 -0.5892 0.1473
vn -0.8086 -0.5696 0.1473
vn -0.7646 -0.6275 0.1473
vn -0.7164 -0.6493 0.2552
vn -0.7243 -0.6564 0.2110
vn -0.7556 -0.6201 0.2110
vn -0.7474 -0.6134 0.2552
vn -0.7294 -0.6610 0.1761
vn -0.7609 -0.6245 0.1761
vn -0.7851 -0.5823 0.2110
vn -0.7766 -0.5760 0.2552
vn -0.7906 -0.5864 0.1761
vn -0.6940 -0.6607 0.2862
vn -0.7003 -0.6667 0.2551
vn -0.7100 -0.6434 0.2863
vn -0.7080 -0.6740 0.2110
vn -0.7130 -0.6787 0.1760
vn -0.7147 -0.6803 0.1625
vn -0.7311 -0.6626 0.1625
vn -0.7627 -0.6260 0.1625
vn -0.7925 -0.5878 0.1625
vn -0.8067 -0.5682 0.1625
vn -0.8048 -0.5668 0.1760
vn -0.7992 -0.5629 0.2110
vn -0.7905 -0.5568 0.2551
vn -0.7696 -0.5708 0.2863
vn -0.7834 -0.5518 0.2862
vn -0.7406 -0.6078 0.2863
vn -0.7265 -0.6584 -0.1969
vn -0.7273 -0.6591 -0.1914
vn -0.7587 -0.6227 -0.1914
vn -0.7579 -0.6220 -0.1969
vn -0.7264 -0.6583 -0.1974
vn -0.7578 -0.6219 -0.1974
vn -0.7883 -0.5847 -0.1914
vn -0.7875 -0.5841 -0.1969
vn -0.7874 -0.5840 -0.1974
vn -0.7093 -0.6753 -0.2021
vn -0.7101 -0.6760 -0.1968
vn -0.7257 -0.6577 -0.2022
vn -0.7109 -0.6768 -0.1913
vn -0.7100 -0.6760 -0.1973
vn -0.7091 -0.6751 -0.2034
vn -0.7255 -0.6575 -0.2035
vn -0.7568 -0.6211 -0.2035
vn -0.7864 -0.5833 -0.2035
vn -0.8005 -0.5638 -0.2034
vn -0.8015 -0.5645 -0.1973
vn -0.8025 -0.5652 -0.1913
vn -0.8016 -0.5646 -0.1968
vn -0.7866 -0.5834 -0.2022
vn -0.8007 -0.5640 -0.2021
vn -0.7570 -0.6213 -0.2022
vn -0.7111 -0.6444 -0.2812
vn -0.7162 -0.6491 -0.2565
vn -0.7472 -0.6132 -0.2565
vn -0.7418 -0.6088 -0.2812
vn -0.7205 -0.6530 -0.2332
vn -0.7517 -0.6169 -0.2332
vn -0.7763 -0.5758 -0.2565
vn -0.7708 -0.5717 -0.2812
vn -0.7810 -0.5793 -0.2332
vn -0.6923 -0.6591 -0.2939
vn -0.6951 -0.6617 -0.2811
vn -0.7082 -0.6419 -0.2940
vn -0.7001 -0.6665 -0.2564
vn -0.7043 -0.6705 -0.2331
vn -0.7062 -0.6723 -0.2218
vn -0.7225 -0.6548 -0.2219
vn -0.7537 -0.6186 -0.2219
vn -0.7832 -0.5809 -0.2219
vn -0.7972 -0.5615 -0.2218
vn -0.7950 -0.5600 -0.2331
vn -0.7902 -0.5566 -0.2564
vn -0.7846 -0.5526 -0.2811
vn -0.7677 -0.5694 -0.2940
vn -0.7814 -0.5504 -0.2939
vn -0.7388 -0.6064 -0.2940
vn -0.6792 -0.6156 -0.3997
vn -0.6894 -0.6248 -0.3666
vn -0.7192 -0.5902 -0.3666
vn -0.7086 -0.5815 -0.3997
vn -0.6979 -0.6325 -0.3361
vn -0.7280 -0.5975 -0.3361
vn -0.7472 -0.5543 -0.3666
vn -0.7362 -0.5461 -0.3997
vn -0.7565 -0.5611 -0.3361
vn -0.6583 -0.6267 -0.4169
vn -0.6639 -0.6321 -0.3996
vn -0.6735 -0.6104 -0.4170
vn -0.6739 -0.6415 -0.3665
vn -0.6822 -0.6494 -0.3360
vn -0.6859 -0.6529 -0.3213
vn -0.7017 -0.6359 -0.3214
vn -0.7320 -0.6007 -0.3214
vn -0.7606 -0.5641 -0.3214
vn -0.7742 -0.5453 -0.3213
vn -0.7700 -0.5424 -0.3360
vn -0.7607 -0.5358 -0.3665
vn -0.7494 -0.5279 -0.3996
vn -0.7300 -0.5415 -0.4170
vn -0.7431 -0.5234 -0.4169
vn -0.7026 -0.5766 -0.4170
vn -0.6116 -0.5543 -0.5646
vn -0.6339 -0.5745 -0.5178
vn -0.6613 -0.5427 -0.5178
vn -0.6380 -0.5236 -0.5646
vn -0.6521 -0.5909 -0.4750
vn -0.6802 -0.5583 -0.4750
vn -0.6871 -0.5096 -0.5178
vn -0.6629 -0.4917 -0.5646
vn -0.7068 -0.5242 -0.4750
vn -0.5854 -0.5573 -0.5889
vn -0.5978 -0.5691 -0.5645
vn -0.5988 -0.5427 -0.5890
vn -0.6197 -0.5899 -0.5177
vn -0.6374 -0.6068 -0.4749
vn -0.6452 -0.6142 -0.4544
vn -0.6600 -0.5982 -0.4545
vn -0.6885 -0.5651 -0.4545
vn -0.7154 -0.5306 -0.4545
vn -0.7283 -0.5130 -0.4544
vn -0.7195 -0.5068 -0.4749
vn -0.6995 -0.4927 -0.5177
vn -0.6748 -0.4753 -0.5645
vn -0.6491 -0.4814 -0.5890
vn -0.6608 -0.4654 -0.5889
vn -0.6247 -0.5127 -0.5890
vn -0.4567 -0.4334 -0.7769
vn -0.5095 -0.4687 -0.7216
vn -0.5356 -0.4395 -0.7211
vn -0.4878 -0.4004 -0.7757
vn -0.5506 -0.5006 -0.6680
vn -0.5753 -0.4722 -0.6679
vn -0.5591 -0.4083 -0.7216
vn -0.5142 -0.3634 -0.7769
vn -0.5984 -0.4424 -0.6680
vn -0.4148 -0.4232 -0.8055
vn -0.4448 -0.4433 -0.7782
vn -0.4253 -0.4144 -0.8046
vn -0.4974 -0.4807 -0.7221
vn -0.5381 -0.5139 -0.6681
vn -0.5555 -0.5292 -0.6413
vn -0.5683 -0.5154 -0.6414
vn -0.5931 -0.4867 -0.6414
vn -0.6163 -0.4569 -0.6414
vn -0.6274 -0.4416 -0.6413
vn -0.6090 -0.4275 -0.6681
vn -0.5685 -0.3941 -0.7221
vn -0.5216 -0.3497 -0.7782
vn -0.4894 -0.3363 -0.8046
vn -0.4960 -0.3243 -0.8055
vn -0.4597 -0.3773 -0.8039
vn -0.7862 -0.4712 -0.3997
vn -0.7980 -0.4783 -0.3666
vn -0.8205 -0.4386 -0.3666
vn -0.8084 -0.4321 -0.3997
vn -0.8079 -0.4842 -0.3361
vn -0.8306 -0.4440 -0.3361
vn -0.8410 -0.3978 -0.3666
vn -0.8286 -0.3920 -0.3997
vn -0.8514 -0.4027 -0.3361
vn -0.7680 -0.4863 -0.4169
vn -0.7745 -0.4904 -0.3996
vn -0.7796 -0.4673 -0.4170
vn -0.7861 -0.4977 -0.3665
vn -0.7958 -0.5039 -0.3360
vn -0.8001 -0.5066 -0.3213
vn -0.8122 -0.4868 -0.3214
vn -0.8351 -0.4464 -0.3214
vn -0.8560 -0.4049 -0.3214
vn -0.8657 -0.3838 -0.3213
vn -0.8610 -0.3817 -0.3360
vn -0.8506 -0.3771 -0.3665
vn -0.8380 -0.3715 -0.3996
vn -0.8216 -0.3887 -0.4170
vn -0.8310 -0.3684 -0.4169
vn -0.8016 -0.4285 -0.4170
vn -0.7079 -0.4243 -0.5646
vn -0.7338 -0.4398 -0.5178
vn -0.7545 -0.4033 -0.5178
vn -0.7279 -0.3891 -0.5646
vn -0.7548 -0.4524 -0.4750
vn -0.7761 -0.4148 -0.4750
vn -0.7733 -0.3658 -0.5178
vn -0.7461 -0.3529 -0.5646
vn -0.7955 -0.3763 -0.4750
vn -0.6828 -0.4324 -0.5889
vn -0.6974 -0.4416 -0.5645
vn -0.6932 -0.4154 -0.5890
vn -0.7228 -0.4577 -0.5177
vn -0.7435 -0.4708 -0.4749
vn -0.7526 -0.4765 -0.4544
vn -0.7640 -0.4579 -0.4545
vn -0.7855 -0.4199 -0.4545
vn -0.8052 -0.3809 -0.4545
vn -0.8143 -0.3610 -0.4544
vn -0.8045 -0.3567 -0.4749
vn -0.7821 -0.3467 -0.5177
vn -0.7546 -0.3345 -0.5645
vn -0.7305 -0.3455 -0.5890
vn -0.7389 -0.3276 -0.5889
vn -0.7127 -0.3809 -0.5890
vn -0.5325 -0.3360 -0.7769
vn -0.5911 -0.3603 -0.7216
vn -0.6110 -0.3266 -0.7211
vn -0.5566 -0.2975 -0.7757
vn -0.6377 -0.3835 -0.6680
vn -0.6564 -0.3508 -0.6679
vn -0.6280 -0.2913 -0.7216
vn -0.5752 -0.2561 -0.7769
vn -0.6732 -0.3171 -0.6680
vn -0.4894 -0.3341 -0.8055
vn -0.5227 -0.3480 -0.7782
vn -0.4980 -0.3235 -0.8046
vn -0.5817 -0.3744 -0.7221
vn -0.6280 -0.3990 -0.6681
vn -0.6481 -0.4107 -0.6413
vn -0.6580 -0.3946 -0.6414
vn -0.6766 -0.3617 -0.6414
vn -0.6936 -0.3278 -0.6414
vn -0.7015 -0.3107 -0.6413
vn -0.6807 -0.3005 -0.6681
vn -0.6345 -0.2756 -0.7221
vn -0.5798 -0.2413 -0.7782
vn -0.5456 -0.2343 -0.8046
vn -0.5497 -0.2213 -0.8055
vn -0.5245 -0.2804 -0.8039
vn -0.2701 -0.1444 -0.9519
vn -0.2970 -0.2161 -0.9301
vn -0.3602 -0.1925 -0.9128
vn -0.3447 -0.1268 -0.9301
vn -0.3639 -0.2876 -0.8859
vn -0.4182 -0.2235 -0.8804
vn -0.4413 -0.1428 -0.8859
vn -0.2063 -0.1102 -0.9723
vn -0.2120 -0.1257 -0.9692
vn -0.2223 -0.1065 -0.9692
vn -0.2622 -0.2277 -0.9378
vn -0.3350 -0.0915 -0.9378
vn -0.4040 -0.3033 -0.8630
vn -0.4132 -0.2959 -0.8612
vn -0.3505 -0.2844 -0.8923
vn -0.4487 -0.2398 -0.8609
vn -0.4766 -0.1674 -0.8630
vn -0.4312 -0.1335 -0.8923
vn -0.4756 -0.1791 -0.8612
vn -0.8488 -0.5087 0.1438
vn -0.8495 -0.5091 0.1387
vn -0.8734 -0.4668 0.1387
vn -0.8728 -0.4665 0.1438
vn -0.8497 -0.5093 0.1363
vn -0.8737 -0.4670 0.1363
vn -0.8952 -0.4235 0.1387
vn -0.8946 -0.4231 0.1438
vn -0.8955 -0.4236 0.1363
vn -0.8357 -0.5291 0.1473
vn -0.8361 -0.5294 0.1438
vn -0.8484 -0.5085 0.1473
vn -0.8367 -0.5298 0.1386
vn -0.8370 -0.5300 0.1363
vn -0.8371 -0.5300 0.1356
vn -0.8498 -0.5093 0.1356
vn -0.8738 -0.4671 0.1356
vn -0.8956 -0.4237 0.1356
vn -0.9057 -0.4015 0.1356
vn -0.9057 -0.4015 0.1363
vn -0.9054 -0.4014 0.1386
vn -0.9047 -0.4011 0.1438
vn -0.8941 -0.4229 0.1473
vn -0.9042 -0.4009 0.1473
vn -0.8723 -0.4663 0.1473
vn -0.8293 -0.4970 0.2552
vn -0.8384 -0.5025 0.2110
vn -0.8621 -0.4608 0.2110
vn -0.8527 -0.4558 0.2552
vn -0.8443 -0.5060 0.1761
vn -0.8681 -0.4640 0.1761
vn -0.8836 -0.4180 0.2110
vn -0.8740 -0.4134 0.2552
vn -0.8898 -0.4209 0.1761
vn -0.8095 -0.5126 0.2862
vn -0.8169 -0.5173 0.2551
vn -0.8218 -0.4925 0.2863
vn -0.8259 -0.5229 0.2110
vn -0.8317 -0.5266 0.1760
vn -0.8337 -0.5278 0.1625
vn -0.8463 -0.5072 0.1625
vn -0.8702 -0.4651 0.1625
vn -0.8920 -0.4219 0.1625
vn -0.9020 -0.3999 0.1625
vn -0.8999 -0.3989 0.1760
vn -0.8936 -0.3962 0.2110
vn -0.8839 -0.3919 0.2551
vn -0.8661 -0.4097 0.2863
vn -0.8759 -0.3883 0.2862
vn -0.8450 -0.4517 0.2863
vn -0.8410 -0.5040 -0.1969
vn -0.8419 -0.5046 -0.1914
vn -0.8656 -0.4627 -0.1914
vn -0.8647 -0.4622 -0.1969
vn -0.8409 -0.5040 -0.1974
vn -0.8646 -0.4621 -0.1974
vn -0.8873 -0.4197 -0.1914
vn -0.8863 -0.4192 -0.1969
vn -0.8862 -0.4192 -0.1974
vn -0.8274 -0.5239 -0.2021
vn -0.8283 -0.5245 -0.1968
vn -0.8400 -0.5035 -0.2022
vn -0.8293 -0.5251 -0.1913
vn -0.8283 -0.5244 -0.1973
vn -0.8272 -0.5238 -0.2034
vn -0.8398 -0.5033 -0.2035
vn -0.8635 -0.4615 -0.2035
vn -0.8851 -0.4186 -0.2035
vn -0.8951 -0.3968 -0.2034
vn -0.8962 -0.3973 -0.1973
vn -0.8973 -0.3978 -0.1913
vn -0.8963 -0.3974 -0.1968
vn -0.8853 -0.4188 -0.2022
vn -0.8953 -0.3969 -0.2021
vn -0.8637 -0.4617 -0.2022
vn -0.8231 -0.4933 -0.2812
vn -0.8291 -0.4969 -0.2565
vn -0.8524 -0.4556 -0.2565
vn -0.8463 -0.4524 -0.2812
vn -0.8341 -0.4999 -0.2332
vn -0.8576 -0.4584 -0.2332
vn -0.8737 -0.4133 -0.2565
vn -0.8675 -0.4103 -0.2812
vn -0.8790 -0.4158 -0.2332
vn -0.8076 -0.5113 -0.2939
vn -0.8108 -0.5134 -0.2811
vn -0.8198 -0.4914 -0.2940
vn -0.8166 -0.5171 -0.2564
vn -0.8216 -0.5202 -0.2331
vn -0.8238 -0.5216 -0.2218
vn -0.8364 -0.5013 -0.2219
vn -0.8599 -0.4596 -0.2219
vn -0.8814 -0.4169 -0.2219
vn -0.8914 -0.3952 -0.2218
vn -0.8890 -0.3941 -0.2331
vn -0.8836 -0.3917 -0.2564
vn -0.8773 -0.3889 -0.2811
vn -0.8640 -0.4087 -0.2940
vn -0.8738 -0.3874 -0.2939
vn -0.8429 -0.4506 -0.2940
vn -0.9318 -0.3333 0.1438
vn -0.9325 -0.3336 0.1387
vn -0.9477 -0.2875 0.1387
vn -0.9470 -0.2873 0.1438
vn -0.9328 -0.3337 0.1363
vn -0.9480 -0.2876 0.1363
vn -0.9607 -0.2407 0.1387
vn -0.9599 -0.2405 0.1438
vn -0.9610 -0.2407 0.1363
vn -0.9228 -0.3559 0.1473
vn -0.9233 -0.3561 0.1438
vn -0.9313 -0.3332 0.1473
vn -0.9240 -0.3564 0.1386
vn -0.9243 -0.3565 0.1363
vn -0.9244 -0.3565 0.1356
vn -0.9329 -0.3337 0.1356
vn -0.9481 -0.2876 0.1356
vn -0.9611 -0.2408 0.1356
vn -0.9667 -0.2171 0.1356
vn -0.9666 -0.2171 0.1363
vn -0.9663 -0.2170 0.1386
vn -0.9656 -0.2169 0.1438
vn -0.9594 -0.2404 0.1473
vn -0.9650 -0.2168 0.1473
vn -0.9465 -0.2871 0.1473
vn -0.9104 -0.3257 0.2552
vn -0.9204 -0.3293 0.2110
vn -0.9354 -0.2838 0.2110
vn -0.9253 -0.2807 0.2552
vn -0.9268 -0.3316 0.1761
vn -0.9420 -0.2858 0.1761
vn -0.9482 -0.2376 0.2110
vn -0.9379 -0.2350 0.2552
vn -0.9549 -0.2392 0.1761
vn -0.8940 -0.3448 0.2862
vn -0.9021 -0.3479 0.2551
vn -0.9021 -0.3228 0.2863
vn -0.9120 -0.3518 0.2110
vn -0.9184 -0.3542 0.1760
vn -0.9206 -0.3551 0.1625
vn -0.9290 -0.3324 0.1625
vn -0.9442 -0.2864 0.1625
vn -0.9571 -0.2398 0.1625
vn -0.9627 -0.2162 0.1625
vn -0.9605 -0.2157 0.1760
vn -0.9537 -0.2142 0.2110
vn -0.9434 -0.2119 0.2551
vn -0.9294 -0.2329 0.2863
vn -0.9349 -0.2100 0.2862
vn -0.9169 -0.2781 0.2863
vn -0.9231 -0.3303 -0.1969
vn -0.9242 -0.3306 -0.1914
vn -0.9392 -0.2849 -0.1914
vn -0.9382 -0.2846 -0.1969
vn -0.9230 -0.3302 -0.1974
vn -0.9381 -0.2846 -0.1974
vn -0.9521 -0.2385 -0.1914
vn -0.9510 -0.2383 -0.1969
vn -0.9509 -0.2382 -0.1974
vn -0.9137 -0.3524 -0.2021
vn -0.9148 -0.3528 -0.1968
vn -0.9221 -0.3299 -0.2022
vn -0.9158 -0.3532 -0.1913
vn -0.9147 -0.3528 -0.1973
vn -0.9135 -0.3523 -0.2034
vn -0.9219 -0.3298 -0.2035
vn -0.9369 -0.2842 -0.2035
vn -0.9497 -0.2379 -0.2035
vn -0.9553 -0.2146 -0.2034
vn -0.9565 -0.2148 -0.1973
vn -0.9577 -0.2151 -0.1913
vn -0.9566 -0.2149 -0.1968
vn -0.9500 -0.2380 -0.2022
vn -0.9556 -0.2146 -0.2021
vn -0.9372 -0.2843 -0.2022
vn -0.9036 -0.3233 -0.2812
vn -0.9101 -0.3256 -0.2565
vn -0.9249 -0.2806 -0.2565
vn -0.9183 -0.2786 -0.2812
vn -0.9156 -0.3276 -0.2332
vn -0.9306 -0.2823 -0.2332
vn -0.9376 -0.2349 -0.2565
vn -0.9309 -0.2332 -0.2812
vn -0.9433 -0.2363 -0.2332
vn -0.8918 -0.3440 -0.2939
vn -0.8954 -0.3453 -0.2811
vn -0.8999 -0.3220 -0.2940
vn -0.9018 -0.3478 -0.2564
vn -0.9073 -0.3499 -0.2331
vn -0.9098 -0.3509 -0.2218
vn -0.9181 -0.3285 -0.2219
vn -0.9331 -0.2831 -0.2219
vn -0.9458 -0.2370 -0.2219
vn -0.9514 -0.2137 -0.2218
vn -0.9488 -0.2131 -0.2331
vn -0.9431 -0.2118 -0.2564
vn -0.9363 -0.2103 -0.2811
vn -0.9271 -0.2323 -0.2940
vn -0.9326 -0.2095 -0.2939
vn -0.9146 -0.2775 -0.2940
vn -0.8631 -0.3088 -0.3997
vn -0.8760 -0.3134 -0.3666
vn -0.8903 -0.2701 -0.3666
vn -0.8772 -0.2661 -0.3997
vn -0.8868 -0.3173 -0.3361
vn -0.9013 -0.2734 -0.3361
vn -0.9025 -0.2261 -0.3666
vn -0.8892 -0.2228 -0.3997
vn -0.9136 -0.2289 -0.3361
vn -0.8481 -0.3271 -0.4169
vn -0.8553 -0.3299 -0.3996
vn -0.8558 -0.3062 -0.4170
vn -0.8681 -0.3348 -0.3665
vn -0.8788 -0.3389 -0.3360
vn -0.8835 -0.3408 -0.3213
vn -0.8916 -0.3190 -0.3214
vn -0.9062 -0.2749 -0.3214
vn -0.9186 -0.2301 -0.3214
vn -0.9240 -0.2075 -0.3213
vn -0.9190 -0.2064 -0.3360
vn -0.9078 -0.2039 -0.3665
vn -0.8944 -0.2009 -0.3996
vn -0.8817 -0.2209 -0.4170
vn -0.8869 -0.1992 -0.4169
vn -0.8698 -0.2639 -0.4170
vn -0.7771 -0.2780 -0.5646
vn -0.8055 -0.2882 -0.5178
vn -0.8186 -0.2483 -0.5178
vn -0.7898 -0.2396 -0.5646
vn -0.8286 -0.2964 -0.4750
vn -0.8421 -0.2555 -0.4750
vn -0.8298 -0.2079 -0.5178
vn -0.8006 -0.2006 -0.5646
vn -0.8536 -0.2139 -0.4750
vn -0.7541 -0.2908 -0.5889
vn -0.7701 -0.2970 -0.5645
vn -0.7609 -0.2722 -0.5890
vn -0.7982 -0.3079 -0.5177
vn -0.8211 -0.3167 -0.4749
vn -0.8311 -0.3206 -0.4544
vn -0.8387 -0.3000 -0.4545
vn -0.8524 -0.2586 -0.4545
vn -0.8640 -0.2165 -0.4545
vn -0.8691 -0.1952 -0.4544
vn -0.8587 -0.1929 -0.4749
vn -0.8348 -0.1875 -0.5177
vn -0.8054 -0.1809 -0.5645
vn -0.7839 -0.1964 -0.5890
vn -0.7886 -0.1771 -0.5889
vn -0.7733 -0.2346 -0.5890
vn -0.5878 -0.2256 -0.7769
vn -0.6501 -0.2381 -0.7216
vn -0.6630 -0.2011 -0.7211
vn -0.6039 -0.1832 -0.7757
vn -0.7002 -0.2518 -0.6680
vn -0.7122 -0.2161 -0.6679
vn -0.6728 -0.1632 -0.7216
vn -0.6141 -0.1390 -0.7769
vn -0.7221 -0.1797 -0.6681
vn -0.5452 -0.2322 -0.8055
vn -0.5806 -0.2394 -0.7782
vn -0.5515 -0.2201 -0.8046
vn -0.6436 -0.2538 -0.7221
vn -0.6938 -0.2688 -0.6681
vn -0.7158 -0.2763 -0.6413
vn -0.7223 -0.2587 -0.6414
vn -0.7342 -0.2227 -0.6414
vn -0.7443 -0.1862 -0.6414
vn -0.7487 -0.1679 -0.6413
vn -0.7262 -0.1619 -0.6681
vn -0.6761 -0.1465 -0.7221
vn -0.6157 -0.1235 -0.7782
vn -0.5809 -0.1234 -0.8046
vn -0.5823 -0.1098 -0.8055
vn -0.5691 -0.1726 -0.8039
vn -0.2931 -0.0889 -0.9519
vn -0.3334 -0.1540 -0.9301
vn -0.3909 -0.1185 -0.9128
vn -0.3628 -0.0571 -0.9301
vn -0.4131 -0.2111 -0.8859
vn -0.4538 -0.1376 -0.8804
vn -0.4607 -0.0540 -0.8859
vn -0.2238 -0.0679 -0.9723
vn -0.2325 -0.0819 -0.9692
vn -0.2388 -0.0611 -0.9692
vn -0.3016 -0.1722 -0.9378
vn -0.3464 -0.0244 -0.9378
vn -0.4554 -0.2186 -0.8630
vn -0.4630 -0.2096 -0.8612
vn -0.3993 -0.2105 -0.8923
vn -0.4869 -0.1477 -0.8609
vn -0.5001 -0.0712 -0.8630
vn -0.4490 -0.0468 -0.8923
vn -0.5014 -0.0829 -0.8612
vn -0.9067 -0.1345 -0.3997
vn -0.9203 -0.1365 -0.3666
vn -0.9259 -0.0912 -0.3666
vn -0.9122 -0.0898 -0.3997
vn -0.9316 -0.1382 -0.3361
vn -0.9373 -0.0923 -0.3361
vn -0.9292 -0.0457 -0.3666
vn -0.9155 -0.0450 -0.3997
vn -0.9407 -0.0462 -0.3361
vn -0.8956 -0.1554 -0.4169
vn -0.9032 -0.1567 -0.3996
vn -0.8991 -0.1333 -0.4170
vn -0.9167 -0.1590 -0.3665
vn -0.9280 -0.1610 -0.3360
vn -0.9330 -0.1619 -0.3213
vn -0.9367 -0.1389 -0.3214
vn -0.9424 -0.0928 -0.3214
vn -0.9458 -0.0465 -0.3214
vn -0.9467 -0.0233 -0.3213
vn -0.9416 -0.0232 -0.3360
vn -0.9301 -0.0229 -0.3665
vn -0.9164 -0.0225 -0.3996
vn -0.9078 -0.0446 -0.4170
vn -0.9087 -0.0223 -0.4169
vn -0.9045 -0.0891 -0.4170
vn -0.8164 -0.1211 -0.5646
vn -0.8462 -0.1255 -0.5178
vn -0.8514 -0.0838 -0.5178
vn -0.8214 -0.0809 -0.5646
vn -0.8705 -0.1291 -0.4750
vn -0.8758 -0.0862 -0.4750
vn -0.8545 -0.0420 -0.5178
vn -0.8244 -0.0405 -0.5646
vn -0.8789 -0.0432 -0.4750
vn -0.7963 -0.1381 -0.5889
vn -0.8133 -0.1411 -0.5645
vn -0.7994 -0.1185 -0.5890
vn -0.8430 -0.1462 -0.5177
vn -0.8671 -0.1504 -0.4749
vn -0.8777 -0.1522 -0.4544
vn -0.8811 -0.1307 -0.4545
vn -0.8864 -0.0873 -0.4545
vn -0.8897 -0.0437 -0.4545
vn -0.8905 -0.0219 -0.4544
vn -0.8798 -0.0216 -0.4749
vn -0.8553 -0.0210 -0.5177
vn -0.8252 -0.0203 -0.5645
vn -0.8072 -0.0397 -0.5890
vn -0.8080 -0.0199 -0.5889
vn -0.8042 -0.0792 -0.5890
vn -0.6205 -0.1066 -0.7769
vn -0.6840 -0.1067 -0.7216
vn -0.6895 -0.0679 -0.7211
vn -0.6280 -0.0619 -0.7757
vn -0.7359 -0.1103 -0.6681
vn -0.7407 -0.0729 -0.6679
vn -0.6917 -0.0288 -0.7216
vn -0.6294 -0.0165 -0.7769
vn -0.7433 -0.0354 -0.6681
vn -0.5800 -0.1214 -0.8055
vn -0.6161 -0.1215 -0.7782
vn -0.5839 -0.1083 -0.8046
vn -0.6807 -0.1233 -0.7221
vn -0.7329 -0.1283 -0.6681
vn -0.7559 -0.1314 -0.6413
vn -0.7589 -0.1128 -0.6414
vn -0.7635 -0.0752 -0.6414
vn -0.7663 -0.0374 -0.6414
vn -0.7670 -0.0186 -0.6413
vn -0.7439 -0.0171 -0.6681
vn -0.6917 -0.0118 -0.7221
vn -0.6280 -0.0010 -0.7782
vn -0.5938 -0.0077 -0.8046
vn -0.5926 0.0059 -0.8055
vn -0.5919 -0.0583 -0.8039
vn -0.3048 -0.0300 -0.9519
vn -0.3571 -0.0860 -0.9301
vn -0.4065 -0.0400 -0.9128
vn -0.3670 0.0148 -0.9301
vn -0.4463 -0.1264 -0.8859
vn -0.4719 -0.0465 -0.8804
vn -0.4624 0.0369 -0.8859
vn -0.2327 -0.0229 -0.9723
vn -0.2440 -0.0350 -0.9692
vn -0.2461 -0.0133 -0.9692
vn -0.3294 -0.1101 -0.9378
vn -0.3445 0.0437 -0.9378
vn -0.4893 -0.1256 -0.8630
vn -0.4950 -0.1153 -0.8612
vn -0.4327 -0.1286 -0.8923
vn -0.5063 -0.0499 -0.8609
vn -0.5044 0.0277 -0.8630
vn -0.4495 0.0417 -0.8923
vn -0.5079 0.0165 -0.8612
vn -0.9789 -0.1452 0.1438
vn -0.9796 -0.1453 0.1387
vn -0.9856 -0.0971 0.1387
vn -0.9848 -0.0970 0.1438
vn -0.9800 -0.1453 0.1363
vn -0.9859 -0.0971 0.1363
vn -0.9891 -0.0486 0.1387
vn -0.9884 -0.0486 0.1438
vn -0.9895 -0.0486 0.1363
vn -0.9745 -0.1691 0.1473
vn -0.9750 -0.1691 0.1438
vn -0.9784 -0.1451 0.1473
vn -0.9758 -0.1693 0.1386
vn -0.9761 -0.1693 0.1363
vn -0.9762 -0.1693 0.1356
vn -0.9800 -0.1453 0.1356
vn -0.9860 -0.0971 0.1356
vn -0.9896 -0.0486 0.1356
vn -0.9905 -0.0244 0.1356
vn -0.9904 -0.0244 0.1363
vn -0.9900 -0.0243 0.1386
vn -0.9893 -0.0243 0.1438
vn -0.9879 -0.0486 0.1473
vn -0.9888 -0.0243 0.1473
vn -0.9843 -0.0969 0.1473
vn -0.9564 -0.1418 0.2552
vn -0.9669 -0.1434 0.2110
vn -0.9728 -0.0958 0.2110
vn -0.9622 -0.0948 0.2552
vn -0.9737 -0.1444 0.1761
vn -0.9796 -0.0965 0.1761
vn -0.9763 -0.0480 0.2110
vn -0.9657 -0.0475 0.2552
vn -0.9832 -0.0483 0.1761
vn -0.9441 -0.1638 0.2862
vn -0.9527 -0.1653 0.2551
vn -0.9478 -0.1406 0.2863
vn -0.9631 -0.1671 0.2110
vn -0.9699 -0.1683 0.1760
vn -0.9722 -0.1687 0.1625
vn -0.9760 -0.1447 0.1625
vn -0.9820 -0.0967 0.1625
vn -0.9855 -0.0485 0.1625
vn -0.9864 -0.0243 0.1625
vn -0.9841 -0.0242 0.1760
vn -0.9772 -0.0240 0.2110
vn -0.9666 -0.0238 0.2551
vn -0.9570 -0.0470 0.2863
vn -0.9579 -0.0236 0.2862
vn -0.9535 -0.0939 0.2863
vn -0.9698 -0.1438 -0.1969
vn -0.9709 -0.1440 -0.1914
vn -0.9768 -0.0962 -0.1914
vn -0.9757 -0.0961 -0.1969
vn -0.9697 -0.1438 -0.1974
vn -0.9756 -0.0961 -0.1974
vn -0.9803 -0.0482 -0.1914
vn -0.9792 -0.0481 -0.1969
vn -0.9791 -0.0481 -0.1974
vn -0.9649 -0.1674 -0.2021
vn -0.9660 -0.1676 -0.1968
vn -0.9688 -0.1437 -0.2022
vn -0.9671 -0.1678 -0.1913
vn -0.9659 -0.1676 -0.1973
vn -0.9647 -0.1673 -0.2034
vn -0.9685 -0.1436 -0.2035
vn -0.9744 -0.0960 -0.2035
vn -0.9779 -0.0481 -0.2035
vn -0.9788 -0.0241 -0.2034
vn -0.9800 -0.0241 -0.1973
vn -0.9812 -0.0241 -0.1913
vn -0.9801 -0.0241 -0.1968
vn -0.9782 -0.0481 -0.2022
vn -0.9791 -0.0241 -0.2021
vn -0.9746 -0.0960 -0.2022
vn -0.9493 -0.1408 -0.2812
vn -0.9561 -0.1418 -0.2565
vn -0.9619 -0.0947 -0.2565
vn -0.9550 -0.0941 -0.2812
vn -0.9619 -0.1426 -0.2332
vn -0.9677 -0.0953 -0.2332
vn -0.9654 -0.0475 -0.2565
vn -0.9585 -0.0471 -0.2812
vn -0.9713 -0.0477 -0.2332
vn -0.9418 -0.1634 -0.2939
vn -0.9455 -0.1640 -0.2811
vn -0.9455 -0.1402 -0.2940
vn -0.9523 -0.1652 -0.2564
vn -0.9581 -0.1662 -0.2331
vn -0.9607 -0.1667 -0.2218
vn -0.9645 -0.1430 -0.2219
vn -0.9704 -0.0956 -0.2219
vn -0.9739 -0.0479 -0.2219
vn -0.9748 -0.0240 -0.2218
vn -0.9722 -0.0239 -0.2331
vn -0.9663 -0.0238 -0.2564
vn -0.9594 -0.0236 -0.2811
vn -0.9546 -0.0469 -0.2940
vn -0.9555 -0.0235 -0.2939
vn -0.9512 -0.0937 -0.2940
vn -0.9657 0.0475 0.2552
vn -0.9763 0.0480 0.2110
vn -0.9728 0.0958 0.2110
vn -0.9622 0.0948 0.2552
vn -0.9832 0.0483 0.1761
vn -0.9796 0.0965 0.1761
vn -0.9669 0.1434 0.2110
vn -0.9564 0.1418 0.2552
vn -0.9737 0.1444 0.1761
vn -0.9579 0.0236 0.2862
vn -0.9666 0.0238 0.2551
vn -0.9570 0.0471 0.2863
vn -0.9772 0.0240 0.2110
vn -0.9841 0.0242 0.1760
vn -0.9864 0.0243 0.1625
vn -0.9855 0.0485 0.1625
vn -0.9820 0.0967 0.1625
vn -0.9760 0.1447 0.1625
vn -0.9722 0.1687 0.1625
vn -0.9699 0.1683 0.1760
vn -0.9631 0.1671 0.2110
vn -0.9527 0.1653 0.2551
vn -0.9478 0.1406 0.2863
vn -0.9441 0.1638 0.2862
vn -0.9535 0.0939 0.2863
vn -0.9792 0.0482 -0.1969
vn -0.9803 0.0482 -0.1914
vn -0.9768 0.0962 -0.1914
vn -0.9757 0.0961 -0.1969
vn -0.9791 0.0481 -0.1974
vn -0.9756 0.0961 -0.1974
vn -0.9709 0.1440 -0.1914
vn -0.9698 0.1438 -0.1969
vn -0.9697 0.1438 -0.1974
vn -0.9791 0.0241 -0.2021
vn -0.9801 0.0241 -0.1968
vn -0.9782 0.0481 -0.2022
vn -0.9812 0.0241 -0.1913
vn -0.9800 0.0241 -0.1973
vn -0.9788 0.0241 -0.2034
vn -0.9779 0.0481 -0.2035
vn -0.9744 0.0960 -0.2035
vn -0.9685 0.1436 -0.2035
vn -0.9647 0.1673 -0.2034
vn -0.9659 0.1676 -0.1973
vn -0.9671 0.1678 -0.1913
vn -0.9660 0.1676 -0.1968
vn -0.9687 0.1437 -0.2022
vn -0.9649 0.1674 -0.2021
vn -0.9746 0.0960 -0.2022
vn -0.9585 0.0471 -0.2812
vn -0.9654 0.0475 -0.2565
vn -0.9619 0.0947 -0.2565
vn -0.9550 0.0941 -0.2812
vn -0.9713 0.0478 -0.2332
vn -0.9677 0.0953 -0.2332
vn -0.9561 0.1418 -0.2565
vn -0.9493 0.1408 -0.2812
vn -0.9619 0.1427 -0.2332
vn -0.9555 0.0235 -0.2939
vn -0.9594 0.0236 -0.2811
vn -0.9546 0.0469 -0.2940
vn -0.9663 0.0238 -0.2564
vn -0.9722 0.0239 -0.2331
vn -0.9748 0.0240 -0.2218
vn -0.9739 0.0479 -0.2219
vn -0.9704 0.0956 -0.2219
vn -0.9645 0.1430 -0.2219
vn -0.9607 0.1667 -0.2218
vn -0.9581 0.1662 -0.2331
vn -0.9523 0.1652 -0.2564
vn -0.9455 0.1640 -0.2811
vn -0.9455 0.1402 -0.2940
vn -0.9418 0.1634 -0.2939
vn -0.9512 0.0937 -0.2940
vn -0.9155 0.0450 -0.3997
vn -0.9292 0.0457 -0.3666
vn -0.9259 0.0912 -0.3666
vn -0.9122 0.0898 -0.3997
vn -0.9407 0.0463 -0.3361
vn -0.9373 0.0923 -0.3361
vn -0.9203 0.1365 -0.3666
vn -0.9067 0.1345 -0.3997
vn -0.9316 0.1382 -0.3361
vn -0.9087 0.0223 -0.4169
vn -0.9164 0.0225 -0.3996
vn -0.9078 0.0446 -0.4170
vn -0.9301 0.0229 -0.3665
vn -0.9416 0.0232 -0.3360
vn -0.9467 0.0233 -0.3213
vn -0.9458 0.0465 -0.3214
vn -0.9424 0.0928 -0.3214
vn -0.9367 0.1389 -0.3214
vn -0.9330 0.1619 -0.3213
vn -0.9280 0.1610 -0.3360
vn -0.9167 0.1590 -0.3665
vn -0.9032 0.1567 -0.3996
vn -0.8991 0.1333 -0.4170
vn -0.8956 0.1554 -0.4169
vn -0.9045 0.0891 -0.4170
vn -0.8244 0.0405 -0.5646
vn -0.8545 0.0420 -0.5178
vn -0.8514 0.0838 -0.5178
vn -0.8214 0.0809 -0.5646
vn -0.8789 0.0432 -0.4750
vn -0.8758 0.0862 -0.4750
vn -0.8462 0.1255 -0.5178
vn -0.8164 0.1211 -0.5646
vn -0.8705 0.1291 -0.4750
vn -0.8080 0.0199 -0.5889
vn -0.8252 0.0203 -0.5645
vn -0.8072 0.0397 -0.5890
vn -0.8553 0.0210 -0.5177
vn -0.8798 0.0216 -0.4749
vn -0.8905 0.0219 -0.4544
vn -0.8897 0.0437 -0.4545
vn -0.8864 0.0873 -0.4545
vn -0.8811 0.1307 -0.4545
vn -0.8777 0.1522 -0.4544
vn -0.8671 0.1504 -0.4749
vn -0.8430 0.1462 -0.5177
vn -0.8133 0.1411 -0.5645
vn -0.7994 0.1185 -0.5890
vn -0.7963 0.1381 -0.5889
vn -0.8042 0.0792 -0.5890
vn -0.6294 0.0165 -0.7769
vn -0.6917 0.0288 -0.7216
vn -0.6895 0.0679 -0.7211
vn -0.6280 0.0619 -0.7757
vn -0.7433 0.0354 -0.6681
vn -0.7407 0.0730 -0.6679
vn -0.6840 0.1067 -0.7216
vn -0.6205 0.1066 -0.7769
vn -0.7359 0.1103 -0.6681
vn -0.5926 -0.0059 -0.8055
vn -0.6280 0.0010 -0.7782
vn -0.5938 0.0077 -0.8046
vn -0.6917 0.0118 -0.7221
vn -0.7439 0.0171 -0.6681
vn -0.7670 0.0186 -0.6413
vn -0.7663 0.0374 -0.6414
vn -0.7635 0.0752 -0.6414
vn -0.7589 0.1128 -0.6414
vn -0.7559 0.1314 -0.6413
vn -0.7329 0.1283 -0.6681
vn -0.6807 0.1233 -0.7221
vn -0.6161 0.1215 -0.7782
vn -0.5839 0.1083 -0.8046
vn -0.5800 0.1214 -0.8055
vn -0.5919 0.0583 -0.8039
vn -0.3048 0.0300 -0.9519
vn -0.3670 -0.0147 -0.9301
vn -0.4065 0.0401 -0.9128
vn -0.3571 0.0861 -0.9301
vn -0.4624 -0.0369 -0.8859
vn -0.4719 0.0465 -0.8804
vn -0.4463 0.1264 -0.8859
vn -0.2327 0.0229 -0.9723
vn -0.2461 0.0133 -0.9692
vn -0.2440 0.0349 -0.9692
vn -0.3445 -0.0437 -0.9378
vn -0.3294 0.1100 -0.9378
vn -0.5044 -0.0277 -0.8630
vn -0.5079 -0.0165 -0.8612
vn -0.4495 -0.0417 -0.8923
vn -0.5063 0.0499 -0.8609
vn -0.4893 0.1256 -0.8630
vn -0.4327 0.1286 -0.8923
vn -0.4950 0.1153 -0.8612
vn -0.9884 0.0486 0.1438
vn -0.9891 0.0486 0.1387
vn -0.9856 0.0971 0.1387
vn -0.9848 0.0970 0.1438
vn -0.9895 0.0486 0.1363
vn -0.9859 0.0971 0.1363
vn -0.9796 0.1453 0.1387
vn -0.9789 0.1452 0.1438
vn -0.9800 0.1453 0.1363
vn -0.9888 0.0243 0.1473
vn -0.9893 0.0243 0.1438
vn -0.9879 0.0486 0.1473
vn -0.9900 0.0243 0.1386
vn -0.9904 0.0244 0.1363
vn -0.9905 0.0244 0.1356
vn -0.9896 0.0486 0.1356
vn -0.9860 0.0971 0.1356
vn -0.9800 0.1453 0.1356
vn -0.9762 0.1693 0.1356
vn -0.9761 0.1693 0.1363
vn -0.9758 0.1693 0.1386
vn -0.9750 0.1691 0.1438
vn -0.9784 0.1451 0.1473
vn -0.9745 0.1691 0.1473
vn -0.9843 0.0969 0.1473
vn -0.8006 0.2006 -0.5646
vn -0.8298 0.2079 -0.5178
vn -0.8186 0.2483 -0.5178
vn -0.7898 0.2396 -0.5646
vn -0.8536 0.2139 -0.4750
vn -0.8421 0.2555 -0.4750
vn -0.8055 0.2882 -0.5178
vn -0.7771 0.2780 -0.5646
vn -0.8286 0.2964 -0.4750
vn -0.7886 0.1771 -0.5889
vn -0.8054 0.1809 -0.5645
vn -0.7839 0.1964 -0.5890
vn -0.8348 0.1875 -0.5177
vn -0.8587 0.1929 -0.4749
vn -0.8691 0.1952 -0.4544
vn -0.8640 0.2165 -0.4545
vn -0.8524 0.2586 -0.4545
vn -0.8387 0.3001 -0.4545
vn -0.8311 0.3206 -0.4544
vn -0.8211 0.3167 -0.4749
vn -0.7982 0.3079 -0.5177
vn -0.7701 0.2970 -0.5645
vn -0.7609 0.2722 -0.5890
vn -0.7541 0.2909 -0.5889
vn -0.7733 0.2346 -0.5890
vn -0.6141 0.1390 -0.7769
vn -0.6728 0.1632 -0.7216
vn -0.6630 0.2011 -0.7211
vn -0.6039 0.1832 -0.7757
vn -0.7221 0.1797 -0.6681
vn -0.7122 0.2161 -0.6679
vn -0.6501 0.2381 -0.7216
vn -0.5878 0.2256 -0.7769
vn -0.7002 0.2518 -0.6680
vn -0.5823 0.1098 -0.8055
vn -0.6157 0.1235 -0.7782
vn -0.5809 0.1234 -0.8046
vn -0.6761 0.1465 -0.7221
vn -0.7262 0.1619 -0.6681
vn -0.7487 0.1679 -0.6413
vn -0.7443 0.1862 -0.6414
vn -0.7342 0.2227 -0.6414
vn -0.7223 0.2587 -0.6414
vn -0.7158 0.2763 -0.6413
vn -0.6938 0.2688 -0.6681
vn -0.6436 0.2537 -0.7221
vn -0.5806 0.2394 -0.7782
vn -0.5515 0.2201 -0.8046
vn -0.5452 0.2322 -0.8055
vn -0.5691 0.1726 -0.8039
vn -0.2931 0.0889 -0.9519
vn -0.3628 0.0571 -0.9301
vn -0.3908 0.1186 -0.9128
vn -0.3334 0.1541 -0.9301
vn -0.4607 0.0540 -0.8859
vn -0.4538 0.1377 -0.8804
vn -0.4130 0.2111 -0.8859
vn -0.2238 0.0679 -0.9723
vn -0.2388 0.0611 -0.9692
vn -0.2325 0.0819 -0.9692
vn -0.3464 0.0243 -0.9378
vn -0.3016 0.1722 -0.9378
vn -0.5001 0.0712 -0.8630
vn -0.5014 0.0829 -0.8612
vn -0.4490 0.0467 -0.8923
vn -0.4869 0.1477 -0.8609
vn -0.4554 0.2186 -0.8630
vn -0.3993 0.2105 -0.8923
vn -0.4630 0.2096 -0.8612
vn -0.9599 0.2405 0.1438
vn -0.9606 0.2407 0.1387
vn -0.9477 0.2875 0.1387
vn -0.9470 0.2873 0.1438
vn -0.9610 0.2407 0.1363
vn -0.9480 0.2876 0.1363
vn -0.9325 0.3336 0.1387
vn -0.9318 0.3334 0.1438
vn -0.9328 0.3337 0.1363
vn -0.9650 0.2168 0.1473
vn -0.9656 0.2169 0.1438
vn -0.9594 0.2404 0.1473
vn -0.9663 0.2170 0.1386
vn -0.9666 0.2171 0.1363
vn -0.9667 0.2171 0.1356
vn -0.9611 0.2408 0.1356
vn -0.9481 0.2876 0.1356
vn -0.9329 0.3337 0.1356
vn -0.9244 0.3565 0.1356
vn -0.9243 0.3565 0.1363
vn -0.9240 0.3564 0.1386
vn -0.9233 0.3561 0.1438
vn -0.9313 0.3332 0.1473
vn -0.9228 0.3559 0.1473
vn -0.9465 0.2871 0.1473
vn -0.9379 0.2350 0.2552
vn -0.9482 0.2376 0.2110
vn -0.9354 0.2838 0.2110
vn -0.9253 0.2807 0.2552
vn -0.9549 0.2392 0.1761
vn -0.9420 0.2858 0.1761
vn -0.9204 0.3293 0.2110
vn -0.9104 0.3257 0.2552
vn -0.9268 0.3316 0.1761
vn -0.9349 0.2100 0.2862
vn -0.9434 0.2119 0.2551
vn -0.9294 0.2329 0.2863
vn -0.9537 0.2142 0.2110
vn -0.9605 0.2157 0.1760
vn -0.9627 0.2162 0.1625
vn -0.9571 0.2398 0.1625
vn -0.9442 0.2864 0.1625
vn -0.9290 0.3324 0.1625
vn -0.9206 0.3551 0.1625
vn -0.9184 0.3542 0.1760
vn -0.9120 0.3518 0.2110
vn -0.9021 0.3479 0.2551
vn -0.9021 0.3228 0.2863
vn -0.8940 0.3448 0.2862
vn -0.9169 0.2781 0.2863
vn -0.9510 0.2383 -0.1969
vn -0.9521 0.2385 -0.1914
vn -0.9393 0.2849 -0.1914
vn -0.9382 0.2846 -0.1969
vn -0.9509 0.2382 -0.1974
vn -0.9381 0.2846 -0.1974
vn -0.9242 0.3306 -0.1914
vn -0.9231 0.3303 -0.1969
vn -0.9230 0.3302 -0.1974
vn -0.9556 0.2146 -0.2021
vn -0.9566 0.2149 -0.1968
vn -0.9500 0.2380 -0.2022
vn -0.9577 0.2151 -0.1913
vn -0.9565 0.2148 -0.1973
vn -0.9553 0.2146 -0.2034
vn -0.9497 0.2379 -0.2035
vn -0.9369 0.2842 -0.2035
vn -0.9219 0.3298 -0.2035
vn -0.9135 0.3523 -0.2034
vn -0.9147 0.3528 -0.1973
vn -0.9158 0.3532 -0.1913
vn -0.9148 0.3528 -0.1968
vn -0.9221 0.3299 -0.2022
vn -0.9137 0.3524 -0.2021
vn -0.9372 0.2843 -0.2022
vn -0.9309 0.2332 -0.2812
vn -0.9376 0.2349 -0.2565
vn -0.9249 0.2806 -0.2565
vn -0.9183 0.2786 -0.2812
vn -0.9433 0.2363 -0.2332
vn -0.9306 0.2823 -0.2332
vn -0.9101 0.3256 -0.2565
vn -0.9036 0.3233 -0.2812
vn -0.9156 0.3276 -0.2332
vn -0.9326 0.2095 -0.2939
vn -0.9363 0.2103 -0.2811
vn -0.9271 0.2323 -0.2940
vn -0.9431 0.2118 -0.2564
vn -0.9488 0.2131 -0.2331
vn -0.9514 0.2137 -0.2218
vn -0.9458 0.2370 -0.2219
vn -0.9331 0.2830 -0.2219
vn -0.9181 0.3285 -0.2219
vn -0.9098 0.3509 -0.2218
vn -0.9073 0.3499 -0.2331
vn -0.9018 0.3478 -0.2564
vn -0.8954 0.3453 -0.2811
vn -0.8999 0.3220 -0.2940
vn -0.8918 0.3440 -0.2939
vn -0.9146 0.2775 -0.2940
vn -0.8892 0.2228 -0.3997
vn -0.9025 0.2261 -0.3666
vn -0.8903 0.2701 -0.3666
vn -0.8772 0.2661 -0.3997
vn -0.9136 0.2289 -0.3361
vn -0.9013 0.2734 -0.3361
vn -0.8760 0.3134 -0.3666
vn -0.8631 0.3088 -0.3997
vn -0.8868 0.3173 -0.3361
vn -0.8869 0.1992 -0.4169
vn -0.8944 0.2009 -0.3996
vn -0.8817 0.2209 -0.4170
vn -0.9078 0.2039 -0.3665
vn -0.9190 0.2064 -0.3360
vn -0.9240 0.2075 -0.3213
vn -0.9186 0.2301 -0.3214
vn -0.9062 0.2749 -0.3214
vn -0.8916 0.3190 -0.3214
vn -0.8835 0.3408 -0.3213
vn -0.8788 0.3389 -0.3360
vn -0.8681 0.3348 -0.3665
vn -0.8553 0.3299 -0.3996
vn -0.8558 0.3062 -0.4170
vn -0.8481 0.3271 -0.4169
vn -0.8698 0.2639 -0.4170
vn -0.8863 0.4192 -0.1969
vn -0.8873 0.4197 -0.1914
vn -0.8656 0.4627 -0.1914
vn -0.8647 0.4622 -0.1969
vn -0.8862 0.4192 -0.1974
vn -0.8646 0.4621 -0.1974
vn -0.8419 0.5046 -0.1914
vn -0.8410 0.5040 -0.1969
vn -0.8409 0.5040 -0.1974
vn -0.8953 0.3969 -0.2021
vn -0.8963 0.3974 -0.1968
vn -0.8853 0.4188 -0.2022
vn -0.8973 0.3978 -0.1913
vn -0.8962 0.3973 -0.1973
vn -0.8951 0.3968 -0.2034
vn -0.8851 0.4186 -0.2035
vn -0.8635 0.4615 -0.2035
vn -0.8398 0.5033 -0.2035
vn -0.8272 0.5238 -0.2034
vn -0.8283 0.5244 -0.1973
vn -0.8293 0.5251 -0.1913
vn -0.8283 0.5245 -0.1968
vn -0.8400 0.5035 -0.2022
vn -0.8274 0.5239 -0.2021
vn -0.8637 0.4617 -0.2022
vn -0.8675 0.4103 -0.2812
vn -0.8737 0.4133 -0.2565
vn -0.8524 0.4556 -0.2565
vn -0.8463 0.4524 -0.2812
vn -0.8790 0.4158 -0.2332
vn -0.8576 0.4584 -0.2332
vn -0.8291 0.4969 -0.2565
vn -0.8231 0.4933 -0.2812
vn -0.8341 0.4999 -0.2332
vn -0.8738 0.3874 -0.2939
vn -0.8773 0.3889 -0.2811
vn -0.8640 0.4087 -0.2940
vn -0.8836 0.3917 -0.2564
vn -0.8890 0.3941 -0.2331
vn -0.8914 0.3952 -0.2218
vn -0.8814 0.4169 -0.2219
vn -0.8599 0.4596 -0.2219
vn -0.8364 0.5013 -0.2219
vn -0.8238 0.5216 -0.2219
vn -0.8216 0.5202 -0.2331
vn -0.8166 0.5171 -0.2564
vn -0.8108 0.5134 -0.2811
vn -0.8198 0.4914 -0.2940
vn -0.8075 0.5113 -0.2939
vn -0.8429 0.4506 -0.2940
vn -0.8286 0.3920 -0.3997
vn -0.8410 0.3978 -0.3666
vn -0.8205 0.4386 -0.3666
vn -0.8084 0.4321 -0.3997
vn -0.8514 0.4027 -0.3361
vn -0.8306 0.4440 -0.3361
vn -0.7980 0.4783 -0.3666
vn -0.7862 0.4712 -0.3997
vn -0.8079 0.4842 -0.3361
vn -0.8310 0.3684 -0.4169
vn -0.8380 0.3715 -0.3996
vn -0.8216 0.3887 -0.4170
vn -0.8506 0.3771 -0.3665
vn -0.8610 0.3817 -0.3360
vn -0.8657 0.3838 -0.3213
vn -0.8560 0.4049 -0.3214
vn -0.8351 0.4464 -0.3214
vn -0.8122 0.4868 -0.3214
vn -0.8001 0.5066 -0.3213
vn -0.7958 0.5039 -0.3360
vn -0.7861 0.4977 -0.3665
vn -0.7745 0.4904 -0.3996
vn -0.7796 0.4673 -0.4170
vn -0.7680 0.4863 -0.4169
vn -0.8016 0.4285 -0.4170
vn -0.7461 0.3529 -0.5646
vn -0.7733 0.3658 -0.5178
vn -0.7545 0.4033 -0.5178
vn -0.7279 0.3891 -0.5646
vn -0.7955 0.3763 -0.4750
vn -0.7761 0.4148 -0.4750
vn -0.7338 0.4398 -0.5178
vn -0.7079 0.4243 -0.5646
vn -0.7548 0.4524 -0.4750
vn -0.7389 0.3276 -0.5889
vn -0.7546 0.3345 -0.5645
vn -0.7305 0.3455 -0.5890
vn -0.7821 0.3467 -0.5177
vn -0.8045 0.3567 -0.4749
vn -0.8143 0.3610 -0.4544
vn -0.8052 0.3809 -0.4545
vn -0.7855 0.4199 -0.4545
vn -0.7640 0.4579 -0.4545
vn -0.7526 0.4765 -0.4544
vn -0.7435 0.4708 -0.4749
vn -0.7228 0.4577 -0.5177
vn -0.6974 0.4416 -0.5645
vn -0.6932 0.4154 -0.5890
vn -0.6828 0.4324 -0.5889
vn -0.7127 0.3810 -0.5890
vn -0.5752 0.2561 -0.7769
vn -0.6280 0.2913 -0.7216
vn -0.6110 0.3266 -0.7211
vn -0.5566 0.2975 -0.7757
vn -0.6732 0.3171 -0.6680
vn -0.6564 0.3508 -0.6679
vn -0.5911 0.3603 -0.7216
vn -0.5325 0.3360 -0.7769
vn -0.6377 0.3835 -0.6680
vn -0.5497 0.2213 -0.8055
vn -0.5798 0.2413 -0.7782
vn -0.5456 0.2343 -0.8046
vn -0.6345 0.2756 -0.7221
vn -0.6807 0.3005 -0.6681
vn -0.7015 0.3107 -0.6413
vn -0.6936 0.3278 -0.6414
vn -0.6766 0.3617 -0.6414
vn -0.6579 0.3946 -0.6414
vn -0.6481 0.4107 -0.6413
vn -0.6280 0.3990 -0.6681
vn -0.5817 0.3744 -0.7221
vn -0.5227 0.3481 -0.7782
vn -0.4980 0.3235 -0.8046
vn -0.4894 0.3341 -0.8055
vn -0.5245 0.2804 -0.8039
vn -0.2701 0.1444 -0.9519
vn -0.3447 0.1268 -0.9301
vn -0.3602 0.1926 -0.9128
vn -0.2969 0.2162 -0.9301
vn -0.4413 0.1428 -0.8859
vn -0.4182 0.2235 -0.8804
vn -0.3639 0.2876 -0.8859
vn -0.2063 0.1102 -0.9723
vn -0.2223 0.1065 -0.9692
vn -0.2120 0.1257 -0.9692
vn -0.3350 0.0915 -0.9378
vn -0.2622 0.2277 -0.9378
vn -0.4766 0.1674 -0.8630
vn -0.4756 0.1791 -0.8612
vn -0.4312 0.1334 -0.8923
vn -0.4487 0.2398 -0.8609
vn -0.4040 0.3033 -0.8630
vn -0.3505 0.2844 -0.8923
vn -0.4132 0.2959 -0.8612
vn -0.8946 0.4231 0.1438
vn -0.8952 0.4235 0.1387
vn -0.8734 0.4668 0.1387
vn -0.8728 0.4665 0.1438
vn -0.8955 0.4236 0.1363
vn -0.8737 0.4670 0.1363
vn -0.8495 0.5091 0.1387
vn -0.8488 0.5087 0.1438
vn -0.8497 0.5093 0.1363
vn -0.9042 0.4009 0.1473
vn -0.9047 0.4011 0.1438
vn -0.8941 0.4229 0.1473
vn -0.9054 0.4014 0.1386
vn -0.9057 0.4015 0.1363
vn -0.9057 0.4015 0.1356
vn -0.8956 0.4236 0.1356
vn -0.8738 0.4670 0.1356
vn -0.8498 0.5093 0.1356
vn -0.8371 0.5300 0.1356
vn -0.8370 0.5300 0.1363
vn -0.8367 0.5298 0.1386
vn -0.8361 0.5294 0.1438
vn -0.8484 0.5085 0.1473
vn -0.8357 0.5291 0.1473
vn -0.8723 0.4662 0.1473
vn -0.8740 0.4134 0.2552
vn -0.8836 0.4180 0.2110
vn -0.8621 0.4608 0.2110
vn -0.8527 0.4558 0.2552
vn -0.8898 0.4209 0.1761
vn -0.8681 0.4640 0.1761
vn -0.8384 0.5025 0.2110
vn -0.8293 0.4970 0.2552
vn -0.8443 0.5060 0.1761
vn -0.8759 0.3883 0.2862
vn -0.8839 0.3919 0.2551
vn -0.8661 0.4097 0.2863
vn -0.8936 0.3962 0.2110
vn -0.8999 0.3989 0.1760
vn -0.9020 0.3999 0.1625
vn -0.8920 0.4219 0.1625
vn -0.8702 0.4651 0.1625
vn -0.8463 0.5072 0.1625
vn -0.8337 0.5278 0.1625
vn -0.8317 0.5266 0.1760
vn -0.8259 0.5229 0.2110
vn -0.8169 0.5173 0.2551
vn -0.8218 0.4925 0.2863
vn -0.8095 0.5126 0.2862
vn -0.8450 0.4517 0.2863
vn -0.5142 0.3634 -0.7769
vn -0.5591 0.4083 -0.7216
vn -0.5356 0.4395 -0.7211
vn -0.4878 0.4004 -0.7757
vn -0.5984 0.4424 -0.6680
vn -0.5753 0.4722 -0.6679
vn -0.5095 0.4687 -0.7216
vn -0.4567 0.4334 -0.7769
vn -0.5506 0.5006 -0.6681
vn -0.4960 0.3243 -0.8055
vn -0.5216 0.3497 -0.7782
vn -0.4894 0.3363 -0.8046
vn -0.5685 0.3941 -0.7221
vn -0.6090 0.4275 -0.6681
vn -0.6274 0.4416 -0.6413
vn -0.6163 0.4569 -0.6414
vn -0.5931 0.4867 -0.6414
vn -0.5683 0.5154 -0.6414
vn -0.5556 0.5292 -0.6413
vn -0.5381 0.5139 -0.6681
vn -0.4975 0.4807 -0.7221
vn -0.4448 0.4433 -0.7782
vn -0.4253 0.4144 -0.8046
vn -0.4148 0.4232 -0.8055
vn -0.4597 0.3773 -0.8039
vn -0.2368 0.1943 -0.9519
vn -0.3133 0.1917 -0.9301
vn -0.3157 0.2591 -0.9128
vn -0.2491 0.2700 -0.9301
vn -0.4050 0.2262 -0.8859
vn -0.3665 0.3008 -0.8804
vn -0.3008 0.3531 -0.8859
vn -0.1808 0.1484 -0.9723
vn -0.1972 0.1478 -0.9692
vn -0.1834 0.1646 -0.9691
vn -0.3107 0.1551 -0.9378
vn -0.2127 0.2745 -0.9378
vn -0.4348 0.2572 -0.8630
vn -0.4315 0.2685 -0.8612
vn -0.3969 0.2150 -0.8923
vn -0.3933 0.3228 -0.8609
vn -0.3371 0.3763 -0.8630
vn -0.2883 0.3473 -0.8923
vn -0.3475 0.3708 -0.8612
vn -0.7948 0.5895 0.1438
vn -0.7954 0.5900 0.1387
vn -0.7655 0.6283 0.1387
vn -0.7650 0.6278 0.1438
vn -0.7957 0.5902 0.1363
vn -0.7658 0.6285 0.1363
vn -0.7338 0.6650 0.1387
vn -0.7333 0.6646 0.1438
vn -0.7341 0.6653 0.1363
vn -0.8086 0.5696 0.1473
vn -0.8091 0.5699 0.1438
vn -0.7944 0.5892 0.1473
vn -0.8097 0.5703 0.1386
vn -0.8099 0.5705 0.1363
vn -0.8100 0.5705 0.1356
vn -0.7958 0.5902 0.1356
vn -0.7659 0.6285 0.1356
vn -0.7341 0.6653 0.1356
vn -0.7176 0.6831 0.1356
vn -0.7175 0.6831 0.1363
vn -0.7173 0.6829 0.1386
vn -0.7167 0.6823 0.1438
vn -0.7329 0.6642 0.1473
vn -0.7164 0.6820 0.1473
vn -0.7646 0.6275 0.1473
vn -0.7766 0.5760 0.2552
vn -0.7851 0.5823 0.2110
vn -0.7556 0.6201 0.2110
vn -0.7474 0.6134 0.2552
vn -0.7906 0.5864 0.1761
vn -0.7609 0.6245 0.1761
vn -0.7243 0.6564 0.2110
vn -0.7164 0.6493 0.2552
vn -0.7294 0.6610 0.1761
vn -0.7834 0.5518 0.2862
vn -0.7905 0.5568 0.2551
vn -0.7696 0.5708 0.2863
vn -0.7992 0.5629 0.2110
vn -0.8048 0.5669 0.1760
vn -0.8067 0.5682 0.1625
vn -0.7925 0.5878 0.1625
vn -0.7627 0.6260 0.1625
vn -0.7311 0.6626 0.1625
vn -0.7146 0.6804 0.1625
vn -0.7130 0.6787 0.1760
vn -0.7080 0.6740 0.2110
vn -0.7003 0.6667 0.2551
vn -0.7100 0.6434 0.2863
vn -0.6940 0.6607 0.2862
vn -0.7406 0.6078 0.2863
vn -0.7875 0.5841 -0.1969
vn -0.7883 0.5847 -0.1914
vn -0.7587 0.6227 -0.1914
vn -0.7579 0.6220 -0.1969
vn -0.7874 0.5840 -0.1974
vn -0.7578 0.6219 -0.1974
vn -0.7273 0.6591 -0.1914
vn -0.7265 0.6584 -0.1969
vn -0.7264 0.6583 -0.1974
vn -0.8007 0.5640 -0.2021
vn -0.8016 0.5646 -0.1968
vn -0.7866 0.5834 -0.2022
vn -0.8025 0.5652 -0.1913
vn -0.8015 0.5645 -0.1973
vn -0.8005 0.5638 -0.2034
vn -0.7864 0.5833 -0.2035
vn -0.7568 0.6211 -0.2035
vn -0.7255 0.6575 -0.2035
vn -0.7091 0.6751 -0.2034
vn -0.7100 0.6760 -0.1973
vn -0.7109 0.6768 -0.1913
vn -0.7101 0.6760 -0.1968
vn -0.7257 0.6577 -0.2022
vn -0.7093 0.6753 -0.2021
vn -0.7570 0.6213 -0.2022
vn -0.7708 0.5717 -0.2812
vn -0.7763 0.5758 -0.2565
vn -0.7472 0.6132 -0.2565
vn -0.7418 0.6088 -0.2812
vn -0.7810 0.5793 -0.2332
vn -0.7517 0.6169 -0.2332
vn -0.7162 0.6491 -0.2565
vn -0.7111 0.6444 -0.2812
vn -0.7205 0.6530 -0.2332
vn -0.7814 0.5504 -0.2939
vn -0.7846 0.5526 -0.2811
vn -0.7677 0.5694 -0.2940
vn -0.7902 0.5566 -0.2564
vn -0.7950 0.5600 -0.2331
vn -0.7972 0.5615 -0.2219
vn -0.7832 0.5809 -0.2219
vn -0.7537 0.6186 -0.2219
vn -0.7225 0.6548 -0.2219
vn -0.7062 0.6723 -0.2219
vn -0.7043 0.6705 -0.2331
vn -0.7001 0.6665 -0.2564
vn -0.6951 0.6617 -0.2811
vn -0.7082 0.6419 -0.2940
vn -0.6923 0.6591 -0.2939
vn -0.7388 0.6064 -0.2940
vn -0.7362 0.5461 -0.3997
vn -0.7473 0.5543 -0.3666
vn -0.7192 0.5902 -0.3666
vn -0.7086 0.5815 -0.3997
vn -0.7565 0.5611 -0.3361
vn -0.7280 0.5975 -0.3361
vn -0.6894 0.6248 -0.3666
vn -0.6792 0.6156 -0.3997
vn -0.6979 0.6325 -0.3361
vn -0.7431 0.5234 -0.4169
vn -0.7494 0.5279 -0.3996
vn -0.7300 0.5415 -0.4170
vn -0.7607 0.5358 -0.3665
vn -0.7700 0.5424 -0.3360
vn -0.7742 0.5453 -0.3213
vn -0.7606 0.5641 -0.3214
vn -0.7320 0.6007 -0.3214
vn -0.7017 0.6359 -0.3214
vn -0.6859 0.6529 -0.3213
vn -0.6822 0.6494 -0.3360
vn -0.6739 0.6415 -0.3665
vn -0.6639 0.6321 -0.3996
vn -0.6735 0.6104 -0.4170
vn -0.6583 0.6267 -0.4169
vn -0.7026 0.5766 -0.4170
vn -0.6629 0.4917 -0.5646
vn -0.6871 0.5096 -0.5178
vn -0.6613 0.5427 -0.5178
vn -0.6380 0.5236 -0.5646
vn -0.7068 0.5242 -0.4750
vn -0.6802 0.5583 -0.4750
vn -0.6339 0.5745 -0.5178
vn -0.6116 0.5542 -0.5646
vn -0.6521 0.5909 -0.4750
vn -0.6608 0.4654 -0.5889
vn -0.6748 0.4753 -0.5645
vn -0.6491 0.4814 -0.5890
vn -0.6995 0.4927 -0.5177
vn -0.7195 0.5068 -0.4749
vn -0.7283 0.5130 -0.4544
vn -0.7154 0.5306 -0.4545
vn -0.6885 0.5651 -0.4545
vn -0.6600 0.5981 -0.4545
vn -0.6452 0.6142 -0.4544
vn -0.6374 0.6068 -0.4749
vn -0.6197 0.5899 -0.5177
vn -0.5978 0.5691 -0.5645
vn -0.5988 0.5427 -0.5890
vn -0.5854 0.5573 -0.5889
vn -0.6247 0.5127 -0.5890
vn -0.6584 0.7265 -0.1969
vn -0.6591 0.7273 -0.1914
vn -0.6227 0.7587 -0.1914
vn -0.6220 0.7579 -0.1969
vn -0.6583 0.7264 -0.1974
vn -0.6219 0.7578 -0.1974
vn -0.5847 0.7883 -0.1914
vn -0.5841 0.7875 -0.1969
vn -0.5840 0.7874 -0.1974
vn -0.6753 0.7093 -0.2021
vn -0.6760 0.7101 -0.1968
vn -0.6577 0.7257 -0.2022
vn -0.6768 0.7109 -0.1913
vn -0.6760 0.7100 -0.1973
vn -0.6751 0.7091 -0.2034
vn -0.6575 0.7255 -0.2035
vn -0.6211 0.7568 -0.2035
vn -0.5833 0.7864 -0.2035
vn -0.5638 0.8005 -0.2034
vn -0.5645 0.8015 -0.1973
vn -0.5652 0.8025 -0.1913
vn -0.5646 0.8016 -0.1968
vn -0.5834 0.7866 -0.2022
vn -0.5640 0.8007 -0.2021
vn -0.6213 0.7570 -0.2022
vn -0.6444 0.7111 -0.2812
vn -0.6491 0.7162 -0.2565
vn -0.6132 0.7472 -0.2565
vn -0.6088 0.7418 -0.2812
vn -0.6530 0.7205 -0.2332
vn -0.6169 0.7517 -0.2332
vn -0.5758 0.7763 -0.2565
vn -0.5717 0.7708 -0.2812
vn -0.5793 0.7810 -0.2332
vn -0.6591 0.6923 -0.2939
vn -0.6617 0.6951 -0.2811
vn -0.6419 0.7082 -0.2940
vn -0.6665 0.7001 -0.2564
vn -0.6705 0.7043 -0.2331
vn -0.6723 0.7062 -0.2219
vn -0.6548 0.7225 -0.2219
vn -0.6186 0.7537 -0.2219
vn -0.5809 0.7832 -0.2219
vn -0.5615 0.7972 -0.2219
vn -0.5600 0.7950 -0.2331
vn -0.5566 0.7902 -0.2564
vn -0.5526 0.7846 -0.2811
vn -0.5694 0.7677 -0.2940
vn -0.5504 0.7814 -0.2939
vn -0.6064 0.7388 -0.2940
vn -0.6156 0.6792 -0.3997
vn -0.6248 0.6894 -0.3666
vn -0.5902 0.7192 -0.3666
vn -0.5815 0.7086 -0.3997
vn -0.6325 0.6979 -0.3361
vn -0.5975 0.7280 -0.3361
vn -0.5543 0.7473 -0.3666
vn -0.5461 0.7362 -0.3997
vn -0.5611 0.7565 -0.3361
vn -0.6267 0.6583 -0.4169
vn -0.6321 0.6639 -0.3996
vn -0.6104 0.6735 -0.4170
vn -0.6415 0.6739 -0.3665
vn -0.6494 0.6822 -0.3360
vn -0.6529 0.6859 -0.3213
vn -0.6359 0.7017 -0.3214
vn -0.6007 0.7320 -0.3214
vn -0.5641 0.7606 -0.3214
vn -0.5453 0.7742 -0.3213
vn -0.5424 0.7700 -0.3360
vn -0.5358 0.7607 -0.3665
vn -0.5279 0.7494 -0.3996
vn -0.5415 0.7300 -0.4170
vn -0.5234 0.7431 -0.4169
vn -0.5766 0.7026 -0.4170
vn -0.5543 0.6116 -0.5646
vn -0.5745 0.6339 -0.5178
vn -0.5427 0.6613 -0.5178
vn -0.5236 0.6380 -0.5646
vn -0.5909 0.6520 -0.4750
vn -0.5583 0.6802 -0.4750
vn -0.5096 0.6871 -0.5178
vn -0.4917 0.6629 -0.5646
vn -0.5242 0.7068 -0.4750
vn -0.5573 0.5854 -0.5889
vn -0.5691 0.5978 -0.5645
vn -0.5427 0.5988 -0.5890
vn -0.5899 0.6197 -0.5177
vn -0.6068 0.6374 -0.4749
vn -0.6142 0.6452 -0.4544
vn -0.5982 0.6600 -0.4545
vn -0.5651 0.6885 -0.4545
vn -0.5306 0.7154 -0.4545
vn -0.5130 0.7283 -0.4544
vn -0.5068 0.7195 -0.4749
vn -0.4927 0.6995 -0.5177
vn -0.4753 0.6748 -0.5645
vn -0.4814 0.6491 -0.5890
vn -0.4654 0.6608 -0.5889
vn -0.5127 0.6247 -0.5890
vn -0.4334 0.4567 -0.7769
vn -0.4687 0.5095 -0.7216
vn -0.4395 0.5356 -0.7211
vn -0.4004 0.4878 -0.7757
vn -0.5006 0.5506 -0.6681
vn -0.4722 0.5753 -0.6679
vn -0.4083 0.5591 -0.7216
vn -0.3634 0.5142 -0.7769
vn -0.4424 0.5984 -0.6681
vn -0.4232 0.4148 -0.8055
vn -0.4433 0.4448 -0.7782
vn -0.4144 0.4253 -0.8046
vn -0.4807 0.4975 -0.7221
vn -0.5139 0.5381 -0.6681
vn -0.5292 0.5555 -0.6413
vn -0.5154 0.5683 -0.6414
vn -0.4867 0.5931 -0.6414
vn -0.4569 0.6163 -0.6414
vn -0.4416 0.6274 -0.6413
vn -0.4275 0.6090 -0.6681
vn -0.3941 0.5685 -0.7221
vn -0.3497 0.5216 -0.7782
vn -0.3363 0.4894 -0.8046
vn -0.3243 0.4960 -0.8055
vn -0.3773 0.4597 -0.8039
vn -0.1943 0.2367 -0.9519
vn -0.2699 0.2491 -0.9301
vn -0.2591 0.3157 -0.9128
vn -0.1916 0.3134 -0.9301
vn -0.3531 0.3008 -0.8859
vn -0.3008 0.3666 -0.8804
vn -0.2262 0.4050 -0.8859
vn -0.1484 0.1808 -0.9723
vn -0.1646 0.1834 -0.9692
vn -0.1478 0.1972 -0.9691
vn -0.2745 0.2127 -0.9378
vn -0.1551 0.3107 -0.9378
vn -0.3763 0.3371 -0.8630
vn -0.3709 0.3475 -0.8612
vn -0.3473 0.2883 -0.8923
vn -0.3228 0.3933 -0.8609
vn -0.2572 0.4348 -0.8630
vn -0.2150 0.3969 -0.8923
vn -0.2685 0.4315 -0.8612
vn -0.6645 0.7333 0.1438
vn -0.6650 0.7338 0.1387
vn -0.6283 0.7655 0.1387
vn -0.6278 0.7650 0.1438
vn -0.6653 0.7341 0.1363
vn -0.6285 0.7658 0.1363
vn -0.5900 0.7954 0.1387
vn -0.5895 0.7948 0.1438
vn -0.5902 0.7957 0.1363
vn -0.6820 0.7164 0.1473
vn -0.6823 0.7168 0.1438
vn -0.6642 0.7329 0.1473
vn -0.6828 0.7173 0.1386
vn -0.6831 0.7175 0.1363
vn -0.6831 0.7176 0.1356
vn -0.6653 0.7341 0.1356
vn -0.6285 0.7659 0.1356
vn -0.5902 0.7958 0.1356
vn -0.5705 0.8100 0.1356
vn -0.5705 0.8099 0.1363
vn -0.5703 0.8097 0.1386
vn -0.5699 0.8091 0.1438
vn -0.5892 0.7944 0.1473
vn -0.5696 0.8086 0.1473
vn -0.6275 0.7646 0.1473
vn -0.6493 0.7164 0.2552
vn -0.6564 0.7243 0.2110
vn -0.6201 0.7556 0.2110
vn -0.6134 0.7474 0.2552
vn -0.6610 0.7294 0.1761
vn -0.6245 0.7609 0.1761
vn -0.5823 0.7851 0.2110
vn -0.5760 0.7766 0.2552
vn -0.5864 0.7906 0.1761
vn -0.6607 0.6940 0.2862
vn -0.6667 0.7003 0.2551
vn -0.6434 0.7100 0.2863
vn -0.6740 0.7080 0.2110
vn -0.6787 0.7130 0.1760
vn -0.6803 0.7147 0.1625
vn -0.6626 0.7311 0.1625
vn -0.6260 0.7627 0.1625
vn -0.5878 0.7925 0.1625
vn -0.5682 0.8067 0.1625
vn -0.5669 0.8048 0.1760
vn -0.5629 0.7992 0.2110
vn -0.5568 0.7905 0.2551
vn -0.5708 0.7696 0.2863
vn -0.5518 0.7834 0.2862
vn -0.6078 0.7407 0.2863
vn -0.3360 0.5325 -0.7769
vn -0.3603 0.5911 -0.7216
vn -0.3266 0.6110 -0.7211
vn -0.2975 0.5566 -0.7757
vn -0.3835 0.6377 -0.6680
vn -0.3508 0.6564 -0.6679
vn -0.2913 0.6280 -0.7216
vn -0.2561 0.5752 -0.7769
vn -0.3171 0.6732 -0.6681
vn -0.3341 0.4894 -0.8055
vn -0.3480 0.5227 -0.7782
vn -0.3235 0.4980 -0.8046
vn -0.3744 0.5817 -0.7221
vn -0.3990 0.6280 -0.6681
vn -0.4107 0.6481 -0.6413
vn -0.3946 0.6579 -0.6414
vn -0.3617 0.6766 -0.6414
vn -0.3278 0.6936 -0.6414
vn -0.3107 0.7015 -0.6413
vn -0.3005 0.6807 -0.6681
vn -0.2756 0.6345 -0.7221
vn -0.2413 0.5798 -0.7782
vn -0.2344 0.5456 -0.8046
vn -0.2213 0.5497 -0.8055
vn -0.2804 0.5245 -0.8039
vn -0.1444 0.2701 -0.9519
vn -0.2161 0.2970 -0.9301
vn -0.1925 0.3602 -0.9128
vn -0.1268 0.3447 -0.9301
vn -0.2876 0.3639 -0.8859
vn -0.2235 0.4182 -0.8804
vn -0.1428 0.4413 -0.8859
vn -0.1102 0.2063 -0.9723
vn -0.1257 0.2120 -0.9692
vn -0.1065 0.2223 -0.9691
vn -0.2277 0.2622 -0.9378
vn -0.0915 0.3350 -0.9378
vn -0.3033 0.4040 -0.8630
vn -0.2959 0.4132 -0.8612
vn -0.2844 0.3505 -0.8923
vn -0.2398 0.4487 -0.8609
vn -0.1674 0.4766 -0.8630
vn -0.1335 0.4312 -0.8923
vn -0.1791 0.4756 -0.8612
vn -0.5087 0.8488 0.1438
vn -0.5091 0.8495 0.1387
vn -0.4669 0.8734 0.1387
vn -0.4665 0.8727 0.1438
vn -0.5093 0.8497 0.1363
vn -0.4670 0.8737 0.1363
vn -0.4235 0.8952 0.1387
vn -0.4232 0.8946 0.1438
vn -0.4236 0.8955 0.1363
vn -0.5291 0.8357 0.1473
vn -0.5294 0.8361 0.1438
vn -0.5085 0.8484 0.1473
vn -0.5298 0.8367 0.1386
vn -0.5300 0.8370 0.1363
vn -0.5300 0.8371 0.1356
vn -0.5093 0.8498 0.1356
vn -0.4671 0.8738 0.1356
vn -0.4237 0.8956 0.1356
vn -0.4016 0.9057 0.1356
vn -0.4015 0.9057 0.1363
vn -0.4014 0.9054 0.1386
vn -0.4011 0.9047 0.1438
vn -0.4229 0.8941 0.1473
vn -0.4009 0.9042 0.1473
vn -0.4663 0.8723 0.1473
vn -0.4970 0.8293 0.2552
vn -0.5025 0.8384 0.2110
vn -0.4608 0.8621 0.2110
vn -0.4558 0.8527 0.2552
vn -0.5060 0.8443 0.1761
vn -0.4640 0.8681 0.1761
vn -0.4180 0.8836 0.2110
vn -0.4134 0.8740 0.2552
vn -0.4209 0.8898 0.1761
vn -0.5126 0.8095 0.2862
vn -0.5173 0.8169 0.2551
vn -0.4925 0.8218 0.2863
vn -0.5229 0.8259 0.2110
vn -0.5266 0.8317 0.1760
vn -0.5279 0.8337 0.1625
vn -0.5072 0.8463 0.1625
vn -0.4651 0.8702 0.1625
vn -0.4219 0.8920 0.1625
vn -0.3999 0.9020 0.1625
vn -0.3990 0.8999 0.1760
vn -0.3962 0.8936 0.2110
vn -0.3919 0.8839 0.2551
vn -0.4097 0.8661 0.2863
vn -0.3883 0.8759 0.2862
vn -0.4517 0.8450 0.2863
vn -0.5040 0.8410 -0.1969
vn -0.5046 0.8419 -0.1914
vn -0.4627 0.8656 -0.1914
vn -0.4622 0.8647 -0.1969
vn -0.5040 0.8409 -0.1974
vn -0.4621 0.8646 -0.1974
vn -0.4197 0.8873 -0.1914
vn -0.4192 0.8863 -0.1969
vn -0.4192 0.8862 -0.1974
vn -0.5239 0.8274 -0.2021
vn -0.5245 0.8284 -0.1968
vn -0.5034 0.8400 -0.2022
vn -0.5251 0.8293 -0.1913
vn -0.5244 0.8283 -0.1973
vn -0.5238 0.8272 -0.2034
vn -0.5033 0.8398 -0.2035
vn -0.4615 0.8635 -0.2035
vn -0.4186 0.8851 -0.2035
vn -0.3968 0.8951 -0.2034
vn -0.3973 0.8962 -0.1973
vn -0.3978 0.8973 -0.1913
vn -0.3974 0.8963 -0.1968
vn -0.4188 0.8853 -0.2022
vn -0.3969 0.8953 -0.2021
vn -0.4617 0.8637 -0.2022
vn -0.4933 0.8231 -0.2812
vn -0.4969 0.8291 -0.2565
vn -0.4556 0.8524 -0.2565
vn -0.4524 0.8463 -0.2812
vn -0.4999 0.8341 -0.2332
vn -0.4584 0.8576 -0.2332
vn -0.4133 0.8737 -0.2565
vn -0.4103 0.8675 -0.2812
vn -0.4158 0.8790 -0.2332
vn -0.5113 0.8076 -0.2939
vn -0.5134 0.8108 -0.2811
vn -0.4914 0.8198 -0.2940
vn -0.5171 0.8166 -0.2564
vn -0.5202 0.8216 -0.2331
vn -0.5216 0.8238 -0.2218
vn -0.5013 0.8364 -0.2219
vn -0.4596 0.8599 -0.2219
vn -0.4169 0.8814 -0.2219
vn -0.3952 0.8914 -0.2218
vn -0.3941 0.8890 -0.2331
vn -0.3917 0.8836 -0.2564
vn -0.3889 0.8773 -0.2811
vn -0.4087 0.8640 -0.2940
vn -0.3874 0.8738 -0.2939
vn -0.4506 0.8429 -0.2940
vn -0.4712 0.7862 -0.3997
vn -0.4783 0.7980 -0.3666
vn -0.4386 0.8205 -0.3666
vn -0.4321 0.8084 -0.3997
vn -0.4842 0.8079 -0.3361
vn -0.4440 0.8306 -0.3361
vn -0.3978 0.8410 -0.3666
vn -0.3920 0.8286 -0.3997
vn -0.4027 0.8514 -0.3361
vn -0.4863 0.7680 -0.4169
vn -0.4904 0.7745 -0.3996
vn -0.4673 0.7796 -0.4170
vn -0.4977 0.7861 -0.3665
vn -0.5039 0.7958 -0.3360
vn -0.5066 0.8001 -0.3213
vn -0.4868 0.8122 -0.3214
vn -0.4464 0.8351 -0.3214
vn -0.4049 0.8560 -0.3214
vn -0.3838 0.8657 -0.3213
vn -0.3817 0.8610 -0.3360
vn -0.3771 0.8506 -0.3665
vn -0.3715 0.8380 -0.3996
vn -0.3887 0.8216 -0.4170
vn -0.3684 0.8310 -0.4169
vn -0.4285 0.8016 -0.4170
vn -0.4243 0.7079 -0.5646
vn -0.4398 0.7338 -0.5178
vn -0.4033 0.7545 -0.5178
vn -0.3891 0.7279 -0.5646
vn -0.4524 0.7548 -0.4750
vn -0.4148 0.7761 -0.4750
vn -0.3658 0.7733 -0.5178
vn -0.3529 0.7461 -0.5646
vn -0.3763 0.7955 -0.4750
vn -0.4324 0.6828 -0.5889
vn -0.4416 0.6974 -0.5645
vn -0.4154 0.6932 -0.5890
vn -0.4577 0.7228 -0.5177
vn -0.4708 0.7435 -0.4749
vn -0.4765 0.7526 -0.4544
vn -0.4579 0.7640 -0.4545
vn -0.4199 0.7855 -0.4545
vn -0.3809 0.8052 -0.4545
vn -0.3610 0.8143 -0.4544
vn -0.3567 0.8045 -0.4749
vn -0.3467 0.7821 -0.5177
vn -0.3345 0.7546 -0.5645
vn -0.3455 0.7305 -0.5890
vn -0.3276 0.7389 -0.5889
vn -0.3809 0.7127 -0.5890
vn -0.3233 0.9036 -0.2812
vn -0.3256 0.9101 -0.2565
vn -0.2806 0.9249 -0.2565
vn -0.2786 0.9183 -0.2812
vn -0.3276 0.9156 -0.2332
vn -0.2823 0.9306 -0.2332
vn -0.2349 0.9376 -0.2565
vn -0.2332 0.9309 -0.2812
vn -0.2363 0.9433 -0.2332
vn -0.3440 0.8918 -0.2939
vn -0.3453 0.8954 -0.2811
vn -0.3220 0.8999 -0.2940
vn -0.3478 0.9018 -0.2564
vn -0.3499 0.9073 -0.2331
vn -0.3509 0.9098 -0.2218
vn -0.3285 0.9181 -0.2219
vn -0.2830 0.9331 -0.2219
vn -0.2370 0.9458 -0.2219
vn -0.2137 0.9514 -0.2218
vn -0.2131 0.9488 -0.2331
vn -0.2118 0.9431 -0.2564
vn -0.2103 0.9363 -0.2811
vn -0.2323 0.9272 -0.2940
vn -0.2095 0.9326 -0.2939
vn -0.2775 0.9146 -0.2940
vn -0.3088 0.8631 -0.3997
vn -0.3134 0.8760 -0.3666
vn -0.2701 0.8903 -0.3666
vn -0.2661 0.8772 -0.3997
vn -0.3173 0.8868 -0.3361
vn -0.2734 0.9013 -0.3361
vn -0.2261 0.9025 -0.3666
vn -0.2228 0.8892 -0.3997
vn -0.2289 0.9136 -0.3361
vn -0.3271 0.8481 -0.4169
vn -0.3299 0.8553 -0.3996
vn -0.3062 0.8558 -0.4170
vn -0.3348 0.8681 -0.3665
vn -0.3389 0.8788 -0.3360
vn -0.3408 0.8835 -0.3213
vn -0.3190 0.8916 -0.3214
vn -0.2749 0.9062 -0.3214
vn -0.2301 0.9186 -0.3214
vn -0.2075 0.9240 -0.3213
vn -0.2064 0.9190 -0.3360
vn -0.2039 0.9078 -0.3665
vn -0.2009 0.8944 -0.3996
vn -0.2209 0.8817 -0.4170
vn -0.1992 0.8869 -0.4169
vn -0.2638 0.8698 -0.4170
vn -0.2780 0.7771 -0.5646
vn -0.2882 0.8055 -0.5178
vn -0.2483 0.8187 -0.5178
vn -0.2396 0.7898 -0.5646
vn -0.2964 0.8286 -0.4750
vn -0.2555 0.8421 -0.4750
vn -0.2079 0.8298 -0.5178
vn -0.2006 0.8006 -0.5646
vn -0.2139 0.8536 -0.4750
vn -0.2908 0.7541 -0.5889
vn -0.2970 0.7701 -0.5645
vn -0.2722 0.7609 -0.5890
vn -0.3079 0.7982 -0.5177
vn -0.3167 0.8211 -0.4749
vn -0.3206 0.8311 -0.4544
vn -0.3000 0.8387 -0.4545
vn -0.2586 0.8524 -0.4545
vn -0.2165 0.8640 -0.4545
vn -0.1952 0.8691 -0.4544
vn -0.1929 0.8587 -0.4749
vn -0.1875 0.8348 -0.5177
vn -0.1809 0.8054 -0.5645
vn -0.1964 0.7839 -0.5890
vn -0.1771 0.7886 -0.5889
vn -0.2346 0.7733 -0.5890
vn -0.2256 0.5878 -0.7769
vn -0.2381 0.6501 -0.7216
vn -0.2011 0.6630 -0.7211
vn -0.1832 0.6039 -0.7757
vn -0.2518 0.7002 -0.6681
vn -0.2160 0.7122 -0.6679
vn -0.1632 0.6728 -0.7216
vn -0.1390 0.6141 -0.7769
vn -0.1797 0.7221 -0.6681
vn -0.2322 0.5452 -0.8055
vn -0.2394 0.5806 -0.7782
vn -0.2201 0.5515 -0.8046
vn -0.2538 0.6436 -0.7221
vn -0.2688 0.6938 -0.6681
vn -0.2763 0.7158 -0.6413
vn -0.2586 0.7223 -0.6414
vn -0.2227 0.7342 -0.6414
vn -0.1862 0.7443 -0.6414
vn -0.1679 0.7487 -0.6413
vn -0.1619 0.7262 -0.6681
vn -0.1465 0.6761 -0.7221
vn -0.1235 0.6157 -0.7782
vn -0.1234 0.5809 -0.8046
vn -0.1098 0.5823 -0.8055
vn -0.1726 0.5691 -0.8039
vn -0.0889 0.2931 -0.9519
vn -0.1540 0.3334 -0.9301
vn -0.1185 0.3909 -0.9128
vn -0.0571 0.3628 -0.9301
vn -0.2111 0.4131 -0.8859
vn -0.1376 0.4538 -0.8804
vn -0.0540 0.4607 -0.8859
vn -0.0679 0.2238 -0.9723
vn -0.0819 0.2325 -0.9692
vn -0.0611 0.2388 -0.9692
vn -0.1722 0.3015 -0.9378
vn -0.0244 0.3464 -0.9378
vn -0.2186 0.4554 -0.8630
vn -0.2096 0.4630 -0.8612
vn -0.2106 0.3993 -0.8923
vn -0.1477 0.4869 -0.8609
vn -0.0712 0.5001 -0.8630
vn -0.0468 0.4490 -0.8923
vn -0.0829 0.5014 -0.8612
vn -0.3334 0.9318 0.1438
vn -0.3336 0.9325 0.1387
vn -0.2875 0.9477 0.1387
vn -0.2873 0.9470 0.1438
vn -0.3337 0.9328 0.1363
vn -0.2876 0.9480 0.1363
vn -0.2407 0.9607 0.1387
vn -0.2405 0.9599 0.1438
vn -0.2407 0.9610 0.1363
vn -0.3559 0.9228 0.1473
vn -0.3561 0.9233 0.1438
vn -0.3332 0.9313 0.1473
vn -0.3564 0.9240 0.1386
vn -0.3565 0.9243 0.1363
vn -0.3565 0.9244 0.1356
vn -0.3337 0.9329 0.1356
vn -0.2876 0.9481 0.1356
vn -0.2408 0.9611 0.1356
vn -0.2171 0.9667 0.1356
vn -0.2171 0.9666 0.1363
vn -0.2170 0.9663 0.1386
vn -0.2169 0.9656 0.1438
vn -0.2404 0.9594 0.1473
vn -0.2168 0.9651 0.1473
vn -0.2871 0.9465 0.1473
vn -0.3257 0.9104 0.2552
vn -0.3293 0.9204 0.2110
vn -0.2837 0.9354 0.2110
vn -0.2807 0.9253 0.2552
vn -0.3316 0.9268 0.1761
vn -0.2857 0.9420 0.1761
vn -0.2375 0.9482 0.2110
vn -0.2350 0.9379 0.2552
vn -0.2392 0.9549 0.1761
vn -0.3448 0.8940 0.2862
vn -0.3479 0.9021 0.2551
vn -0.3228 0.9021 0.2863
vn -0.3518 0.9120 0.2110
vn -0.3542 0.9184 0.1760
vn -0.3551 0.9206 0.1625
vn -0.3324 0.9290 0.1625
vn -0.2864 0.9442 0.1625
vn -0.2398 0.9571 0.1625
vn -0.2162 0.9627 0.1625
vn -0.2157 0.9605 0.1760
vn -0.2142 0.9537 0.2110
vn -0.2119 0.9434 0.2551
vn -0.2328 0.9294 0.2863
vn -0.2100 0.9349 0.2862
vn -0.2781 0.9169 0.2863
vn -0.3303 0.9231 -0.1969
vn -0.3306 0.9242 -0.1914
vn -0.2849 0.9392 -0.1914
vn -0.2846 0.9382 -0.1969
vn -0.3302 0.9230 -0.1974
vn -0.2846 0.9381 -0.1974
vn -0.2385 0.9521 -0.1914
vn -0.2383 0.9510 -0.1969
vn -0.2382 0.9509 -0.1974
vn -0.3524 0.9137 -0.2021
vn -0.3528 0.9148 -0.1968
vn -0.3299 0.9221 -0.2022
vn -0.3532 0.9158 -0.1913
vn -0.3528 0.9147 -0.1973
vn -0.3523 0.9135 -0.2034
vn -0.3298 0.9219 -0.2035
vn -0.2842 0.9369 -0.2035
vn -0.2379 0.9497 -0.2035
vn -0.2146 0.9553 -0.2034
vn -0.2148 0.9565 -0.1973
vn -0.2151 0.9577 -0.1913
vn -0.2149 0.9566 -0.1968
vn -0.2380 0.9500 -0.2022
vn -0.2146 0.9555 -0.2021
vn -0.2843 0.9372 -0.2022
vn -0.0301 0.3048 -0.9519
vn -0.0860 0.3571 -0.9301
vn -0.0400 0.4065 -0.9128
vn 0.0148 0.3670 -0.9301
vn -0.1264 0.4463 -0.8859
vn -0.0465 0.4719 -0.8804
vn 0.0369 0.4624 -0.8859
vn -0.0229 0.2327 -0.9723
vn -0.0350 0.2440 -0.9692
vn -0.0134 0.2461 -0.9692
vn -0.1101 0.3294 -0.9378
vn 0.0436 0.3445 -0.9378
vn -0.1256 0.4893 -0.8630
vn -0.1153 0.4950 -0.8612
vn -0.1286 0.4327 -0.8923
vn -0.0499 0.5063 -0.8609
vn 0.0277 0.5044 -0.8630
vn 0.0417 0.4495 -0.8923
vn 0.0165 0.5079 -0.8612
vn -0.1452 0.9789 0.1438
vn -0.1453 0.9796 0.1387
vn -0.0971 0.9856 0.1387
vn -0.0970 0.9848 0.1438
vn -0.1453 0.9800 0.1363
vn -0.0971 0.9859 0.1363
vn -0.0486 0.9891 0.1387
vn -0.0486 0.9884 0.1438
vn -0.0486 0.9895 0.1363
vn -0.1691 0.9745 0.1473
vn -0.1691 0.9750 0.1438
vn -0.1451 0.9784 0.1473
vn -0.1693 0.9758 0.1386
vn -0.1693 0.9761 0.1363
vn -0.1693 0.9762 0.1356
vn -0.1453 0.9800 0.1356
vn -0.0971 0.9860 0.1356
vn -0.0486 0.9896 0.1356
vn -0.0244 0.9905 0.1356
vn -0.0244 0.9904 0.1363
vn -0.0243 0.9900 0.1386
vn -0.0243 0.9893 0.1438
vn -0.0486 0.9879 0.1473
vn -0.0243 0.9888 0.1473
vn -0.0969 0.9843 0.1473
vn -0.1418 0.9564 0.2552
vn -0.1434 0.9669 0.2110
vn -0.0958 0.9728 0.2110
vn -0.0948 0.9622 0.2552
vn -0.1444 0.9737 0.1761
vn -0.0965 0.9796 0.1761
vn -0.0480 0.9763 0.2110
vn -0.0475 0.9657 0.2552
vn -0.0483 0.9832 0.1761
vn -0.1638 0.9441 0.2862
vn -0.1653 0.9527 0.2551
vn -0.1406 0.9478 0.2863
vn -0.1671 0.9631 0.2110
vn -0.1682 0.9699 0.1760
vn -0.1686 0.9722 0.1625
vn -0.1447 0.9760 0.1625
vn -0.0967 0.9820 0.1625
vn -0.0485 0.9855 0.1625
vn -0.0243 0.9864 0.1625
vn -0.0242 0.9841 0.1760
vn -0.0240 0.9772 0.2110
vn -0.0238 0.9666 0.2551
vn -0.0471 0.9570 0.2863
vn -0.0236 0.9579 0.2862
vn -0.0939 0.9535 0.2863
vn -0.1438 0.9698 -0.1969
vn -0.1440 0.9709 -0.1914
vn -0.0962 0.9768 -0.1914
vn -0.0961 0.9757 -0.1969
vn -0.1438 0.9697 -0.1974
vn -0.0961 0.9756 -0.1974
vn -0.0482 0.9803 -0.1914
vn -0.0481 0.9792 -0.1969
vn -0.0481 0.9791 -0.1974
vn -0.1674 0.9649 -0.2021
vn -0.1676 0.9660 -0.1968
vn -0.1437 0.9687 -0.2022
vn -0.1678 0.9671 -0.1913
vn -0.1676 0.9659 -0.1973
vn -0.1673 0.9647 -0.2034
vn -0.1436 0.9685 -0.2035
vn -0.0960 0.9744 -0.2035
vn -0.0481 0.9779 -0.2035
vn -0.0241 0.9788 -0.2034
vn -0.0241 0.9800 -0.1973
vn -0.0241 0.9812 -0.1913
vn -0.0241 0.9801 -0.1968
vn -0.0481 0.9782 -0.2022
vn -0.0241 0.9791 -0.2021
vn -0.0960 0.9746 -0.2022
vn -0.1408 0.9493 -0.2812
vn -0.1418 0.9561 -0.2565
vn -0.0947 0.9619 -0.2565
vn -0.0941 0.9550 -0.2812
vn -0.1426 0.9619 -0.2332
vn -0.0953 0.9677 -0.2332
vn -0.0475 0.9654 -0.2565
vn -0.0471 0.9585 -0.2812
vn -0.0478 0.9713 -0.2332
vn -0.1634 0.9418 -0.2939
vn -0.1640 0.9456 -0.2811
vn -0.1402 0.9455 -0.2940
vn -0.1652 0.9524 -0.2564
vn -0.1662 0.9581 -0.2331
vn -0.1667 0.9607 -0.2218
vn -0.1430 0.9645 -0.2219
vn -0.0956 0.9704 -0.2219
vn -0.0479 0.9739 -0.2219
vn -0.0240 0.9748 -0.2218
vn -0.0239 0.9722 -0.2331
vn -0.0238 0.9663 -0.2564
vn -0.0236 0.9594 -0.2811
vn -0.0469 0.9546 -0.2940
vn -0.0235 0.9555 -0.2939
vn -0.0937 0.9512 -0.2940
vn -0.1344 0.9067 -0.3997
vn -0.1365 0.9203 -0.3666
vn -0.0912 0.9259 -0.3666
vn -0.0898 0.9122 -0.3997
vn -0.1381 0.9317 -0.3361
vn -0.0923 0.9373 -0.3361
vn -0.0457 0.9292 -0.3666
vn -0.0450 0.9155 -0.3997
vn -0.0462 0.9407 -0.3361
vn -0.1553 0.8956 -0.4169
vn -0.1567 0.9032 -0.3996
vn -0.1333 0.8991 -0.4170
vn -0.1590 0.9167 -0.3665
vn -0.1610 0.9280 -0.3360
vn -0.1618 0.9330 -0.3213
vn -0.1389 0.9367 -0.3214
vn -0.0928 0.9424 -0.3214
vn -0.0465 0.9458 -0.3214
vn -0.0233 0.9467 -0.3213
vn -0.0232 0.9416 -0.3360
vn -0.0229 0.9301 -0.3665
vn -0.0225 0.9164 -0.3996
vn -0.0446 0.9078 -0.4170
vn -0.0223 0.9087 -0.4169
vn -0.0891 0.9045 -0.4170
vn -0.1211 0.8164 -0.5646
vn -0.1255 0.8462 -0.5178
vn -0.0838 0.8514 -0.5178
vn -0.0809 0.8214 -0.5646
vn -0.1291 0.8705 -0.4750
vn -0.0862 0.8758 -0.4750
vn -0.0420 0.8545 -0.5178
vn -0.0405 0.8244 -0.5646
vn -0.0432 0.8789 -0.4750
vn -0.1381 0.7963 -0.5889
vn -0.1411 0.8133 -0.5645
vn -0.1185 0.7994 -0.5890
vn -0.1462 0.8430 -0.5177
vn -0.1504 0.8671 -0.4749
vn -0.1522 0.8777 -0.4544
vn -0.1307 0.8811 -0.4545
vn -0.0873 0.8864 -0.4545
vn -0.0437 0.8897 -0.4545
vn -0.0219 0.8905 -0.4544
vn -0.0216 0.8798 -0.4749
vn -0.0210 0.8553 -0.5177
vn -0.0203 0.8252 -0.5645
vn -0.0397 0.8072 -0.5890
vn -0.0199 0.8080 -0.5889
vn -0.0792 0.8042 -0.5890
vn -0.1066 0.6205 -0.7769
vn -0.1067 0.6840 -0.7216
vn -0.0679 0.6895 -0.7211
vn -0.0619 0.6280 -0.7757
vn -0.1103 0.7359 -0.6681
vn -0.0730 0.7407 -0.6679
vn -0.0288 0.6917 -0.7216
vn -0.0165 0.6294 -0.7769
vn -0.0354 0.7433 -0.6681
vn -0.1214 0.5800 -0.8055
vn -0.1215 0.6161 -0.7782
vn -0.1083 0.5839 -0.8046
vn -0.1233 0.6807 -0.7221
vn -0.1283 0.7329 -0.6681
vn -0.1314 0.7559 -0.6413
vn -0.1128 0.7589 -0.6414
vn -0.0752 0.7635 -0.6414
vn -0.0374 0.7663 -0.6414
vn -0.0186 0.7670 -0.6413
vn -0.0171 0.7439 -0.6681
vn -0.0118 0.6917 -0.7221
vn -0.0010 0.6280 -0.7782
vn -0.0077 0.5938 -0.8046
vn 0.0059 0.5926 -0.8055
vn -0.0583 0.5919 -0.8039
vn -0.1433 0.9664 -0.2132
vn -0.1452 0.9790 -0.1430
vn -0.0970 0.9850 -0.1430
vn -0.0958 0.9723 -0.2132
vn -0.1466 0.9886 0.0334
vn -0.0980 0.9946 0.0334
vn -0.0486 0.9885 -0.1430
vn -0.0480 0.9758 -0.2132
vn -0.0491 0.9982 0.0334
vn -0.1665 0.9601 -0.2246
vn -0.1670 0.9626 -0.2131
vn -0.1429 0.9639 -0.2247
vn -0.1692 0.9752 -0.1430
vn -0.1708 0.9847 0.0334
vn -0.1690 0.9741 0.1506
vn -0.1450 0.9779 0.1506
vn -0.0969 0.9838 0.1506
vn -0.0486 0.9874 0.1506
vn -0.0243 0.9883 0.1506
vn -0.0246 0.9991 0.0334
vn -0.0243 0.9894 -0.1430
vn -0.0240 0.9767 -0.2131
vn -0.0479 0.9733 -0.2247
vn -0.0240 0.9741 -0.2246
vn -0.0955 0.9697 -0.2247
vn -0.1295 0.8732 0.4699
vn -0.1218 0.8215 0.5570
vn -0.0814 0.8265 0.5570
vn -0.0865 0.8785 0.4699
vn -0.1208 0.8143 0.5677
vn -0.0807 0.8193 0.5677
vn -0.0408 0.8295 0.5570
vn -0.0434 0.8817 0.4699
vn -0.0404 0.8223 0.5677
vn -0.1565 0.9019 0.4026
vn -0.1509 0.8698 0.4698
vn -0.1343 0.9054 0.4027
vn -0.1420 0.8184 0.5569
vn -0.1407 0.8112 0.5676
vn -0.1420 0.8188 0.5563
vn -0.1219 0.8219 0.5564
vn -0.0814 0.8269 0.5564
vn -0.0408 0.8299 0.5564
vn -0.0204 0.8307 0.5563
vn -0.0202 0.8231 0.5676
vn -0.0204 0.8303 0.5569
vn -0.0217 0.8825 0.4698
vn -0.0450 0.9142 0.4027
vn -0.0225 0.9151 0.4026
vn -0.0897 0.9109 0.4027
vn -0.1322 0.8913 0.4337
vn -0.1369 0.9231 0.3594
vn -0.0915 0.9287 0.3594
vn -0.0883 0.8967 0.4337
vn -0.1394 0.9401 0.3112
vn -0.0932 0.9458 0.3112
vn -0.0458 0.9321 0.3594
vn -0.0442 0.9000 0.4337
vn -0.0467 0.9492 0.3112
vn -0.1504 0.8669 0.4753
vn -0.1540 0.8879 0.4336
vn -0.1291 0.8702 0.4754
vn -0.1595 0.9195 0.3593
vn -0.1624 0.9364 0.3112
vn -0.0234 0.9501 0.3111
vn -0.0229 0.9330 0.3593
vn -0.0222 0.9008 0.4336
vn -0.0432 0.8787 0.4754
vn -0.0216 0.8796 0.4753
vn -0.0862 0.8755 0.4754
vn -0.3291 0.9199 -0.2132
vn -0.3334 0.9319 -0.1430
vn -0.2873 0.9471 -0.1430
vn -0.2836 0.9349 -0.2132
vn -0.3367 0.9410 0.0334
vn -0.2901 0.9564 0.0334
vn -0.2405 0.9600 -0.1430
vn -0.2374 0.9477 -0.2132
vn -0.2429 0.9695 0.0334
vn -0.3507 0.9092 -0.2246
vn -0.3516 0.9116 -0.2131
vn -0.3282 0.9175 -0.2247
vn -0.3562 0.9234 -0.1430
vn -0.3597 0.9325 0.0334
vn -0.3558 0.9224 0.1506
vn -0.3330 0.9308 0.1506
vn -0.2870 0.9460 0.1506
vn -0.2402 0.9590 0.1506
vn -0.2166 0.9646 0.1506
vn -0.2190 0.9751 0.0334
vn -0.2169 0.9657 -0.1430
vn -0.2141 0.9533 -0.2131
vn -0.2368 0.9452 -0.2247
vn -0.2135 0.9508 -0.2246
vn -0.2829 0.9325 -0.2247
vn -0.2974 0.8311 0.4699
vn -0.2798 0.7820 0.5570
vn -0.2411 0.7947 0.5570
vn -0.2562 0.8447 0.4699
vn -0.2773 0.7751 0.5677
vn -0.2390 0.7878 0.5677
vn -0.2018 0.8056 0.5570
vn -0.2145 0.8563 0.4699
vn -0.2001 0.7986 0.5677
vn -0.3294 0.8541 0.4026
vn -0.3177 0.8237 0.4698
vn -0.3083 0.8619 0.4027
vn -0.2989 0.7749 0.5569
vn -0.2963 0.7682 0.5676
vn -0.2990 0.7753 0.5563
vn -0.2799 0.7824 0.5564
vn -0.2412 0.7951 0.5564
vn -0.2019 0.8060 0.5564
vn -0.1821 0.8108 0.5563
vn -0.1804 0.8033 0.5676
vn -0.1820 0.8104 0.5569
vn -0.1935 0.8613 0.4698
vn -0.2224 0.8879 0.4027
vn -0.2006 0.8931 0.4026
vn -0.2657 0.8759 0.4027
vn -0.3035 0.8484 0.4337
vn -0.3143 0.8787 0.3594
vn -0.2709 0.8930 0.3594
vn -0.2616 0.8623 0.4337
vn -0.3201 0.8948 0.3112
vn -0.2759 0.9094 0.3112
vn -0.2268 0.9052 0.3594
vn -0.2190 0.8741 0.4337
vn -0.2309 0.9218 0.3112
vn -0.3166 0.8209 0.4753
vn -0.3243 0.8408 0.4336
vn -0.2963 0.8283 0.4754
vn -0.3358 0.8707 0.3593
vn -0.3420 0.8867 0.3112
vn -0.2083 0.9273 0.3112
vn -0.2045 0.9105 0.3593
vn -0.1975 0.8792 0.4336
vn -0.2138 0.8534 0.4754
vn -0.1928 0.8584 0.4753
vn -0.2554 0.8419 0.4754
vn -0.5022 0.8380 -0.2132
vn -0.5088 0.8489 -0.1430
vn -0.4666 0.8729 -0.1430
vn -0.4606 0.8616 -0.2132
vn -0.5138 0.8573 0.0334
vn -0.4711 0.8814 0.0334
vn -0.4232 0.8947 -0.1430
vn -0.4178 0.8832 -0.2132
vn -0.4274 0.9035 0.0334
vn -0.5213 0.8233 -0.2246
vn -0.5227 0.8255 -0.2131
vn -0.5009 0.8358 -0.2247
vn -0.5295 0.8362 -0.1430
vn -0.5347 0.8444 0.0334
vn -0.5289 0.8352 0.1506
vn -0.5082 0.8480 0.1506
vn -0.4660 0.8719 0.1506
vn -0.4227 0.8937 0.1506
vn -0.4007 0.9038 0.1506
vn -0.4051 0.9137 0.0334
vn -0.4011 0.9048 -0.1430
vn -0.3960 0.8932 -0.2131
vn -0.4167 0.8809 -0.2247
vn -0.3949 0.8908 -0.2246
vn -0.4593 0.8594 -0.2247
vn -0.4538 0.7572 0.4699
vn -0.4269 0.7124 0.5570
vn -0.3915 0.7324 0.5570
vn -0.4161 0.7785 0.4699
vn -0.4232 0.7061 0.5677
vn -0.3881 0.7260 0.5677
vn -0.3551 0.7507 0.5570
vn -0.3775 0.7980 0.4699
vn -0.3520 0.7442 0.5677
vn -0.4897 0.7734 0.4026
vn -0.4723 0.7459 0.4698
vn -0.4706 0.7851 0.4027
vn -0.4443 0.7017 0.5569
vn -0.4405 0.6956 0.5676
vn -0.4446 0.7021 0.5563
vn -0.4272 0.7127 0.5564
vn -0.3917 0.7328 0.5564
vn -0.3553 0.7511 0.5564
vn -0.3368 0.7597 0.5563
vn -0.3337 0.7527 0.5676
vn -0.3366 0.7593 0.5569
vn -0.3578 0.8070 0.4698
vn -0.3914 0.8275 0.4027
vn -0.3710 0.8368 0.4026
vn -0.4315 0.8073 0.4027
vn -0.4632 0.7729 0.4337
vn -0.4797 0.8004 0.3594
vn -0.4399 0.8230 0.3594
vn -0.4248 0.7947 0.4337
vn -0.4885 0.8151 0.3112
vn -0.4480 0.8381 0.3112
vn -0.3990 0.8436 0.3594
vn -0.3853 0.8145 0.4337
vn -0.4063 0.8591 0.3112
vn -0.4707 0.7433 0.4753
vn -0.4821 0.7613 0.4336
vn -0.4523 0.7546 0.4754
vn -0.4992 0.7885 0.3593
vn -0.5084 0.8029 0.3112
vn -0.3852 0.8688 0.3112
vn -0.3782 0.8532 0.3593
vn -0.3652 0.8238 0.4336
vn -0.3762 0.7953 0.4754
vn -0.3566 0.8043 0.4753
vn -0.4147 0.7759 0.4754
vn -0.6561 0.7239 -0.2132
vn -0.6646 0.7334 -0.1430
vn -0.6279 0.7651 -0.1430
vn -0.6198 0.7552 -0.2132
vn -0.6712 0.7406 0.0334
vn -0.6340 0.7726 0.0334
vn -0.5896 0.7949 -0.1430
vn -0.5820 0.7847 -0.2132
vn -0.5954 0.8027 0.0334
vn -0.6719 0.7058 -0.2246
vn -0.6737 0.7076 -0.2131
vn -0.6544 0.7220 -0.2247
vn -0.6824 0.7168 -0.1430
vn -0.6891 0.7239 0.0334
vn -0.6816 0.7160 0.1506
vn -0.6639 0.7325 0.1506
vn -0.6272 0.7642 0.1506
vn -0.5889 0.7940 0.1506
vn -0.5693 0.8082 0.1506
vn -0.5755 0.8171 0.0334
vn -0.5699 0.8092 -0.1430
vn -0.5626 0.7988 -0.2131
vn -0.5805 0.7826 -0.2247
vn -0.5611 0.7967 -0.2246
vn -0.6182 0.7532 -0.2247
vn -0.5928 0.6541 0.4699
vn -0.5577 0.6154 0.5570
vn -0.5269 0.6420 0.5570
vn -0.5600 0.6824 0.4699
vn -0.5528 0.6100 0.5677
vn -0.5223 0.6364 0.5677
vn -0.4948 0.6670 0.5570
vn -0.5259 0.7090 0.4699
vn -0.4904 0.6612 0.5677
vn -0.6312 0.6630 0.4026
vn -0.6087 0.6394 0.4698
vn -0.6147 0.6783 0.4027
vn -0.5727 0.6016 0.5569
vn -0.5677 0.5963 0.5676
vn -0.5730 0.6019 0.5563
vn -0.5580 0.6157 0.5564
vn -0.5271 0.6423 0.5564
vn -0.4950 0.6674 0.5564
vn -0.4785 0.6794 0.5563
vn -0.4741 0.6731 0.5676
vn -0.4783 0.6790 0.5569
vn -0.5084 0.7217 0.4698
vn -0.5453 0.7352 0.4027
vn -0.5271 0.7484 0.4026
vn -0.5807 0.7076 0.4027
vn -0.6051 0.6677 0.4337
vn -0.6267 0.6915 0.3594
vn -0.5920 0.7214 0.3594
vn -0.5716 0.6965 0.4337
vn -0.6382 0.7042 0.3112
vn -0.6029 0.7346 0.3112
vn -0.5559 0.7495 0.3594
vn -0.5368 0.7237 0.4337
vn -0.5661 0.7633 0.3112
vn -0.6066 0.6372 0.4753
vn -0.6213 0.6527 0.4336
vn -0.5908 0.6519 0.4754
vn -0.6435 0.6759 0.3593
vn -0.6553 0.6883 0.3111
vn -0.5473 0.7770 0.3111
vn -0.5374 0.7630 0.3593
vn -0.5189 0.7367 0.4336
vn -0.5241 0.7066 0.4754
vn -0.5066 0.7193 0.4753
vn -0.5581 0.6801 0.4754
vn -0.7847 0.5820 -0.2132
vn -0.7949 0.5896 -0.1430
vn -0.7651 0.6279 -0.1430
vn -0.7552 0.6198 -0.2132
vn -0.8027 0.5954 0.0334
vn -0.7726 0.6340 0.0334
vn -0.7334 0.6646 -0.1430
vn -0.7239 0.6561 -0.2132
vn -0.7406 0.6712 0.0334
vn -0.7967 0.5611 -0.2246
vn -0.7988 0.5626 -0.2131
vn -0.7826 0.5805 -0.2247
vn -0.8092 0.5699 -0.1430
vn -0.8171 0.5755 0.0334
vn -0.8082 0.5693 0.1506
vn -0.7940 0.5889 0.1506
vn -0.7642 0.6272 0.1506
vn -0.7325 0.6639 0.1506
vn -0.7160 0.6816 0.1506
vn -0.7239 0.6891 0.0334
vn -0.7168 0.6824 -0.1430
vn -0.7076 0.6737 -0.2131
vn -0.7220 0.6544 -0.2247
vn -0.7058 0.6719 -0.2246
vn -0.7532 0.6182 -0.2247
vn -0.7090 0.5259 0.4699
vn -0.6670 0.4948 0.5570
vn -0.6420 0.5269 0.5570
vn -0.6824 0.5600 0.4699
vn -0.6612 0.4904 0.5677
vn -0.6364 0.5223 0.5677
vn -0.6154 0.5577 0.5570
vn -0.6541 0.5928 0.4699
vn -0.6100 0.5528 0.5677
vn -0.7484 0.5271 0.4026
vn -0.7217 0.5083 0.4698
vn -0.7352 0.5453 0.4027
vn -0.6790 0.4783 0.5569
vn -0.6731 0.4741 0.5676
vn -0.6794 0.4785 0.5563
vn -0.6674 0.4950 0.5564
vn -0.6423 0.5271 0.5564
vn -0.6157 0.5580 0.5564
vn -0.6019 0.5730 0.5563
vn -0.5963 0.5677 0.5676
vn -0.6016 0.5727 0.5569
vn -0.6394 0.6087 0.4698
vn -0.6783 0.6147 0.4027
vn -0.6630 0.6312 0.4026
vn -0.7076 0.5807 0.4027
vn -0.7237 0.5368 0.4337
vn -0.7495 0.5559 0.3594
vn -0.7214 0.5920 0.3594
vn -0.6965 0.5716 0.4337
vn -0.7633 0.5661 0.3112
vn -0.7346 0.6029 0.3112
vn -0.6915 0.6267 0.3594
vn -0.6677 0.6051 0.4337
vn -0.7042 0.6382 0.3112
vn -0.7193 0.5066 0.4753
vn -0.7367 0.5189 0.4336
vn -0.7066 0.5241 0.4754
vn -0.7630 0.5374 0.3593
vn -0.7770 0.5473 0.3111
vn -0.6883 0.6553 0.3111
vn -0.6759 0.6435 0.3593
vn -0.6527 0.6213 0.4336
vn -0.6519 0.5908 0.4754
vn -0.6372 0.6067 0.4753
vn -0.6801 0.5581 0.4754
vn -0.8832 0.4178 -0.2132
vn -0.8947 0.4232 -0.1430
vn -0.8729 0.4666 -0.1430
vn -0.8616 0.4606 -0.2132
vn -0.9035 0.4274 0.0334
vn -0.8814 0.4711 0.0334
vn -0.8489 0.5088 -0.1430
vn -0.8380 0.5023 -0.2132
vn -0.8573 0.5138 0.0334
vn -0.8908 0.3949 -0.2246
vn -0.8932 0.3960 -0.2131
vn -0.8809 0.4167 -0.2247
vn -0.9048 0.4011 -0.1430
vn -0.9137 0.4051 0.0334
vn -0.9038 0.4007 0.1506
vn -0.8937 0.4227 0.1506
vn -0.8719 0.4660 0.1506
vn -0.8480 0.5082 0.1506
vn -0.8352 0.5289 0.1506
vn -0.8444 0.5347 0.0334
vn -0.8362 0.5295 -0.1430
vn -0.8255 0.5227 -0.2131
vn -0.8358 0.5009 -0.2247
vn -0.8233 0.5213 -0.2246
vn -0.8594 0.4593 -0.2247
vn -0.7980 0.3775 0.4699
vn -0.7507 0.3551 0.5570
vn -0.7324 0.3915 0.5570
vn -0.7785 0.4161 0.4699
vn -0.7442 0.3520 0.5677
vn -0.7260 0.3881 0.5677
vn -0.7124 0.4269 0.5570
vn -0.7572 0.4538 0.4699
vn -0.7061 0.4232 0.5677
vn -0.8368 0.3710 0.4026
vn -0.8070 0.3578 0.4698
vn -0.8274 0.3914 0.4027
vn -0.7593 0.3366 0.5569
vn -0.7527 0.3337 0.5676
vn -0.7597 0.3368 0.5563
vn -0.7511 0.3553 0.5564
vn -0.7328 0.3917 0.5564
vn -0.7127 0.4272 0.5564
vn -0.7021 0.4446 0.5563
vn -0.6956 0.4405 0.5676
vn -0.7017 0.4443 0.5569
vn -0.7459 0.4723 0.4698
vn -0.7851 0.4706 0.4027
vn -0.7734 0.4897 0.4026
vn -0.8073 0.4315 0.4027
vn -0.8145 0.3853 0.4337
vn -0.8436 0.3990 0.3594
vn -0.8230 0.4399 0.3594
vn -0.7947 0.4248 0.4337
vn -0.8591 0.4063 0.3112
vn -0.8381 0.4480 0.3112
vn -0.8005 0.4797 0.3594
vn -0.7729 0.4632 0.4337
vn -0.8152 0.4885 0.3112
vn -0.8043 0.3566 0.4753
vn -0.8238 0.3652 0.4336
vn -0.7953 0.3762 0.4754
vn -0.8532 0.3782 0.3593
vn -0.8688 0.3852 0.3111
vn -0.8029 0.5084 0.3111
vn -0.7885 0.4992 0.3593
vn -0.7613 0.4821 0.4336
vn -0.7546 0.4523 0.4754
vn -0.7433 0.4707 0.4753
vn -0.7759 0.4147 0.4754
vn -0.9477 0.2374 -0.2132
vn -0.9600 0.2405 -0.1430
vn -0.9471 0.2873 -0.1430
vn -0.9349 0.2836 -0.2132
vn -0.9695 0.2429 0.0334
vn -0.9564 0.2901 0.0334
vn -0.9319 0.3334 -0.1430
vn -0.9199 0.3291 -0.2132
vn -0.9410 0.3367 0.0334
vn -0.9508 0.2135 -0.2246
vn -0.9533 0.2141 -0.2131
vn -0.9452 0.2368 -0.2247
vn -0.9657 0.2169 -0.1430
vn -0.9751 0.2190 0.0334
vn -0.9646 0.2167 0.1506
vn -0.9590 0.2403 0.1506
vn -0.9460 0.2870 0.1506
vn -0.9308 0.3330 0.1506
vn -0.9224 0.3558 0.1506
vn -0.9325 0.3597 0.0334
vn -0.9234 0.3562 -0.1430
vn -0.9116 0.3516 -0.2131
vn -0.9175 0.3282 -0.2247
vn -0.9092 0.3507 -0.2246
vn -0.9325 0.2829 -0.2247
vn -0.8563 0.2145 0.4699
vn -0.8056 0.2018 0.5570
vn -0.7947 0.2411 0.5570
vn -0.8447 0.2563 0.4699
vn -0.7986 0.2001 0.5677
vn -0.7878 0.2390 0.5677
vn -0.7820 0.2798 0.5570
vn -0.8311 0.2974 0.4699
vn -0.7751 0.2773 0.5677
vn -0.8931 0.2006 0.4026
vn -0.8613 0.1935 0.4698
vn -0.8879 0.2225 0.4027
vn -0.8104 0.1820 0.5569
vn -0.8033 0.1804 0.5676
vn -0.8108 0.1821 0.5563
vn -0.8060 0.2019 0.5564
vn -0.7951 0.2412 0.5564
vn -0.7824 0.2799 0.5564
vn -0.7753 0.2990 0.5563
vn -0.7682 0.2963 0.5676
vn -0.7749 0.2989 0.5569
vn -0.8237 0.3177 0.4698
vn -0.8619 0.3083 0.4027
vn -0.8541 0.3294 0.4026
vn -0.8759 0.2657 0.4027
vn -0.8741 0.2190 0.4337
vn -0.9052 0.2268 0.3594
vn -0.8930 0.2709 0.3594
vn -0.8623 0.2616 0.4337
vn -0.9218 0.2310 0.3112
vn -0.9094 0.2759 0.3112
vn -0.8787 0.3144 0.3594
vn -0.8484 0.3035 0.4337
vn -0.8948 0.3201 0.3112
vn -0.8584 0.1928 0.4753
vn -0.8792 0.1975 0.4336
vn -0.8534 0.2138 0.4754
vn -0.9105 0.2045 0.3593
vn -0.9273 0.2083 0.3111
vn -0.8867 0.3420 0.3111
vn -0.8707 0.3358 0.3593
vn -0.8408 0.3243 0.4336
vn -0.8283 0.2964 0.4754
vn -0.8209 0.3166 0.4753
vn -0.8419 0.2554 0.4754
vn -0.9758 0.0480 -0.2132
vn -0.9885 0.0486 -0.1430
vn -0.9850 0.0970 -0.1430
vn -0.9723 0.0958 -0.2132
vn -0.9982 0.0491 0.0334
vn -0.9946 0.0980 0.0334
vn -0.9790 0.1452 -0.1430
vn -0.9664 0.1433 -0.2132
vn -0.9886 0.1466 0.0334
vn -0.9741 0.0240 -0.2246
vn -0.9767 0.0240 -0.2131
vn -0.9732 0.0479 -0.2247
vn -0.9894 0.0243 -0.1430
vn -0.9991 0.0246 0.0334
vn -0.9883 0.0243 0.1506
vn -0.9874 0.0485 0.1506
vn -0.9838 0.0969 0.1506
vn -0.9779 0.1450 0.1506
vn -0.9741 0.1690 0.1506
vn -0.9847 0.1708 0.0334
vn -0.9752 0.1692 -0.1430
vn -0.9626 0.1670 -0.2131
vn -0.9639 0.1429 -0.2247
vn -0.9601 0.1666 -0.2246
vn -0.9697 0.0955 -0.2247
vn -0.8817 0.0433 0.4699
vn -0.8295 0.0408 0.5570
vn -0.8265 0.0814 0.5570
vn -0.8785 0.0865 0.4699
vn -0.8223 0.0404 0.5677
vn -0.8193 0.0807 0.5677
vn -0.8215 0.1218 0.5570
vn -0.8732 0.1295 0.4699
vn -0.8143 0.1208 0.5677
vn -0.9151 0.0225 0.4026
vn -0.8825 0.0217 0.4698
vn -0.9142 0.0450 0.4027
vn -0.8303 0.0204 0.5569
vn -0.8231 0.0202 0.5676
vn -0.8307 0.0204 0.5563
vn -0.8299 0.0408 0.5564
vn -0.8269 0.0814 0.5564
vn -0.8219 0.1219 0.5564
vn -0.8188 0.1420 0.5563
vn -0.8112 0.1407 0.5676
vn -0.8184 0.1420 0.5569
vn -0.8698 0.1509 0.4698
vn -0.9054 0.1343 0.4027
vn -0.9019 0.1565 0.4026
vn -0.9109 0.0897 0.4027
vn -0.9000 0.0442 0.4337
vn -0.9321 0.0458 0.3594
vn -0.9287 0.0915 0.3594
vn -0.8967 0.0883 0.4337
vn -0.9492 0.0467 0.3112
vn -0.9458 0.0931 0.3112
vn -0.9231 0.1369 0.3594
vn -0.8913 0.1322 0.4337
vn -0.9401 0.1394 0.3112
vn -0.8796 0.0216 0.4753
vn -0.9008 0.0222 0.4336
vn -0.8787 0.0432 0.4754
vn -0.9330 0.0229 0.3593
vn -0.9501 0.0234 0.3111
vn -0.9364 0.1624 0.3111
vn -0.9195 0.1595 0.3593
vn -0.8879 0.1540 0.4336
vn -0.8702 0.1291 0.4754
vn -0.8669 0.1504 0.4753
vn -0.8755 0.0862 0.4754
vn -0.9664 -0.1433 -0.2132
vn -0.9790 -0.1452 -0.1430
vn -0.9850 -0.0970 -0.1430
vn -0.9723 -0.0958 -0.2132
vn -0.9886 -0.1466 0.0334
vn -0.9946 -0.0980 0.0334
vn -0.9885 -0.0486 -0.1430
vn -0.9758 -0.0480 -0.2132
vn -0.9982 -0.0491 0.0334
vn -0.9601 -0.1665 -0.2246
vn -0.9626 -0.1670 -0.2131
vn -0.9639 -0.1429 -0.2247
vn -0.9752 -0.1692 -0.1430
vn -0.9847 -0.1708 0.0334
vn -0.9741 -0.1690 0.1506
vn -0.9779 -0.1450 0.1506
vn -0.9838 -0.0969 0.1506
vn -0.9874 -0.0485 0.1506
vn -0.9883 -0.0243 0.1506
vn -0.9991 -0.0246 0.0334
vn -0.9894 -0.0243 -0.1430
vn -0.9767 -0.0240 -0.2131
vn -0.9732 -0.0479 -0.2247
vn -0.9741 -0.0240 -0.2246
vn -0.9697 -0.0955 -0.2247
vn -0.8732 -0.1295 0.4699
vn -0.8215 -0.1218 0.5570
vn -0.8265 -0.0814 0.5570
vn -0.8785 -0.0865 0.4699
vn -0.8143 -0.1208 0.5677
vn -0.8193 -0.0807 0.5677
vn -0.8295 -0.0408 0.5570
vn -0.8817 -0.0433 0.4699
vn -0.8223 -0.0404 0.5677
vn -0.9019 -0.1565 0.4026
vn -0.8698 -0.1509 0.4698
vn -0.9054 -0.1343 0.4027
vn -0.8184 -0.1420 0.5569
vn -0.8112 -0.1407 0.5676
vn -0.8188 -0.1420 0.5563
vn -0.8219 -0.1219 0.5564
vn -0.8269 -0.0814 0.5564
vn -0.8299 -0.0408 0.5564
vn -0.8307 -0.0204 0.5563
vn -0.8231 -0.0202 0.5676
vn -0.8303 -0.0204 0.5569
vn -0.8825 -0.0217 0.4698
vn -0.9142 -0.0450 0.4027
vn -0.9151 -0.0225 0.4026
vn -0.9109 -0.0897 0.4027
vn -0.8913 -0.1322 0.4337
vn -0.9231 -0.1369 0.3594
vn -0.9287 -0.0915 0.3594
vn -0.8967 -0.0883 0.4337
vn -0.9401 -0.1394 0.3112
vn -0.9458 -0.0931 0.3112
vn -0.9321 -0.0458 0.3594
vn -0.9000 -0.0442 0.4337
vn -0.9492 -0.0467 0.3112
vn -0.8669 -0.1504 0.4753
vn -0.8879 -0.1540 0.4336
vn -0.8702 -0.1291 0.4754
vn -0.9195 -0.1595 0.3593
vn -0.9364 -0.1624 0.3111
vn -0.9501 -0.0234 0.3111
vn -0.9330 -0.0229 0.3593
vn -0.9008 -0.0222 0.4336
vn -0.8787 -0.0432 0.4754
vn -0.8796 -0.0216 0.4753
vn -0.8755 -0.0862 0.4754
vn -0.9199 -0.3291 -0.2132
vn -0.9319 -0.3334 -0.1430
vn -0.9471 -0.2873 -0.1430
vn -0.9349 -0.2836 -0.2132
vn -0.9410 -0.3367 0.0334
vn -0.9564 -0.2901 0.0334
vn -0.9600 -0.2405 -0.1430
vn -0.9477 -0.2374 -0.2132
vn -0.9695 -0.2429 0.0334
vn -0.9092 -0.3507 -0.2246
vn -0.9116 -0.3516 -0.2131
vn -0.9175 -0.3282 -0.2247
vn -0.9234 -0.3562 -0.1430
vn -0.9325 -0.3597 0.0334
vn -0.9224 -0.3558 0.1506
vn -0.9308 -0.3330 0.1506
vn -0.9460 -0.2870 0.1506
vn -0.9590 -0.2403 0.1506
vn -0.9646 -0.2167 0.1506
vn -0.9751 -0.2190 0.0334
vn -0.9657 -0.2169 -0.1430
vn -0.9533 -0.2141 -0.2131
vn -0.9452 -0.2368 -0.2247
vn -0.9508 -0.2135 -0.2246
vn -0.9325 -0.2829 -0.2247
vn -0.8311 -0.2974 0.4699
vn -0.7820 -0.2798 0.5570
vn -0.7947 -0.2411 0.5570
vn -0.8447 -0.2562 0.4699
vn -0.7751 -0.2773 0.5677
vn -0.7878 -0.2390 0.5677
vn -0.8056 -0.2018 0.5570
vn -0.8563 -0.2145 0.4699
vn -0.7986 -0.2001 0.5677
vn -0.8541 -0.3294 0.4026
vn -0.8237 -0.3177 0.4698
vn -0.8619 -0.3083 0.4027
vn -0.7749 -0.2989 0.5569
vn -0.7682 -0.2963 0.5676
vn -0.7753 -0.2990 0.5563
vn -0.7824 -0.2799 0.5564
vn -0.7951 -0.2412 0.5564
vn -0.8060 -0.2019 0.5564
vn -0.8108 -0.1821 0.5563
vn -0.8033 -0.1804 0.5676
vn -0.8104 -0.1820 0.5569
vn -0.8613 -0.1935 0.4698
vn -0.8879 -0.2225 0.4027
vn -0.8931 -0.2006 0.4026
vn -0.8759 -0.2657 0.4027
vn -0.8484 -0.3035 0.4337
vn -0.8787 -0.3144 0.3594
vn -0.8930 -0.2709 0.3594
vn -0.8623 -0.2616 0.4337
vn -0.8948 -0.3201 0.3112
vn -0.9094 -0.2759 0.3112
vn -0.9052 -0.2268 0.3594
vn -0.8741 -0.2190 0.4337
vn -0.9218 -0.2310 0.3112
vn -0.8209 -0.3166 0.4753
vn -0.8408 -0.3243 0.4336
vn -0.8283 -0.2964 0.4754
vn -0.8707 -0.3358 0.3593
vn -0.8867 -0.3420 0.3111
vn -0.9273 -0.2083 0.3111
vn -0.9105 -0.2045 0.3593
vn -0.8792 -0.1975 0.4336
vn -0.8534 -0.2138 0.4754
vn -0.8584 -0.1928 0.4753
vn -0.8419 -0.2554 0.4754
vn -0.8380 -0.5022 -0.2132
vn -0.8489 -0.5088 -0.1430
vn -0.8729 -0.4665 -0.1430
vn -0.8616 -0.4606 -0.2132
vn -0.8573 -0.5138 0.0334
vn -0.8814 -0.4711 0.0334
vn -0.8947 -0.4232 -0.1430
vn -0.8832 -0.4178 -0.2132
vn -0.9035 -0.4274 0.0334
vn -0.8233 -0.5213 -0.2246
vn -0.8255 -0.5227 -0.2131
vn -0.8358 -0.5009 -0.2247
vn -0.8362 -0.5295 -0.1430
vn -0.8444 -0.5347 0.0334
vn -0.8352 -0.5289 0.1506
vn -0.8480 -0.5082 0.1506
vn -0.8719 -0.4660 0.1506
vn -0.8937 -0.4227 0.1506
vn -0.9038 -0.4007 0.1506
vn -0.9137 -0.4051 0.0334
vn -0.9048 -0.4011 -0.1430
vn -0.8932 -0.3960 -0.2131
vn -0.8809 -0.4167 -0.2247
vn -0.8908 -0.3949 -0.2246
vn -0.8594 -0.4593 -0.2247
vn -0.7572 -0.4538 0.4699
vn -0.7124 -0.4269 0.5570
vn -0.7324 -0.3915 0.5570
vn -0.7785 -0.4161 0.4699
vn -0.7061 -0.4232 0.5677
vn -0.7260 -0.3881 0.5677
vn -0.7507 -0.3551 0.5570
vn -0.7980 -0.3774 0.4699
vn -0.7442 -0.3520 0.5677
vn -0.7734 -0.4897 0.4026
vn -0.7459 -0.4723 0.4698
vn -0.7851 -0.4705 0.4027
vn -0.7017 -0.4443 0.5569
vn -0.6956 -0.4404 0.5676
vn -0.7021 -0.4445 0.5563
vn -0.7127 -0.4271 0.5564
vn -0.7328 -0.3917 0.5564
vn -0.7511 -0.3553 0.5564
vn -0.7597 -0.3368 0.5563
vn -0.7527 -0.3337 0.5676
vn -0.7593 -0.3366 0.5569
vn -0.8070 -0.3578 0.4698
vn -0.8275 -0.3914 0.4027
vn -0.8368 -0.3710 0.4026
vn -0.8073 -0.4315 0.4027
vn -0.7729 -0.4632 0.4337
vn -0.8005 -0.4797 0.3594
vn -0.8230 -0.4399 0.3594
vn -0.7947 -0.4248 0.4337
vn -0.8152 -0.4885 0.3112
vn -0.8381 -0.4480 0.3112
vn -0.8436 -0.3990 0.3594
vn -0.8145 -0.3853 0.4337
vn -0.8591 -0.4063 0.3112
vn -0.7433 -0.4707 0.4753
vn -0.7613 -0.4821 0.4336
vn -0.7546 -0.4523 0.4754
vn -0.7885 -0.4992 0.3593
vn -0.8029 -0.5084 0.3111
vn -0.8688 -0.3852 0.3111
vn -0.8532 -0.3782 0.3593
vn -0.8238 -0.3652 0.4336
vn -0.7953 -0.3762 0.4754
vn -0.8043 -0.3566 0.4753
vn -0.7759 -0.4147 0.4754
vn -0.7239 -0.6561 -0.2132
vn -0.7334 -0.6646 -0.1430
vn -0.7651 -0.6279 -0.1430
vn -0.7552 -0.6198 -0.2132
vn -0.7406 -0.6712 0.0334
vn -0.7726 -0.6340 0.0334
vn -0.7949 -0.5896 -0.1430
vn -0.7847 -0.5820 -0.2132
vn -0.8027 -0.5954 0.0334
vn -0.7058 -0.6719 -0.2246
vn -0.7076 -0.6737 -0.2131
vn -0.7220 -0.6544 -0.2247
vn -0.7168 -0.6824 -0.1430
vn -0.7239 -0.6891 0.0334
vn -0.7160 -0.6817 0.1506
vn -0.7325 -0.6639 0.1506
vn -0.7642 -0.6272 0.1506
vn -0.7940 -0.5889 0.1506
vn -0.8082 -0.5693 0.1506
vn -0.8171 -0.5755 0.0334
vn -0.8092 -0.5699 -0.1430
vn -0.7988 -0.5626 -0.2131
vn -0.7826 -0.5805 -0.2247
vn -0.7967 -0.5611 -0.2246
vn -0.7532 -0.6182 -0.2247
vn -0.6541 -0.5928 0.4699
vn -0.6154 -0.5577 0.5570
vn -0.6420 -0.5269 0.5570
vn -0.6824 -0.5600 0.4699
vn -0.6100 -0.5528 0.5677
vn -0.6364 -0.5223 0.5677
vn -0.6670 -0.4948 0.5570
vn -0.7090 -0.5259 0.4699
vn -0.6612 -0.4904 0.5677
vn -0.6630 -0.6312 0.4026
vn -0.6394 -0.6087 0.4698
vn -0.6783 -0.6147 0.4027
vn -0.6016 -0.5727 0.5569
vn -0.5963 -0.5677 0.5676
vn -0.6019 -0.5730 0.5563
vn -0.6157 -0.5580 0.5564
vn -0.6423 -0.5271 0.5564
vn -0.6674 -0.4950 0.5564
vn -0.6794 -0.4785 0.5563
vn -0.6731 -0.4741 0.5676
vn -0.6790 -0.4783 0.5569
vn -0.7217 -0.5083 0.4698
vn -0.7352 -0.5453 0.4027
vn -0.7484 -0.5271 0.4026
vn -0.7076 -0.5807 0.4027
vn -0.6677 -0.6051 0.4337
vn -0.6915 -0.6267 0.3594
vn -0.7214 -0.5920 0.3594
vn -0.6965 -0.5716 0.4337
vn -0.7042 -0.6382 0.3112
vn -0.7346 -0.6029 0.3112
vn -0.7495 -0.5559 0.3594
vn -0.7237 -0.5368 0.4337
vn -0.7633 -0.5661 0.3112
vn -0.6372 -0.6066 0.4753
vn -0.6527 -0.6213 0.4336
vn -0.6519 -0.5908 0.4754
vn -0.6759 -0.6435 0.3593
vn -0.6883 -0.6553 0.3111
vn -0.7770 -0.5473 0.3111
vn -0.7630 -0.5374 0.3593
vn -0.7367 -0.5189 0.4336
vn -0.7066 -0.5241 0.4754
vn -0.7193 -0.5066 0.4753
vn -0.6801 -0.5581 0.4754
vn -0.5820 -0.7847 -0.2132
vn -0.5896 -0.7949 -0.1430
vn -0.6279 -0.7651 -0.1430
vn -0.6198 -0.7552 -0.2132
vn -0.5954 -0.8027 0.0334
vn -0.6340 -0.7726 0.0334
vn -0.6646 -0.7334 -0.1430
vn -0.6561 -0.7239 -0.2132
vn -0.6711 -0.7406 0.0334
vn -0.5611 -0.7967 -0.2246
vn -0.5626 -0.7988 -0.2131
vn -0.5805 -0.7826 -0.2247
vn -0.5699 -0.8092 -0.1430
vn -0.5755 -0.8171 0.0334
vn -0.5693 -0.8082 0.1506
vn -0.5889 -0.7940 0.1506
vn -0.6271 -0.7642 0.1506
vn -0.6639 -0.7325 0.1506
vn -0.6816 -0.7160 0.1506
vn -0.6891 -0.7239 0.0334
vn -0.6824 -0.7168 -0.1430
vn -0.6737 -0.7076 -0.2131
vn -0.6544 -0.7220 -0.2247
vn -0.6719 -0.7058 -0.2246
vn -0.6182 -0.7532 -0.2247
vn -0.5259 -0.7090 0.4699
vn -0.4947 -0.6670 0.5570
vn -0.5269 -0.6420 0.5570
vn -0.5600 -0.6824 0.4699
vn -0.4904 -0.6612 0.5677
vn -0.5223 -0.6364 0.5677
vn -0.5577 -0.6154 0.5570
vn -0.5928 -0.6541 0.4699
vn -0.5528 -0.6100 0.5677
vn -0.5271 -0.7484 0.4026
vn -0.5083 -0.7217 0.4698
vn -0.5453 -0.7352 0.4027
vn -0.4783 -0.6790 0.5569
vn -0.4741 -0.6731 0.5676
vn -0.4785 -0.6794 0.5563
vn -0.4950 -0.6674 0.5564
vn -0.5271 -0.6423 0.5564
vn -0.5580 -0.6157 0.5564
vn -0.5730 -0.6019 0.5563
vn -0.5677 -0.5963 0.5676
vn -0.5727 -0.6016 0.5569
vn -0.6087 -0.6394 0.4698
vn -0.6147 -0.6783 0.4027
vn -0.6312 -0.6630 0.4026
vn -0.5807 -0.7076 0.4027
vn -0.5368 -0.7237 0.4337
vn -0.5559 -0.7495 0.3594
vn -0.5920 -0.7214 0.3594
vn -0.5716 -0.6965 0.4337
vn -0.5661 -0.7633 0.3112
vn -0.6029 -0.7346 0.3112
vn -0.6267 -0.6915 0.3594
vn -0.6051 -0.6677 0.4337
vn -0.6382 -0.7042 0.3112
vn -0.5066 -0.7193 0.4753
vn -0.5189 -0.7367 0.4336
vn -0.5241 -0.7066 0.4754
vn -0.5374 -0.7630 0.3593
vn -0.5473 -0.7770 0.3111
vn -0.6553 -0.6883 0.3111
vn -0.6435 -0.6759 0.3593
vn -0.6213 -0.6527 0.4336
vn -0.5908 -0.6519 0.4754
vn -0.6066 -0.6372 0.4753
vn -0.5581 -0.6801 0.4754
vn -0.4178 -0.8832 -0.2132
vn -0.4232 -0.8947 -0.1430
vn -0.4666 -0.8729 -0.1430
vn -0.4606 -0.8616 -0.2132
vn -0.4274 -0.9035 0.0334
vn -0.4711 -0.8814 0.0334
vn -0.5088 -0.8489 -0.1430
vn -0.5023 -0.8380 -0.2132
vn -0.5138 -0.8573 0.0334
vn -0.3949 -0.8908 -0.2246
vn -0.3960 -0.8932 -0.2131
vn -0.4167 -0.8809 -0.2247
vn -0.4011 -0.9048 -0.1430
vn -0.4051 -0.9137 0.0334
vn -0.4007 -0.9038 0.1506
vn -0.4227 -0.8937 0.1506
vn -0.4660 -0.8719 0.1506
vn -0.5082 -0.8480 0.1506
vn -0.5289 -0.8352 0.1506
vn -0.5347 -0.8444 0.0334
vn -0.5295 -0.8362 -0.1430
vn -0.5227 -0.8255 -0.2131
vn -0.5009 -0.8358 -0.2247
vn -0.5213 -0.8233 -0.2246
vn -0.4593 -0.8594 -0.2247
vn -0.3775 -0.7980 0.4699
vn -0.3551 -0.7507 0.5570
vn -0.3915 -0.7324 0.5570
vn -0.4161 -0.7785 0.4699
vn -0.3520 -0.7442 0.5677
vn -0.3881 -0.7260 0.5677
vn -0.4269 -0.7124 0.5570
vn -0.4538 -0.7572 0.4699
vn -0.4232 -0.7061 0.5677
vn -0.3710 -0.8368 0.4026
vn -0.3578 -0.8070 0.4698
vn -0.3914 -0.8274 0.4027
vn -0.3366 -0.7593 0.5569
vn -0.3337 -0.7527 0.5676
vn -0.3368 -0.7597 0.5563
vn -0.3553 -0.7511 0.5564
vn -0.3917 -0.7328 0.5564
vn -0.4272 -0.7127 0.5564
vn -0.4446 -0.7021 0.5563
vn -0.4405 -0.6956 0.5676
vn -0.4443 -0.7017 0.5569
vn -0.4723 -0.7459 0.4698
vn -0.4706 -0.7851 0.4027
vn -0.4897 -0.7734 0.4026
vn -0.4315 -0.8073 0.4027
vn -0.3853 -0.8145 0.4337
vn -0.3990 -0.8436 0.3594
vn -0.4399 -0.8230 0.3594
vn -0.4248 -0.7947 0.4337
vn -0.4063 -0.8591 0.3112
vn -0.4480 -0.8381 0.3112
vn -0.4797 -0.8005 0.3594
vn -0.4632 -0.7729 0.4337
vn -0.4885 -0.8152 0.3112
vn -0.3566 -0.8043 0.4753
vn -0.3652 -0.8238 0.4336
vn -0.3762 -0.7953 0.4754
vn -0.3782 -0.8532 0.3593
vn -0.3852 -0.8688 0.3111
vn -0.5084 -0.8029 0.3111
vn -0.4992 -0.7885 0.3593
vn -0.4821 -0.7613 0.4336
vn -0.4523 -0.7546 0.4754
vn -0.4707 -0.7433 0.4753
vn -0.4147 -0.7759 0.4754
vn -0.2374 -0.9477 -0.2132
vn -0.2405 -0.9600 -0.1430
vn -0.2873 -0.9471 -0.1430
vn -0.2836 -0.9349 -0.2132
vn -0.2429 -0.9695 0.0334
vn -0.2901 -0.9564 0.0334
vn -0.3334 -0.9319 -0.1430
vn -0.3291 -0.9199 -0.2132
vn -0.3367 -0.9410 0.0334
vn -0.2135 -0.9508 -0.2246
vn -0.2141 -0.9533 -0.2131
vn -0.2368 -0.9452 -0.2247
vn -0.2169 -0.9657 -0.1430
vn -0.2190 -0.9751 0.0334
vn -0.2166 -0.9646 0.1506
vn -0.2402 -0.9590 0.1506
vn -0.2870 -0.9460 0.1506
vn -0.3330 -0.9308 0.1506
vn -0.3558 -0.9224 0.1506
vn -0.3597 -0.9325 0.0334
vn -0.3562 -0.9234 -0.1430
vn -0.3516 -0.9116 -0.2131
vn -0.3282 -0.9175 -0.2247
vn -0.3507 -0.9092 -0.2246
vn -0.2829 -0.9325 -0.2247
vn -0.2145 -0.8563 0.4699
vn -0.2018 -0.8056 0.5570
vn -0.2411 -0.7947 0.5570
vn -0.2562 -0.8447 0.4699
vn -0.2001 -0.7986 0.5677
vn -0.2390 -0.7878 0.5677
vn -0.2798 -0.7820 0.5570
vn -0.2974 -0.8311 0.4699
vn -0.2773 -0.7751 0.5677
vn -0.2006 -0.8931 0.4026
vn -0.1935 -0.8613 0.4698
vn -0.2224 -0.8879 0.4027
vn -0.1820 -0.8104 0.5569
vn -0.1804 -0.8033 0.5676
vn -0.1821 -0.8108 0.5563
vn -0.2019 -0.8060 0.5564
vn -0.2412 -0.7951 0.5564
vn -0.2799 -0.7824 0.5564
vn -0.2990 -0.7753 0.5563
vn -0.2963 -0.7682 0.5676
vn -0.2989 -0.7749 0.5569
vn -0.3177 -0.8237 0.4698
vn -0.3083 -0.8619 0.4027
vn -0.3294 -0.8541 0.4026
vn -0.2657 -0.8759 0.4027
vn -0.2190 -0.8741 0.4337
vn -0.2268 -0.9052 0.3594
vn -0.2709 -0.8930 0.3594
vn -0.2616 -0.8623 0.4337
vn -0.2310 -0.9218 0.3112
vn -0.2759 -0.9094 0.3112
vn -0.3144 -0.8787 0.3594
vn -0.3035 -0.8484 0.4337
vn -0.3201 -0.8948 0.3112
vn -0.1928 -0.8584 0.4753
vn -0.1975 -0.8792 0.4336
vn -0.2138 -0.8534 0.4754
vn -0.2045 -0.9105 0.3593
vn -0.2083 -0.9273 0.3111
vn -0.3420 -0.8867 0.3111
vn -0.3358 -0.8707 0.3593
vn -0.3243 -0.8408 0.4336
vn -0.2964 -0.8283 0.4754
vn -0.3166 -0.8209 0.4753
vn -0.2554 -0.8419 0.4754
vn -0.0480 -0.9758 -0.2132
vn -0.0486 -0.9885 -0.1430
vn -0.0970 -0.9850 -0.1430
vn -0.0958 -0.9723 -0.2132
vn -0.0491 -0.9982 0.0334
vn -0.0980 -0.9946 0.0334
vn -0.1452 -0.9790 -0.1430
vn -0.1433 -0.9664 -0.2132
vn -0.1466 -0.9886 0.0334
vn -0.0240 -0.9741 -0.2246
vn -0.0240 -0.9767 -0.2131
vn -0.0479 -0.9732 -0.2247
vn -0.0243 -0.9894 -0.1430
vn -0.0246 -0.9991 0.0334
vn -0.0243 -0.9883 0.1506
vn -0.0486 -0.9874 0.1506
vn -0.0969 -0.9838 0.1506
vn -0.1450 -0.9779 0.1506
vn -0.1690 -0.9741 0.1506
vn -0.1708 -0.9847 0.0334
vn -0.1692 -0.9752 -0.1430
vn -0.1670 -0.9626 -0.2131
vn -0.1429 -0.9639 -0.2247
vn -0.1666 -0.9601 -0.2246
vn -0.0955 -0.9697 -0.2247
vn -0.0433 -0.8817 0.4699
vn -0.0408 -0.8295 0.5570
vn -0.0814 -0.8265 0.5570
vn -0.0865 -0.8785 0.4699
vn -0.0404 -0.8223 0.5677
vn -0.0807 -0.8193 0.5677
vn -0.1218 -0.8215 0.5570
vn -0.1295 -0.8732 0.4699
vn -0.1208 -0.8143 0.5677
vn -0.0225 -0.9151 0.4026
vn -0.0217 -0.8825 0.4698
vn -0.0450 -0.9142 0.4027
vn -0.0204 -0.8303 0.5569
vn -0.0202 -0.8231 0.5676
vn -0.0204 -0.8307 0.5563
vn -0.0408 -0.8299 0.5564
vn -0.0814 -0.8269 0.5564
vn -0.1219 -0.8219 0.5564
vn -0.1420 -0.8188 0.5563
vn -0.1407 -0.8112 0.5676
vn -0.1420 -0.8184 0.5569
vn -0.1509 -0.8698 0.4698
vn -0.1343 -0.9054 0.4027
vn -0.1565 -0.9019 0.4026
vn -0.0897 -0.9109 0.4027
vn -0.0442 -0.9000 0.4337
vn -0.0458 -0.9321 0.3594
vn -0.0915 -0.9287 0.3594
vn -0.0883 -0.8967 0.4337
vn -0.0467 -0.9492 0.3112
vn -0.0931 -0.9458 0.3112
vn -0.1369 -0.9231 0.3594
vn -0.1322 -0.8913 0.4337
vn -0.1394 -0.9401 0.3112
vn -0.0216 -0.8796 0.4753
vn -0.0222 -0.9008 0.4336
vn -0.0432 -0.8787 0.4754
vn -0.0229 -0.9330 0.3593
vn -0.0234 -0.9501 0.3111
vn -0.1624 -0.9364 0.3111
vn -0.1595 -0.9195 0.3593
vn -0.1540 -0.8879 0.4336
vn -0.1291 -0.8702 0.4754
vn -0.1504 -0.8669 0.4753
vn -0.0862 -0.8755 0.4754
vn 0.1433 -0.9664 -0.2132
vn 0.1452 -0.9790 -0.1430
vn 0.0970 -0.9850 -0.1430
vn 0.0958 -0.9723 -0.2132
vn 0.1466 -0.9886 0.0334
vn 0.0980 -0.9946 0.0334
vn 0.0486 -0.9885 -0.1430
vn 0.0480 -0.9758 -0.2132
vn 0.0491 -0.9982 0.0334
vn 0.1665 -0.9601 -0.2246
vn 0.1670 -0.9626 -0.2131
vn 0.1429 -0.9639 -0.2247
vn 0.1692 -0.9752 -0.1430
vn 0.1708 -0.9847 0.0334
vn 0.1690 -0.9741 0.1506
vn 0.1450 -0.9779 0.1506
vn 0.0969 -0.9838 0.1506
vn 0.0485 -0.9874 0.1506
vn 0.0243 -0.9883 0.1506
vn 0.0246 -0.9991 0.0334
vn 0.0243 -0.9894 -0.1430
vn 0.0240 -0.9767 -0.2131
vn 0.0478 -0.9733 -0.2247
vn 0.0240 -0.9741 -0.2246
vn 0.0955 -0.9697 -0.2247
vn 0.1295 -0.8732 0.4699
vn 0.1218 -0.8215 0.5570
vn 0.0814 -0.8265 0.5570
vn 0.0865 -0.8785 0.4699
vn 0.1208 -0.8143 0.5677
vn 0.0807 -0.8193 0.5677
vn 0.0408 -0.8295 0.5570
vn 0.0433 -0.8817 0.4699
vn 0.0404 -0.8223 0.5677
vn 0.1565 -0.9019 0.4026
vn 0.1509 -0.8698 0.4698
vn 0.1343 -0.9054 0.4027
vn 0.1420 -0.8184 0.5569
vn 0.1407 -0.8112 0.5676
vn 0.1420 -0.8188 0.5563
vn 0.1219 -0.8219 0.5564
vn 0.0814 -0.8269 0.5564
vn 0.0408 -0.8299 0.5564
vn 0.0204 -0.8307 0.5563
vn 0.0202 -0.8231 0.5676
vn 0.0204 -0.8303 0.5569
vn 0.0217 -0.8825 0.4698
vn 0.0449 -0.9142 0.4027
vn 0.0225 -0.9151 0.4026
vn 0.0897 -0.9109 0.4027
vn 0.1322 -0.8913 0.4337
vn 0.1369 -0.9231 0.3594
vn 0.0915 -0.9287 0.3594
vn 0.0883 -0.8967 0.4337
vn 0.1394 -0.9401 0.3112
vn 0.0931 -0.9458 0.3112
vn 0.0458 -0.9321 0.3594
vn 0.0442 -0.9000 0.4337
vn 0.0467 -0.9492 0.3112
vn 0.1504 -0.8669 0.4753
vn 0.1540 -0.8879 0.4336
vn 0.1291 -0.8702 0.4754
vn 0.1595 -0.9195 0.3593
vn 0.1624 -0.9364 0.3111
vn 0.0234 -0.9501 0.3111
vn 0.0229 -0.9330 0.3593
vn 0.0222 -0.9008 0.4336
vn 0.0432 -0.8787 0.4754
vn 0.0216 -0.8796 0.4753
vn 0.0862 -0.8755 0.4754
vn 0.3291 -0.9199 -0.2132
vn 0.3334 -0.9319 -0.1430
vn 0.2873 -0.9471 -0.1430
vn 0.2836 -0.9349 -0.2132
vn 0.3367 -0.9410 0.0334
vn 0.2901 -0.9564 0.0334
vn 0.2405 -0.9600 -0.1430
vn 0.2374 -0.9477 -0.2132
vn 0.2429 -0.9695 0.0334
vn 0.3507 -0.9092 -0.2246
vn 0.3516 -0.9116 -0.2131
vn 0.3282 -0.9175 -0.2247
vn 0.3562 -0.9234 -0.1430
vn 0.3597 -0.9325 0.0334
vn 0.3558 -0.9224 0.1506
vn 0.3330 -0.9308 0.1506
vn 0.2870 -0.9460 0.1506
vn 0.2402 -0.9590 0.1506
vn 0.2166 -0.9646 0.1506
vn 0.2190 -0.9751 0.0334
vn 0.2169 -0.9657 -0.1430
vn 0.2141 -0.9533 -0.2131
vn 0.2368 -0.9452 -0.2247
vn 0.2135 -0.9508 -0.2246
vn 0.2829 -0.9325 -0.2247
vn 0.2974 -0.8311 0.4699
vn 0.2798 -0.7820 0.5570
vn 0.2411 -0.7947 0.5570
vn 0.2562 -0.8447 0.4699
vn 0.2773 -0.7751 0.5677
vn 0.2390 -0.7878 0.5677
vn 0.2018 -0.8056 0.5570
vn 0.2145 -0.8563 0.4699
vn 0.2001 -0.7986 0.5677
vn 0.3294 -0.8541 0.4026
vn 0.3177 -0.8237 0.4698
vn 0.3083 -0.8618 0.4027
vn 0.2989 -0.7749 0.5569
vn 0.2963 -0.7682 0.5676
vn 0.2990 -0.7753 0.5563
vn 0.2799 -0.7824 0.5564
vn 0.2412 -0.7951 0.5564
vn 0.2019 -0.8060 0.5564
vn 0.1821 -0.8108 0.5563
vn 0.1804 -0.8033 0.5676
vn 0.1820 -0.8104 0.5569
vn 0.1935 -0.8613 0.4698
vn 0.2224 -0.8879 0.4027
vn 0.2006 -0.8931 0.4026
vn 0.2657 -0.8759 0.4027
vn 0.3035 -0.8484 0.4337
vn 0.3144 -0.8787 0.3594
vn 0.2709 -0.8930 0.3594
vn 0.2616 -0.8623 0.4337
vn 0.3201 -0.8948 0.3112
vn 0.2759 -0.9094 0.3112
vn 0.2268 -0.9052 0.3594
vn 0.2190 -0.8741 0.4337
vn 0.2310 -0.9218 0.3112
vn 0.3166 -0.8209 0.4753
vn 0.3243 -0.8408 0.4336
vn 0.2964 -0.8283 0.4754
vn 0.3358 -0.8707 0.3593
vn 0.3420 -0.8867 0.3111
vn 0.2083 -0.9273 0.3111
vn 0.2045 -0.9105 0.3593
vn 0.1975 -0.8792 0.4336
vn 0.2138 -0.8534 0.4754
vn 0.1928 -0.8584 0.4753
vn 0.2554 -0.8419 0.4754
vn 0.5023 -0.8380 -0.2132
vn 0.5088 -0.8489 -0.1430
vn 0.4666 -0.8729 -0.1430
vn 0.4606 -0.8616 -0.2132
vn 0.5138 -0.8573 0.0334
vn 0.4711 -0.8814 0.0334
vn 0.4232 -0.8947 -0.1430
vn 0.4178 -0.8832 -0.2132
vn 0.4274 -0.9035 0.0334
vn 0.5213 -0.8233 -0.2246
vn 0.5227 -0.8255 -0.2131
vn 0.5009 -0.8358 -0.2247
vn 0.5295 -0.8362 -0.1430
vn 0.5347 -0.8444 0.0334
vn 0.5289 -0.8352 0.1506
vn 0.5082 -0.8480 0.1506
vn 0.4660 -0.8719 0.1506
vn 0.4227 -0.8937 0.1506
vn 0.4007 -0.9038 0.1506
vn 0.4051 -0.9137 0.0334
vn 0.4011 -0.9048 -0.1430
vn 0.3960 -0.8932 -0.2131
vn 0.4167 -0.8809 -0.2247
vn 0.3949 -0.8908 -0.2246
vn 0.4593 -0.8594 -0.2247
vn 0.4538 -0.7572 0.4699
vn 0.4269 -0.7124 0.5570
vn 0.3915 -0.7324 0.5570
vn 0.4161 -0.7785 0.4699
vn 0.4232 -0.7061 0.5677
vn 0.3881 -0.7260 0.5677
vn 0.3551 -0.7507 0.5570
vn 0.3775 -0.7980 0.4699
vn 0.3520 -0.7442 0.5677
vn 0.4897 -0.7734 0.4026
vn 0.4723 -0.7459 0.4698
vn 0.4706 -0.7851 0.4027
vn 0.4443 -0.7017 0.5569
vn 0.4404 -0.6956 0.5676
vn 0.4445 -0.7021 0.5563
vn 0.4271 -0.7127 0.5564
vn 0.3917 -0.7328 0.5564
vn 0.3553 -0.7511 0.5564
vn 0.3368 -0.7597 0.5563
vn 0.3337 -0.7527 0.5676
vn 0.3366 -0.7593 0.5569
vn 0.3578 -0.8070 0.4698
vn 0.3914 -0.8274 0.4027
vn 0.3710 -0.8368 0.4026
vn 0.4315 -0.8073 0.4027
vn 0.4632 -0.7729 0.4337
vn 0.4797 -0.8005 0.3594
vn 0.4399 -0.8230 0.3594
vn 0.4248 -0.7947 0.4337
vn 0.4885 -0.8152 0.3112
vn 0.4480 -0.8381 0.3112
vn 0.3990 -0.8436 0.3594
vn 0.3853 -0.8145 0.4337
vn 0.4063 -0.8591 0.3112
vn 0.4707 -0.7433 0.4753
vn 0.4821 -0.7613 0.4336
vn 0.4523 -0.7546 0.4754
vn 0.4992 -0.7885 0.3593
vn 0.5084 -0.8029 0.3111
vn 0.3852 -0.8688 0.3111
vn 0.3782 -0.8532 0.3593
vn 0.3652 -0.8238 0.4336
vn 0.3762 -0.7953 0.4754
vn 0.3566 -0.8043 0.4753
vn 0.4147 -0.7759 0.4754
vn 0.6561 -0.7239 -0.2132
vn 0.6646 -0.7334 -0.1430
vn 0.6279 -0.7651 -0.1430
vn 0.6198 -0.7552 -0.2132
vn 0.6711 -0.7406 0.0334
vn 0.6340 -0.7726 0.0334
vn 0.5896 -0.7949 -0.1430
vn 0.5820 -0.7847 -0.2132
vn 0.5954 -0.8027 0.0334
vn 0.6719 -0.7058 -0.2246
vn 0.6737 -0.7076 -0.2131
vn 0.6544 -0.7220 -0.2247
vn 0.6824 -0.7168 -0.1430
vn 0.6891 -0.7239 0.0334
vn 0.6816 -0.7160 0.1506
vn 0.6639 -0.7325 0.1506
vn 0.6271 -0.7642 0.1506
vn 0.5889 -0.7940 0.1506
vn 0.5693 -0.8082 0.1506
vn 0.5755 -0.8171 0.0334
vn 0.5699 -0.8092 -0.1430
vn 0.5626 -0.7988 -0.2131
vn 0.5805 -0.7826 -0.2247
vn 0.5611 -0.7967 -0.2246
vn 0.6182 -0.7532 -0.2247
vn 0.5928 -0.6541 0.4699
vn 0.5577 -0.6154 0.5570
vn 0.5269 -0.6420 0.5570
vn 0.5600 -0.6824 0.4699
vn 0.5528 -0.6100 0.5677
vn 0.5223 -0.6364 0.5677
vn 0.4947 -0.6670 0.5570
vn 0.5259 -0.7090 0.4699
vn 0.4904 -0.6612 0.5677
vn 0.6312 -0.6630 0.4026
vn 0.6087 -0.6394 0.4698
vn 0.6147 -0.6783 0.4027
vn 0.5727 -0.6016 0.5569
vn 0.5677 -0.5963 0.5676
vn 0.5730 -0.6019 0.5563
vn 0.5580 -0.6157 0.5564
vn 0.5271 -0.6423 0.5564
vn 0.4950 -0.6674 0.5564
vn 0.4785 -0.6794 0.5563
vn 0.4741 -0.6731 0.5676
vn 0.4783 -0.6790 0.5569
vn 0.5083 -0.7217 0.4698
vn 0.5453 -0.7352 0.4027
vn 0.5271 -0.7484 0.4026
vn 0.5807 -0.7076 0.4027
vn 0.6051 -0.6677 0.4337
vn 0.6267 -0.6915 0.3594
vn 0.5920 -0.7214 0.3594
vn 0.5716 -0.6965 0.4337
vn 0.6382 -0.7042 0.3112
vn 0.6029 -0.7346 0.3112
vn 0.5559 -0.7495 0.3594
vn 0.5368 -0.7237 0.4337
vn 0.5661 -0.7633 0.3112
vn 0.6066 -0.6372 0.4753
vn 0.6213 -0.6527 0.4336
vn 0.5908 -0.6519 0.4754
vn 0.6435 -0.6759 0.3593
vn 0.6553 -0.6883 0.3111
vn 0.5473 -0.7770 0.3111
vn 0.5374 -0.7630 0.3593
vn 0.5189 -0.7367 0.4336
vn 0.5241 -0.7066 0.4754
vn 0.5066 -0.7193 0.4753
vn 0.5581 -0.6801 0.4754
vn 0.7847 -0.5820 -0.2132
vn 0.7949 -0.5896 -0.1430
vn 0.7651 -0.6279 -0.1430
vn 0.7552 -0.6198 -0.2132
vn 0.8027 -0.5954 0.0334
vn 0.7726 -0.6340 0.0334
vn 0.7334 -0.6646 -0.1430
vn 0.7239 -0.6561 -0.2132
vn 0.7406 -0.6712 0.0334
vn 0.7967 -0.5611 -0.2246
vn 0.7988 -0.5626 -0.2131
vn 0.7826 -0.5805 -0.2247
vn 0.8092 -0.5699 -0.1430
vn 0.8171 -0.5755 0.0334
vn 0.8082 -0.5693 0.1506
vn 0.7940 -0.5889 0.1506
vn 0.7642 -0.6272 0.1506
vn 0.7325 -0.6639 0.1506
vn 0.7160 -0.6817 0.1506
vn 0.7239 -0.6891 0.0334
vn 0.7168 -0.6824 -0.1430
vn 0.7076 -0.6737 -0.2131
vn 0.7220 -0.6544 -0.2247
vn 0.7058 -0.6719 -0.2246
vn 0.7532 -0.6182 -0.2247
vn 0.7090 -0.5259 0.4699
vn 0.6670 -0.4947 0.5570
vn 0.6420 -0.5269 0.5570
vn 0.6824 -0.5600 0.4699
vn 0.6612 -0.4904 0.5677
vn 0.6364 -0.5223 0.5677
vn 0.6154 -0.5577 0.5570
vn 0.6541 -0.5928 0.4699
vn 0.6100 -0.5528 0.5677
vn 0.7484 -0.5271 0.4026
vn 0.7217 -0.5083 0.4698
vn 0.7352 -0.5453 0.4027
vn 0.6790 -0.4783 0.5569
vn 0.6731 -0.4741 0.5676
vn 0.6794 -0.4785 0.5563
vn 0.6674 -0.4950 0.5564
vn 0.6423 -0.5271 0.5564
vn 0.6157 -0.5580 0.5564
vn 0.6019 -0.5730 0.5563
vn 0.5963 -0.5677 0.5676
vn 0.6016 -0.5727 0.5569
vn 0.6394 -0.6087 0.4698
vn 0.6783 -0.6147 0.4027
vn 0.6630 -0.6312 0.4026
vn 0.7076 -0.5807 0.4027
vn 0.7237 -0.5368 0.4337
vn 0.7495 -0.5559 0.3594
vn 0.7214 -0.5920 0.3594
vn 0.6965 -0.5716 0.4337
vn 0.7633 -0.5661 0.3112
vn 0.7346 -0.6029 0.3112
vn 0.6915 -0.6267 0.3594
vn 0.6677 -0.6051 0.4337
vn 0.7042 -0.6382 0.3112
vn 0.7193 -0.5066 0.4753
vn 0.7367 -0.5189 0.4336
vn 0.7066 -0.5241 0.4754
vn 0.7630 -0.5374 0.3593
vn 0.7770 -0.5473 0.3111
vn 0.6883 -0.6553 0.3111
vn 0.6759 -0.6435 0.3593
vn 0.6527 -0.6213 0.4336
vn 0.6519 -0.5908 0.4754
vn 0.6372 -0.6066 0.4753
vn 0.6801 -0.5581 0.4754
vn 0.8832 -0.4178 -0.2132
vn 0.8947 -0.4232 -0.1430
vn 0.8729 -0.4665 -0.1430
vn 0.8616 -0.4606 -0.2132
vn 0.9035 -0.4274 0.0334
vn 0.8814 -0.4711 0.0334
vn 0.8489 -0.5088 -0.1430
vn 0.8380 -0.5022 -0.2132
vn 0.8573 -0.5138 0.0334
vn 0.8908 -0.3949 -0.2246
vn 0.8932 -0.3960 -0.2131
vn 0.8809 -0.4167 -0.2247
vn 0.9048 -0.4011 -0.1430
vn 0.9137 -0.4051 0.0334
vn 0.9038 -0.4007 0.1506
vn 0.8937 -0.4227 0.1506
vn 0.8719 -0.4660 0.1506
vn 0.8480 -0.5082 0.1506
vn 0.8353 -0.5289 0.1506
vn 0.8444 -0.5347 0.0334
vn 0.8362 -0.5295 -0.1430
vn 0.8255 -0.5227 -0.2131
vn 0.8358 -0.5009 -0.2247
vn 0.8233 -0.5213 -0.2246
vn 0.8594 -0.4593 -0.2247
vn 0.7980 -0.3774 0.4699
vn 0.7507 -0.3551 0.5570
vn 0.7324 -0.3915 0.5570
vn 0.7785 -0.4161 0.4699
vn 0.7442 -0.3520 0.5677
vn 0.7260 -0.3881 0.5677
vn 0.7124 -0.4269 0.5570
vn 0.7572 -0.4538 0.4699
vn 0.7061 -0.4232 0.5677
vn 0.8368 -0.3710 0.4026
vn 0.8070 -0.3578 0.4698
vn 0.8275 -0.3914 0.4027
vn 0.7593 -0.3366 0.5569
vn 0.7527 -0.3337 0.5676
vn 0.7597 -0.3368 0.5563
vn 0.7511 -0.3553 0.5564
vn 0.7328 -0.3917 0.5564
vn 0.7127 -0.4271 0.5564
vn 0.7021 -0.4445 0.5563
vn 0.6956 -0.4404 0.5676
vn 0.7017 -0.4443 0.5569
vn 0.7459 -0.4723 0.4698
vn 0.7851 -0.4705 0.4027
vn 0.7734 -0.4897 0.4026
vn 0.8073 -0.4315 0.4027
vn 0.8145 -0.3853 0.4337
vn 0.8436 -0.3990 0.3594
vn 0.8230 -0.4399 0.3594
vn 0.7947 -0.4248 0.4337
vn 0.8591 -0.4063 0.3112
vn 0.8381 -0.4480 0.3112
vn 0.8005 -0.4797 0.3594
vn 0.7729 -0.4632 0.4337
vn 0.8152 -0.4885 0.3112
vn 0.8043 -0.3566 0.4753
vn 0.8238 -0.3652 0.4336
vn 0.7953 -0.3762 0.4754
vn 0.8532 -0.3782 0.3593
vn 0.8688 -0.3852 0.3111
vn 0.8029 -0.5084 0.3111
vn 0.7885 -0.4992 0.3593
vn 0.7613 -0.4821 0.4336
vn 0.7546 -0.4523 0.4754
vn 0.7433 -0.4707 0.4753
vn 0.7759 -0.4147 0.4754
vn 0.9477 -0.2374 -0.2132
vn 0.9600 -0.2405 -0.1430
vn 0.9471 -0.2873 -0.1430
vn 0.9349 -0.2836 -0.2132
vn 0.9695 -0.2429 0.0334
vn 0.9564 -0.2901 0.0334
vn 0.9319 -0.3334 -0.1430
vn 0.9199 -0.3291 -0.2132
vn 0.9410 -0.3367 0.0334
vn 0.9508 -0.2135 -0.2246
vn 0.9533 -0.2141 -0.2131
vn 0.9452 -0.2368 -0.2247
vn 0.9657 -0.2169 -0.1430
vn 0.9751 -0.2190 0.0334
vn 0.9646 -0.2167 0.1506
vn 0.9590 -0.2403 0.1506
vn 0.9460 -0.2870 0.1506
vn 0.9308 -0.3330 0.1506
vn 0.9224 -0.3558 0.1506
vn 0.9325 -0.3597 0.0334
vn 0.9234 -0.3562 -0.1430
vn 0.9116 -0.3516 -0.2131
vn 0.9175 -0.3282 -0.2247
vn 0.9092 -0.3507 -0.2246
vn 0.9325 -0.2829 -0.2247
vn 0.8563 -0.2145 0.4699
vn 0.8056 -0.2018 0.5570
vn 0.7947 -0.2411 0.5570
vn 0.8447 -0.2562 0.4699
vn 0.7986 -0.2001 0.5677
vn 0.7878 -0.2390 0.5677
vn 0.7820 -0.2798 0.5570
vn 0.8311 -0.2974 0.4699
vn 0.7751 -0.2773 0.5677
vn 0.8931 -0.2006 0.4026
vn 0.8613 -0.1935 0.4698
vn 0.8879 -0.2225 0.4027
vn 0.8104 -0.1820 0.5569
vn 0.8033 -0.1804 0.5676
vn 0.8108 -0.1821 0.5563
vn 0.8060 -0.2019 0.5564
vn 0.7951 -0.2412 0.5564
vn 0.7824 -0.2799 0.5564
vn 0.7753 -0.2990 0.5563
vn 0.7682 -0.2963 0.5676
vn 0.7749 -0.2989 0.5569
vn 0.8237 -0.3177 0.4698
vn 0.8619 -0.3083 0.4027
vn 0.8541 -0.3294 0.4026
vn 0.8759 -0.2657 0.4027
vn 0.8741 -0.2190 0.4337
vn 0.9052 -0.2268 0.3594
vn 0.8930 -0.2709 0.3594
vn 0.8623 -0.2616 0.4337
vn 0.9218 -0.2310 0.3112
vn 0.9094 -0.2759 0.3112
vn 0.8787 -0.3144 0.3594
vn 0.8484 -0.3035 0.4337
vn 0.8948 -0.3201 0.3112
vn 0.8584 -0.1928 0.4753
vn 0.8792 -0.1975 0.4336
vn 0.8534 -0.2138 0.4754
vn 0.9105 -0.2045 0.3593
vn 0.9273 -0.2083 0.3111
vn 0.8867 -0.3420 0.3111
vn 0.8707 -0.3358 0.3593
vn 0.8408 -0.3243 0.4336
vn 0.8283 -0.2964 0.4754
vn 0.8209 -0.3166 0.4753
vn 0.8419 -0.2554 0.4754
vn 0.9758 -0.0480 -0.2132
vn 0.9885 -0.0486 -0.1430
vn 0.9850 -0.0970 -0.1430
vn 0.9723 -0.0958 -0.2132
vn 0.9982 -0.0491 0.0334
vn 0.9946 -0.0980 0.0334
vn 0.9790 -0.1452 -0.1430
vn 0.9664 -0.1433 -0.2132
vn 0.9886 -0.1466 0.0334
vn 0.9741 -0.0240 -0.2246
vn 0.9767 -0.0240 -0.2131
vn 0.9732 -0.0479 -0.2247
vn 0.9894 -0.0243 -0.1430
vn 0.9991 -0.0246 0.0334
vn 0.9883 -0.0243 0.1506
vn 0.9874 -0.0485 0.1506
vn 0.9838 -0.0969 0.1506
vn 0.9779 -0.1450 0.1506
vn 0.9741 -0.1690 0.1506
vn 0.9847 -0.1708 0.0334
vn 0.9752 -0.1692 -0.1430
vn 0.9626 -0.1670 -0.2131
vn 0.9639 -0.1429 -0.2247
vn 0.9601 -0.1666 -0.2246
vn 0.9697 -0.0955 -0.2247
vn 0.8817 -0.0433 0.4699
vn 0.8295 -0.0408 0.5570
vn 0.8265 -0.0814 0.5570
vn 0.8785 -0.0865 0.4699
vn 0.8223 -0.0404 0.5677
vn 0.8193 -0.0807 0.5677
vn 0.8215 -0.1218 0.5570
vn 0.8732 -0.1295 0.4699
vn 0.8143 -0.1208 0.5677
vn 0.9151 -0.0225 0.4026
vn 0.8825 -0.0217 0.4698
vn 0.9142 -0.0450 0.4027
vn 0.8303 -0.0204 0.5569
vn 0.8231 -0.0202 0.5676
vn 0.8307 -0.0204 0.5563
vn 0.8299 -0.0408 0.5564
vn 0.8269 -0.0814 0.5564
vn 0.8219 -0.1219 0.5564
vn 0.8188 -0.1420 0.5563
vn 0.8112 -0.1407 0.5676
vn 0.8184 -0.1420 0.5569
vn 0.8698 -0.1509 0.4698
vn 0.9054 -0.1343 0.4027
vn 0.9019 -0.1565 0.4026
vn 0.9109 -0.0897 0.4027
vn 0.9000 -0.0442 0.4337
vn 0.9321 -0.0458 0.3594
vn 0.9287 -0.0915 0.3594
vn 0.8967 -0.0883 0.4337
vn 0.9492 -0.0467 0.3112
vn 0.9458 -0.0931 0.3112
vn 0.9231 -0.1369 0.3594
vn 0.8913 -0.1322 0.4337
vn 0.9401 -0.1394 0.3112
vn 0.8796 -0.0216 0.4753
vn 0.9008 -0.0222 0.4336
vn 0.8787 -0.0432 0.4754
vn 0.9330 -0.0229 0.3593
vn 0.9501 -0.0234 0.3111
vn 0.9364 -0.1624 0.3111
vn 0.9195 -0.1595 0.3593
vn 0.8879 -0.1540 0.4336
vn 0.8702 -0.1291 0.4754
vn 0.8669 -0.1504 0.4753
vn 0.8755 -0.0862 0.4754
vn 0.9664 0.1433 -0.2132
vn 0.9790 0.1452 -0.1430
vn 0.9850 0.0970 -0.1430
vn 0.9723 0.0958 -0.2132
vn 0.9886 0.1466 0.0334
vn 0.9946 0.0980 0.0334
vn 0.9885 0.0486 -0.1430
vn 0.9758 0.0480 -0.2132
vn 0.9982 0.0491 0.0334
vn 0.9601 0.1666 -0.2246
vn 0.9626 0.1670 -0.2131
vn 0.9639 0.1429 -0.2247
vn 0.9752 0.1692 -0.1430
vn 0.9847 0.1708 0.0334
vn 0.9741 0.1690 0.1506
vn 0.9779 0.1450 0.1506
vn 0.9838 0.0969 0.1506
vn 0.9874 0.0486 0.1506
vn 0.9883 0.0243 0.1506
vn 0.9991 0.0246 0.0334
vn 0.9894 0.0243 -0.1430
vn 0.9767 0.0240 -0.2131
vn 0.9732 0.0479 -0.2247
vn 0.9741 0.0240 -0.2246
vn 0.9697 0.0955 -0.2247
vn 0.8732 0.1295 0.4699
vn 0.8215 0.1218 0.5570
vn 0.8265 0.0814 0.5570
vn 0.8785 0.0865 0.4699
vn 0.8143 0.1208 0.5677
vn 0.8193 0.0807 0.5677
vn 0.8295 0.0408 0.5570
vn 0.8817 0.0434 0.4699
vn 0.8223 0.0404 0.5677
vn 0.9019 0.1565 0.4026
vn 0.8698 0.1509 0.4698
vn 0.9054 0.1343 0.4027
vn 0.8184 0.1420 0.5569
vn 0.8112 0.1407 0.5676
vn 0.8188 0.1420 0.5563
vn 0.8219 0.1219 0.5564
vn 0.8269 0.0814 0.5564
vn 0.8299 0.0408 0.5564
vn 0.8307 0.0204 0.5563
vn 0.8231 0.0202 0.5676
vn 0.8303 0.0204 0.5569
vn 0.8825 0.0217 0.4698
vn 0.9142 0.0450 0.4027
vn 0.9151 0.0225 0.4026
vn 0.9109 0.0897 0.4027
vn 0.8913 0.1322 0.4337
vn 0.9231 0.1369 0.3594
vn 0.9287 0.0915 0.3594
vn 0.8967 0.0883 0.4337
vn 0.9401 0.1394 0.3112
vn 0.9458 0.0931 0.3112
vn 0.9321 0.0458 0.3594
vn 0.9000 0.0442 0.4337
vn 0.9492 0.0467 0.3112
vn 0.8669 0.1504 0.4753
vn 0.8879 0.1540 0.4336
vn 0.8702 0.1291 0.4754
vn 0.9195 0.1595 0.3593
vn 0.9364 0.1624 0.3111
vn 0.9501 0.0234 0.3111
vn 0.9330 0.0229 0.3593
vn 0.9008 0.0222 0.4336
vn 0.8787 0.0432 0.4754
vn 0.8796 0.0216 0.4753
vn 0.8755 0.0862 0.4754
vn 0.9199 0.3291 -0.2132
vn 0.9319 0.3334 -0.1430
vn 0.9471 0.2873 -0.1430
vn 0.9349 0.2836 -0.2132
vn 0.9410 0.3367 0.0334
vn 0.9564 0.2901 0.0334
vn 0.9600 0.2405 -0.1430
vn 0.9477 0.2374 -0.2132
vn 0.9695 0.2429 0.0334
vn 0.9092 0.3507 -0.2246
vn 0.9116 0.3516 -0.2131
vn 0.9175 0.3282 -0.2247
vn 0.9234 0.3562 -0.1430
vn 0.9325 0.3597 0.0334
vn 0.9224 0.3558 0.1506
vn 0.9308 0.3330 0.1506
vn 0.9460 0.2870 0.1506
vn 0.9590 0.2403 0.1506
vn 0.9646 0.2167 0.1506
vn 0.9751 0.2190 0.0334
vn 0.9657 0.2169 -0.1430
vn 0.9533 0.2141 -0.2131
vn 0.9452 0.2368 -0.2247
vn 0.9508 0.2135 -0.2246
vn 0.9325 0.2829 -0.2247
vn 0.8311 0.2974 0.4699
vn 0.7820 0.2798 0.5570
vn 0.7947 0.2411 0.5570
vn 0.8447 0.2563 0.4699
vn 0.7751 0.2773 0.5677
vn 0.7878 0.2390 0.5677
vn 0.8056 0.2018 0.5570
vn 0.8563 0.2145 0.4699
vn 0.7986 0.2001 0.5677
vn 0.8541 0.3294 0.4026
vn 0.8237 0.3177 0.4698
vn 0.8619 0.3083 0.4027
vn 0.7749 0.2989 0.5569
vn 0.7682 0.2963 0.5676
vn 0.7753 0.2990 0.5563
vn 0.7824 0.2799 0.5564
vn 0.7951 0.2412 0.5564
vn 0.8060 0.2019 0.5564
vn 0.8108 0.1821 0.5563
vn 0.8033 0.1804 0.5676
vn 0.8104 0.1820 0.5569
vn 0.8613 0.1935 0.4698
vn 0.8879 0.2225 0.4027
vn 0.8931 0.2006 0.4026
vn 0.8759 0.2657 0.4027
vn 0.8484 0.3035 0.4337
vn 0.8787 0.3144 0.3594
vn 0.8930 0.2709 0.3594
vn 0.8623 0.2616 0.4337
vn 0.8948 0.3201 0.3112
vn 0.9094 0.2759 0.3112
vn 0.9052 0.2268 0.3594
vn 0.8741 0.2190 0.4337
vn 0.9218 0.2310 0.3112
vn 0.8209 0.3166 0.4753
vn 0.8408 0.3243 0.4336
vn 0.8283 0.2964 0.4754
vn 0.8707 0.3358 0.3593
vn 0.8867 0.3420 0.3111
vn 0.9273 0.2083 0.3111
vn 0.9105 0.2045 0.3593
vn 0.8792 0.1975 0.4336
vn 0.8534 0.2138 0.4754
vn 0.8584 0.1928 0.4753
vn 0.8419 0.2554 0.4754
vn 0.8380 0.5022 -0.2132
vn 0.8489 0.5088 -0.1430
vn 0.8729 0.4666 -0.1430
vn 0.8616 0.4606 -0.2132
vn 0.8573 0.5138 0.0334
vn 0.8814 0.4711 0.0334
vn 0.8947 0.4232 -0.1430
vn 0.8832 0.4178 -0.2132
vn 0.9035 0.4274 0.0334
vn 0.8233 0.5213 -0.2246
vn 0.8255 0.5227 -0.2131
vn 0.8358 0.5009 -0.2247
vn 0.8362 0.5295 -0.1430
vn 0.8444 0.5347 0.0334
vn 0.8352 0.5289 0.1506
vn 0.8480 0.5082 0.1506
vn 0.8719 0.4660 0.1506
vn 0.8937 0.4227 0.1506
vn 0.9038 0.4007 0.1506
vn 0.9137 0.4051 0.0334
vn 0.9048 0.4011 -0.1430
vn 0.8932 0.3960 -0.2131
vn 0.8809 0.4167 -0.2247
vn 0.8908 0.3949 -0.2246
vn 0.8594 0.4593 -0.2247
vn 0.7572 0.4538 0.4699
vn 0.7124 0.4269 0.5570
vn 0.7324 0.3915 0.5570
vn 0.7785 0.4161 0.4699
vn 0.7061 0.4232 0.5677
vn 0.7260 0.3881 0.5677
vn 0.7507 0.3551 0.5570
vn 0.7980 0.3775 0.4699
vn 0.7442 0.3520 0.5677
vn 0.7734 0.4897 0.4026
vn 0.7459 0.4723 0.4698
vn 0.7851 0.4706 0.4027
vn 0.7017 0.4443 0.5569
vn 0.6956 0.4404 0.5676
vn 0.7021 0.4445 0.5563
vn 0.7127 0.4271 0.5564
vn 0.7328 0.3917 0.5564
vn 0.7511 0.3553 0.5564
vn 0.7597 0.3368 0.5563
vn 0.7527 0.3337 0.5676
vn 0.7593 0.3366 0.5569
vn 0.8070 0.3578 0.4698
vn 0.8274 0.3914 0.4027
vn 0.8368 0.3710 0.4026
vn 0.8073 0.4315 0.4027
vn 0.7729 0.4632 0.4337
vn 0.8005 0.4797 0.3594
vn 0.8230 0.4399 0.3594
vn 0.7947 0.4248 0.4337
vn 0.8152 0.4885 0.3112
vn 0.8381 0.4480 0.3112
vn 0.8436 0.3990 0.3594
vn 0.8145 0.3853 0.4337
vn 0.8591 0.4063 0.3112
vn 0.7433 0.4707 0.4753
vn 0.7613 0.4821 0.4336
vn 0.7546 0.4523 0.4754
vn 0.7885 0.4992 0.3593
vn 0.8029 0.5084 0.3111
vn 0.8688 0.3852 0.3111
vn 0.8532 0.3782 0.3593
vn 0.8238 0.3652 0.4336
vn 0.7953 0.3762 0.4754
vn 0.8043 0.3566 0.4753
vn 0.7759 0.4147 0.4754
vn 0.7239 0.6561 -0.2132
vn 0.7334 0.6646 -0.1430
vn 0.7651 0.6279 -0.1430
vn 0.7552 0.6198 -0.2132
vn 0.7406 0.6712 0.0334
vn 0.7726 0.6340 0.0334
vn 0.7949 0.5896 -0.1430
vn 0.7847 0.5820 -0.2132
vn 0.8027 0.5954 0.0334
vn 0.7058 0.6719 -0.2246
vn 0.7076 0.6737 -0.2131
vn 0.7220 0.6544 -0.2247
vn 0.7168 0.6824 -0.1430
vn 0.7239 0.6891 0.0334
vn 0.7160 0.6816 0.1506
vn 0.7325 0.6639 0.1506
vn 0.7642 0.6272 0.1506
vn 0.7940 0.5889 0.1506
vn 0.8082 0.5693 0.1506
vn 0.8171 0.5755 0.0334
vn 0.8092 0.5699 -0.1430
vn 0.7988 0.5626 -0.2131
vn 0.7826 0.5805 -0.2247
vn 0.7967 0.5611 -0.2246
vn 0.7532 0.6182 -0.2247
vn 0.6541 0.5928 0.4699
vn 0.6154 0.5577 0.5570
vn 0.6420 0.5269 0.5570
vn 0.6824 0.5600 0.4699
vn 0.6100 0.5528 0.5677
vn 0.6364 0.5223 0.5677
vn 0.6670 0.4948 0.5570
vn 0.7090 0.5259 0.4699
vn 0.6612 0.4904 0.5677
vn 0.6630 0.6312 0.4026
vn 0.6394 0.6087 0.4698
vn 0.6783 0.6147 0.4027
vn 0.6016 0.5727 0.5569
vn 0.5963 0.5677 0.5676
vn 0.6019 0.5730 0.5563
vn 0.6157 0.5580 0.5564
vn 0.6423 0.5271 0.5564
vn 0.6674 0.4950 0.5564
vn 0.6794 0.4785 0.5563
vn 0.6731 0.4741 0.5676
vn 0.6790 0.4783 0.5569
vn 0.7217 0.5083 0.4698
vn 0.7352 0.5453 0.4027
vn 0.7484 0.5271 0.4026
vn 0.7076 0.5807 0.4027
vn 0.6677 0.6051 0.4337
vn 0.6915 0.6267 0.3594
vn 0.7214 0.5920 0.3594
vn 0.6965 0.5716 0.4337
vn 0.7042 0.6382 0.3112
vn 0.7346 0.6029 0.3112
vn 0.7495 0.5559 0.3594
vn 0.7237 0.5368 0.4337
vn 0.7633 0.5661 0.3112
vn 0.6372 0.6066 0.4753
vn 0.6527 0.6213 0.4336
vn 0.6519 0.5908 0.4754
vn 0.6759 0.6435 0.3593
vn 0.6883 0.6553 0.3111
vn 0.7770 0.5473 0.3111
vn 0.7630 0.5374 0.3593
vn 0.7367 0.5189 0.4336
vn 0.7066 0.5241 0.4754
vn 0.7193 0.5066 0.4753
vn 0.6801 0.5581 0.4754
vn 0.5820 0.7847 -0.2132
vn 0.5896 0.7949 -0.1430
vn 0.6279 0.7651 -0.1430
vn 0.6198 0.7552 -0.2132
vn 0.5954 0.8027 0.0334
vn 0.6340 0.7726 0.0334
vn 0.6646 0.7334 -0.1430
vn 0.6561 0.7239 -0.2132
vn 0.6712 0.7406 0.0334
vn 0.5611 0.7967 -0.2246
vn 0.5626 0.7988 -0.2131
vn 0.5805 0.7826 -0.2247
vn 0.5699 0.8092 -0.1430
vn 0.5755 0.8171 0.0334
vn 0.5693 0.8082 0.1506
vn 0.5889 0.7940 0.1506
vn 0.6272 0.7642 0.1506
vn 0.6639 0.7325 0.1506
vn 0.6816 0.7160 0.1506
vn 0.6891 0.7239 0.0334
vn 0.6824 0.7168 -0.1430
vn 0.6737 0.7076 -0.2131
vn 0.6544 0.7220 -0.2247
vn 0.6719 0.7058 -0.2246
vn 0.6182 0.7532 -0.2247
vn 0.5259 0.7090 0.4699
vn 0.4948 0.6670 0.5570
vn 0.5269 0.6420 0.5570
vn 0.5600 0.6824 0.4699
vn 0.4904 0.6612 0.5677
vn 0.5223 0.6364 0.5677
vn 0.5577 0.6154 0.5570
vn 0.5928 0.6541 0.4699
vn 0.5528 0.6100 0.5677
vn 0.5271 0.7484 0.4026
vn 0.5084 0.7217 0.4698
vn 0.5453 0.7352 0.4027
vn 0.4783 0.6790 0.5569
vn 0.4741 0.6731 0.5676
vn 0.4785 0.6794 0.5563
vn 0.4950 0.6674 0.5564
vn 0.5271 0.6423 0.5564
vn 0.5580 0.6157 0.5564
vn 0.5730 0.6019 0.5563
vn 0.5677 0.5963 0.5676
vn 0.5727 0.6016 0.5569
vn 0.6087 0.6394 0.4698
vn 0.6147 0.6783 0.4027
vn 0.6312 0.6630 0.4026
vn 0.5807 0.7076 0.4027
vn 0.5368 0.7237 0.4337
vn 0.5559 0.7495 0.3594
vn 0.5920 0.7214 0.3594
vn 0.5716 0.6965 0.4337
vn 0.5661 0.7633 0.3112
vn 0.6029 0.7346 0.3112
vn 0.6267 0.6915 0.3594
vn 0.6051 0.6677 0.4337
vn 0.6382 0.7042 0.3112
vn 0.5066 0.7193 0.4753
vn 0.5189 0.7367 0.4336
vn 0.5241 0.7066 0.4754
vn 0.5374 0.7630 0.3593
vn 0.5473 0.7770 0.3111
vn 0.6553 0.6883 0.3111
vn 0.6435 0.6759 0.3593
vn 0.6213 0.6527 0.4336
vn 0.5908 0.6519 0.4754
vn 0.6066 0.6372 0.4753
vn 0.5581 0.6801 0.4754
vn 0.4178 0.8832 -0.2132
vn 0.4232 0.8947 -0.1430
vn 0.4666 0.8729 -0.1430
vn 0.4606 0.8616 -0.2132
vn 0.4274 0.9035 0.0334
vn 0.4711 0.8814 0.0334
vn 0.5088 0.8489 -0.1430
vn 0.5023 0.8380 -0.2132
vn 0.5138 0.8573 0.0334
vn 0.3949 0.8908 -0.2246
vn 0.3960 0.8932 -0.2131
vn 0.4167 0.8809 -0.2247
vn 0.4011 0.9048 -0.1430
vn 0.4051 0.9137 0.0334
vn 0.4007 0.9038 0.1506
vn 0.4227 0.8937 0.1506
vn 0.4660 0.8719 0.1506
vn 0.5082 0.8480 0.1506
vn 0.5289 0.8352 0.1506
vn 0.5347 0.8444 0.0334
vn 0.5295 0.8362 -0.1430
vn 0.5227 0.8255 -0.2131
vn 0.5009 0.8358 -0.2247
vn 0.5213 0.8233 -0.2246
vn 0.4593 0.8594 -0.2247
vn 0.3775 0.7980 0.4699
vn 0.3551 0.7507 0.5570
vn 0.3915 0.7324 0.5570
vn 0.4161 0.7785 0.4699
vn 0.3520 0.7442 0.5677
vn 0.3881 0.7260 0.5677
vn 0.4269 0.7124 0.5570
vn 0.4538 0.7572 0.4699
vn 0.4232 0.7061 0.5677
vn 0.3710 0.8368 0.4026
vn 0.3578 0.8070 0.4698
vn 0.3914 0.8274 0.4027
vn 0.3366 0.7593 0.5569
vn 0.3337 0.7527 0.5676
vn 0.3368 0.7597 0.5563
vn 0.3553 0.7511 0.5564
vn 0.3917 0.7328 0.5564
vn 0.4272 0.7127 0.5564
vn 0.4446 0.7021 0.5563
vn 0.4404 0.6956 0.5676
vn 0.4443 0.7017 0.5569
vn 0.4723 0.7459 0.4698
vn 0.4706 0.7851 0.4027
vn 0.4897 0.7734 0.4026
vn 0.4315 0.8073 0.4027
vn 0.3853 0.8145 0.4337
vn 0.3990 0.8436 0.3594
vn 0.4399 0.8230 0.3594
vn 0.4248 0.7947 0.4337
vn 0.4064 0.8591 0.3112
vn 0.4480 0.8381 0.3112
vn 0.4797 0.8005 0.3594
vn 0.4632 0.7729 0.4337
vn 0.4885 0.8152 0.3112
vn 0.3566 0.8043 0.4753
vn 0.3652 0.8238 0.4336
vn 0.3762 0.7953 0.4754
vn 0.3782 0.8532 0.3593
vn 0.3852 0.8688 0.3111
vn 0.5084 0.8029 0.3111
vn 0.4992 0.7885 0.3593
vn 0.4821 0.7613 0.4336
vn 0.4523 0.7546 0.4754
vn 0.4707 0.7433 0.4753
vn 0.4147 0.7759 0.4754
vn 0.2374 0.9477 -0.2132
vn 0.2405 0.9600 -0.1430
vn 0.2873 0.9471 -0.1430
vn 0.2836 0.9349 -0.2132
vn 0.2429 0.9695 0.0334
vn 0.2901 0.9564 0.0334
vn 0.3334 0.9319 -0.1430
vn 0.3291 0.9199 -0.2132
vn 0.3367 0.9410 0.0334
vn 0.2135 0.9508 -0.2246
vn 0.2141 0.9533 -0.2131
vn 0.2368 0.9452 -0.2247
vn 0.2169 0.9657 -0.1430
vn 0.2190 0.9751 0.0334
vn 0.2166 0.9646 0.1506
vn 0.2402 0.9590 0.1506
vn 0.2870 0.9460 0.1506
vn 0.3330 0.9308 0.1506
vn 0.3558 0.9224 0.1506
vn 0.3597 0.9325 0.0334
vn 0.3562 0.9234 -0.1430
vn 0.3516 0.9116 -0.2131
vn 0.3282 0.9175 -0.2247
vn 0.3507 0.9092 -0.2246
vn 0.2829 0.9325 -0.2247
vn 0.2145 0.8563 0.4699
vn 0.2018 0.8056 0.5570
vn 0.2411 0.7947 0.5570
vn 0.2562 0.8447 0.4699
vn 0.2001 0.7986 0.5677
vn 0.2390 0.7878 0.5677
vn 0.2798 0.7820 0.5570
vn 0.2974 0.8311 0.4699
vn 0.2773 0.7751 0.5677
vn 0.2006 0.8931 0.4026
vn 0.1935 0.8613 0.4698
vn 0.2224 0.8879 0.4027
vn 0.1820 0.8104 0.5569
vn 0.1804 0.8033 0.5676
vn 0.1821 0.8108 0.5563
vn 0.2019 0.8060 0.5564
vn 0.2412 0.7951 0.5564
vn 0.2799 0.7824 0.5564
vn 0.2990 0.7753 0.5563
vn 0.2963 0.7682 0.5676
vn 0.2989 0.7749 0.5569
vn 0.3177 0.8237 0.4698
vn 0.3083 0.8619 0.4027
vn 0.3294 0.8541 0.4026
vn 0.2657 0.8759 0.4027
vn 0.2190 0.8741 0.4337
vn 0.2268 0.9052 0.3594
vn 0.2709 0.8930 0.3594
vn 0.2616 0.8623 0.4337
vn 0.2310 0.9218 0.3112
vn 0.2759 0.9094 0.3112
vn 0.3144 0.8787 0.3594
vn 0.3035 0.8484 0.4337
vn 0.3201 0.8948 0.3112
vn 0.1928 0.8584 0.4753
vn 0.1975 0.8792 0.4336
vn 0.2138 0.8534 0.4754
vn 0.2045 0.9105 0.3593
vn 0.2083 0.9273 0.3112
vn 0.3420 0.8867 0.3111
vn 0.3358 0.8707 0.3593
vn 0.3243 0.8408 0.4336
vn 0.2964 0.8283 0.4754
vn 0.3166 0.8209 0.4753
vn 0.2554 0.8419 0.4754
vn 0.0480 0.9758 -0.2132
vn 0.0486 0.9885 -0.1430
vn 0.0970 0.9850 -0.1430
vn 0.0958 0.9723 -0.2132
vn 0.0491 0.9982 0.0334
vn 0.0980 0.9946 0.0334
vn 0.1452 0.9790 -0.1430
vn 0.1433 0.9664 -0.2132
vn 0.1466 0.9886 0.0334
vn 0.0240 0.9741 -0.2246
vn 0.0240 0.9767 -0.2131
vn 0.0478 0.9733 -0.2247
vn 0.0243 0.9894 -0.1430
vn 0.0246 0.9991 0.0334
vn 0.0243 0.9883 0.1506
vn 0.0485 0.9874 0.1506
vn 0.0969 0.9838 0.1506
vn 0.1450 0.9779 0.1506
vn 0.1690 0.9741 0.1506
vn 0.1708 0.9847 0.0334
vn 0.1692 0.9752 -0.1430
vn 0.1670 0.9626 -0.2131
vn 0.1429 0.9639 -0.2247
vn 0.1665 0.9601 -0.2246
vn 0.0955 0.9697 -0.2247
vn 0.0433 0.8817 0.4699
vn 0.0408 0.8295 0.5570
vn 0.0814 0.8265 0.5570
vn 0.0865 0.8785 0.4699
vn 0.0404 0.8223 0.5677
vn 0.0807 0.8193 0.5677
vn 0.1218 0.8215 0.5570
vn 0.1295 0.8732 0.4699
vn 0.1208 0.8143 0.5677
vn 0.0225 0.9151 0.4026
vn 0.0217 0.8825 0.4698
vn 0.0449 0.9142 0.4027
vn 0.0204 0.8303 0.5569
vn 0.0202 0.8231 0.5676
vn 0.0204 0.8307 0.5563
vn 0.0408 0.8299 0.5564
vn 0.0814 0.8269 0.5564
vn 0.1219 0.8219 0.5564
vn 0.1420 0.8188 0.5563
vn 0.1407 0.8112 0.5676
vn 0.1420 0.8184 0.5569
vn 0.1509 0.8698 0.4698
vn 0.1343 0.9054 0.4027
vn 0.1565 0.9019 0.4026
vn 0.0897 0.9109 0.4027
vn 0.0442 0.9000 0.4337
vn 0.0458 0.9321 0.3594
vn 0.0915 0.9287 0.3594
vn 0.0883 0.8967 0.4337
vn 0.0467 0.9492 0.3112
vn 0.0931 0.9458 0.3112
vn 0.1369 0.9231 0.3594
vn 0.1322 0.8913 0.4337
vn 0.1394 0.9401 0.3112
vn 0.0216 0.8796 0.4753
vn 0.0222 0.9008 0.4336
vn 0.0432 0.8787 0.4754
vn 0.0229 0.9330 0.3593
vn 0.0234 0.9501 0.3112
vn 0.1624 0.9364 0.3112
vn 0.1595 0.9195 0.3593
vn 0.1540 0.8879 0.4336
vn 0.1291 0.8702 0.4754
vn 0.1504 0.8669 0.4753
vn 0.0862 0.8755 0.4754
vt 0.742133 0.078835
vt 0.742188 0.093967
vt 0.734375 0.094039
vt 0.734375 0.079102
vt 0.742188 0.109402
vt 0.734375 0.109411
vt 0.726563 0.093967
vt 0.726617 0.078835
vt 0.726563 0.109402
vt 0.750000 0.062500
vt 0.750000 0.078523
vt 0.741645 0.064100
vt 0.750000 0.093895
vt 0.750000 0.109393
vt 0.750000 0.125000
vt 0.742188 0.125000
vt 0.734375 0.125000
vt 0.726563 0.125000
vt 0.718750 0.125000
vt 0.718750 0.109393
vt 0.718750 0.093895
vt 0.718750 0.078523
vt 0.727105 0.064100
vt 0.718750 0.062500
vt 0.734375 0.064815
vt 0.734375 0.026235
vt 0.737752 0.037388
vt 0.734375 0.042101
vt 0.730998 0.037388
vt 0.740126 0.050083
vt 0.734375 0.051670
vt 0.737752 0.037388
vt 0.728624 0.050083
vt 0.730998 0.037388
vt 0.734375 0.051670
vt 0.734375 0.000000
vt 0.738281 0.015625
vt 0.730469 0.015625
vt 0.742188 0.031250
vt 0.726563 0.031250
vt 0.746094 0.046875
vt 0.734375 0.064815
vt 0.742188 0.031250
vt 0.722656 0.046875
vt 0.727105 0.064100
vt 0.734375 0.064815
vt 0.742188 0.456368
vt 0.742188 0.469711
vt 0.734375 0.469711
vt 0.734375 0.456369
vt 0.742188 0.484495
vt 0.734375 0.484495
vt 0.726563 0.469711
vt 0.726563 0.456368
vt 0.726562 0.484495
vt 0.750000 0.445188
vt 0.750000 0.456369
vt 0.742188 0.445188
vt 0.750000 0.469711
vt 0.750000 0.484495
vt 0.750000 0.500000
vt 0.742188 0.500000
vt 0.734375 0.500000
vt 0.726563 0.500000
vt 0.718750 0.500000
vt 0.718750 0.484495
vt 0.718750 0.469711
vt 0.718750 0.456369
vt 0.726563 0.445188
vt 0.718750 0.445188
vt 0.734375 0.445188
vt 0.742188 0.425394
vt 0.742188 0.430291
vt 0.734375 0.430291
vt 0.734375 0.425394
vt 0.742188 0.436653
vt 0.734375 0.436653
vt 0.726563 0.430291
vt 0.726563 0.425394
vt 0.726563 0.436653
vt 0.750000 0.421253
vt 0.750000 0.425394
vt 0.742188 0.421253
vt 0.750000 0.430291
vt 0.750000 0.436653
vt 0.750000 0.445188
vt 0.742188 0.445188
vt 0.726563 0.445188
vt 0.718750 0.445188
vt 0.718750 0.436653
vt 0.718750 0.430291
vt 0.718750 0.425394
vt 0.726563 0.421253
vt 0.718750 0.421253
vt 0.734375 0.421253
vt 0.742188 0.328001
vt 0.742188 0.342758
vt 0.734375 0.342758
vt 0.734375 0.328001
vt 0.742188 0.356027
vt 0.734375 0.356027
vt 0.726563 0.342758
vt 0.726563 0.328001
vt 0.726563 0.356027
vt 0.750000 0.312500
vt 0.750000 0.328001
vt 0.742188 0.312500
vt 0.750000 0.342758
vt 0.750000 0.356027
vt 0.750000 0.367063
vt 0.742188 0.367063
vt 0.734375 0.367063
vt 0.726563 0.367063
vt 0.718750 0.367063
vt 0.718750 0.356027
vt 0.718750 0.342758
vt 0.718750 0.328001
vt 0.726563 0.312500
vt 0.718750 0.312500
vt 0.734375 0.312500
vt 0.742188 0.265625
vt 0.742188 0.281250
vt 0.734375 0.281250
vt 0.734375 0.265625
vt 0.742188 0.296875
vt 0.734375 0.296875
vt 0.726563 0.281250
vt 0.726563 0.265625
vt 0.726563 0.296875
vt 0.750000 0.250000
vt 0.750000 0.265625
vt 0.742188 0.250000
vt 0.750000 0.281250
vt 0.750000 0.296875
vt 0.718750 0.296875
vt 0.718750 0.281250
vt 0.718750 0.265625
vt 0.726563 0.250000
vt 0.718750 0.250000
vt 0.734375 0.250000
vt 0.742188 0.203125
vt 0.742188 0.218750
vt 0.734375 0.218750
vt 0.734375 0.203125
vt 0.742188 0.234375
vt 0.734375 0.234375
vt 0.726563 0.218750
vt 0.726563 0.203125
vt 0.726563 0.234375
vt 0.750000 0.187500
vt 0.750000 0.203125
vt 0.742188 0.187500
vt 0.750000 0.218750
vt 0.750000 0.234375
vt 0.718750 0.234375
vt 0.718750 0.218750
vt 0.718750 0.203125
vt 0.726563 0.187500
vt 0.718750 0.187500
vt 0.734375 0.187500
vt 0.742188 0.140625
vt 0.742188 0.156250
vt 0.734375 0.156250
vt 0.734375 0.140625
vt 0.742188 0.171875
vt 0.734375 0.171875
vt 0.726563 0.156250
vt 0.726563 0.140625
vt 0.726563 0.171875
vt 0.750000 0.125000
vt 0.750000 0.140625
vt 0.742188 0.125000
vt 0.750000 0.156250
vt 0.750000 0.171875
vt 0.718750 0.171875
vt 0.718750 0.156250
vt 0.718750 0.140625
vt 0.726563 0.125000
vt 0.718750 0.125000
vt 0.734375 0.125000
vt 0.710938 0.140625
vt 0.710938 0.156250
vt 0.703125 0.156250
vt 0.703125 0.140625
vt 0.710938 0.171875
vt 0.703125 0.171875
vt 0.695313 0.156250
vt 0.695313 0.140625
vt 0.695313 0.171875
vt 0.710938 0.125000
vt 0.710938 0.187500
vt 0.703125 0.187500
vt 0.695312 0.187500
vt 0.687500 0.187500
vt 0.687500 0.171875
vt 0.687500 0.156250
vt 0.687500 0.140625
vt 0.695312 0.125000
vt 0.687500 0.125000
vt 0.703125 0.125000
vt 0.710883 0.078835
vt 0.710938 0.093967
vt 0.703125 0.094039
vt 0.703125 0.079102
vt 0.710938 0.109402
vt 0.703125 0.109411
vt 0.695313 0.093967
vt 0.695367 0.078835
vt 0.695312 0.109402
vt 0.710395 0.064100
vt 0.710938 0.125000
vt 0.703125 0.125000
vt 0.695313 0.125000
vt 0.687500 0.125000
vt 0.687500 0.109393
vt 0.687500 0.093895
vt 0.687500 0.078523
vt 0.695855 0.064100
vt 0.687500 0.062500
vt 0.703125 0.064815
vt 0.703125 0.026235
vt 0.706502 0.037388
vt 0.703125 0.042101
vt 0.699748 0.037388
vt 0.708876 0.050083
vt 0.703125 0.051670
vt 0.706502 0.037388
vt 0.697374 0.050083
vt 0.699748 0.037388
vt 0.703125 0.051670
vt 0.703125 0.000000
vt 0.707031 0.015625
vt 0.699219 0.015625
vt 0.710938 0.031250
vt 0.695313 0.031250
vt 0.714844 0.046875
vt 0.703125 0.064815
vt 0.710938 0.031250
vt 0.691406 0.046875
vt 0.695855 0.064100
vt 0.695313 0.031250
vt 0.710938 0.456368
vt 0.710938 0.469711
vt 0.703125 0.469711
vt 0.703125 0.456369
vt 0.710938 0.484495
vt 0.703125 0.484495
vt 0.695312 0.469711
vt 0.695312 0.456368
vt 0.695313 0.484495
vt 0.710938 0.445188
vt 0.710938 0.500000
vt 0.703125 0.500000
vt 0.695313 0.500000
vt 0.687500 0.500000
vt 0.687500 0.484495
vt 0.687500 0.469711
vt 0.687500 0.456369
vt 0.695313 0.445188
vt 0.687500 0.445188
vt 0.703125 0.445188
vt 0.710938 0.425394
vt 0.710938 0.430291
vt 0.703125 0.430291
vt 0.703125 0.425394
vt 0.710938 0.436653
vt 0.703125 0.436653
vt 0.695313 0.430291
vt 0.695313 0.425394
vt 0.695313 0.436653
vt 0.710938 0.421253
vt 0.710938 0.445188
vt 0.703125 0.445188
vt 0.695312 0.445188
vt 0.687500 0.445188
vt 0.687500 0.436653
vt 0.687500 0.430291
vt 0.687500 0.425394
vt 0.695312 0.421253
vt 0.687500 0.421253
vt 0.703125 0.421253
vt 0.710938 0.328001
vt 0.710938 0.342758
vt 0.703125 0.342758
vt 0.703125 0.328001
vt 0.710938 0.356027
vt 0.703125 0.356027
vt 0.695313 0.342758
vt 0.695313 0.328001
vt 0.695313 0.356027
vt 0.710938 0.312500
vt 0.710938 0.367063
vt 0.703125 0.367063
vt 0.695312 0.367063
vt 0.687500 0.367063
vt 0.687500 0.356027
vt 0.687500 0.342758
vt 0.687500 0.328001
vt 0.695312 0.312500
vt 0.687500 0.312500
vt 0.703125 0.312500
vt 0.710938 0.265625
vt 0.710938 0.281250
vt 0.703125 0.281250
vt 0.703125 0.265625
vt 0.710938 0.296875
vt 0.703125 0.296875
vt 0.695313 0.281250
vt 0.695313 0.265625
vt 0.695313 0.296875
vt 0.710938 0.250000
vt 0.687500 0.296875
vt 0.687500 0.281250
vt 0.687500 0.265625
vt 0.695312 0.250000
vt 0.687500 0.250000
vt 0.703125 0.250000
vt 0.710938 0.203125
vt 0.710938 0.218750
vt 0.703125 0.218750
vt 0.703125 0.203125
vt 0.710938 0.234375
vt 0.703125 0.234375
vt 0.695313 0.218750
vt 0.695313 0.203125
vt 0.695313 0.234375
vt 0.687500 0.234375
vt 0.687500 0.218750
vt 0.687500 0.203125
vt 0.679688 0.328001
vt 0.679688 0.342758
vt 0.671875 0.342758
vt 0.671875 0.328001
vt 0.679688 0.356027
vt 0.671875 0.356027
vt 0.664063 0.342758
vt 0.664063 0.328001
vt 0.664063 0.356027
vt 0.679688 0.312500
vt 0.679688 0.367063
vt 0.671875 0.367063
vt 0.664063 0.367063
vt 0.656250 0.367063
vt 0.656250 0.356027
vt 0.656250 0.342758
vt 0.656250 0.328001
vt 0.664063 0.312500
vt 0.656250 0.312500
vt 0.671875 0.312500
vt 0.679688 0.265625
vt 0.679688 0.281250
vt 0.671875 0.281250
vt 0.671875 0.265625
vt 0.679688 0.296875
vt 0.671875 0.296875
vt 0.664063 0.281250
vt 0.664063 0.265625
vt 0.664063 0.296875
vt 0.679688 0.250000
vt 0.656250 0.296875
vt 0.656250 0.281250
vt 0.656250 0.265625
vt 0.664063 0.250000
vt 0.656250 0.250000
vt 0.671875 0.250000
vt 0.679688 0.203125
vt 0.679688 0.218750
vt 0.671875 0.218750
vt 0.671875 0.203125
vt 0.679688 0.234375
vt 0.671875 0.234375
vt 0.664063 0.218750
vt 0.664063 0.203125
vt 0.664063 0.234375
vt 0.679688 0.187500
vt 0.656250 0.234375
vt 0.656250 0.218750
vt 0.656250 0.203125
vt 0.664063 0.187500
vt 0.656250 0.187500
vt 0.671875 0.187500
vt 0.679688 0.140625
vt 0.679688 0.156250
vt 0.671875 0.156250
vt 0.671875 0.140625
vt 0.679688 0.171875
vt 0.671875 0.171875
vt 0.664063 0.156250
vt 0.664063 0.140625
vt 0.664063 0.171875
vt 0.679688 0.125000
vt 0.656250 0.171875
vt 0.656250 0.156250
vt 0.656250 0.140625
vt 0.664063 0.125000
vt 0.656250 0.125000
vt 0.671875 0.125000
vt 0.679633 0.078835
vt 0.679688 0.093967
vt 0.671875 0.094039
vt 0.671875 0.079102
vt 0.679688 0.109402
vt 0.671875 0.109411
vt 0.664063 0.093967
vt 0.664117 0.078835
vt 0.664062 0.109402
vt 0.679145 0.064100
vt 0.679688 0.125000
vt 0.671875 0.125000
vt 0.664063 0.125000
vt 0.656250 0.125000
vt 0.656250 0.109393
vt 0.656250 0.093895
vt 0.656250 0.078523
vt 0.664605 0.064100
vt 0.656250 0.062500
vt 0.671875 0.064815
vt 0.671875 0.026235
vt 0.675252 0.037388
vt 0.671875 0.042101
vt 0.668498 0.037388
vt 0.677626 0.050083
vt 0.671875 0.051670
vt 0.675252 0.037388
vt 0.666124 0.050083
vt 0.668498 0.037388
vt 0.671875 0.051670
vt 0.671875 0.000000
vt 0.675781 0.015625
vt 0.667969 0.015625
vt 0.679688 0.031250
vt 0.664063 0.031250
vt 0.679145 0.064100
vt 0.683594 0.046875
vt 0.671875 0.064815
vt 0.679688 0.031250
vt 0.660156 0.046875
vt 0.664605 0.064100
vt 0.671875 0.064815
vt 0.679688 0.456368
vt 0.679688 0.469711
vt 0.671875 0.469711
vt 0.671875 0.456369
vt 0.679688 0.484495
vt 0.671875 0.484495
vt 0.664063 0.469711
vt 0.664062 0.456368
vt 0.664063 0.484495
vt 0.679688 0.445188
vt 0.679688 0.500000
vt 0.671875 0.500000
vt 0.664063 0.500000
vt 0.656250 0.500000
vt 0.656250 0.484495
vt 0.656250 0.469711
vt 0.656250 0.456369
vt 0.664063 0.445188
vt 0.656250 0.445188
vt 0.671875 0.445188
vt 0.679688 0.425394
vt 0.679688 0.430291
vt 0.671875 0.430291
vt 0.671875 0.425394
vt 0.679688 0.436653
vt 0.671875 0.436653
vt 0.664063 0.430291
vt 0.664063 0.425394
vt 0.664063 0.436653
vt 0.679688 0.421253
vt 0.679688 0.445188
vt 0.664063 0.445188
vt 0.656250 0.445188
vt 0.656250 0.436653
vt 0.656250 0.430291
vt 0.656250 0.425394
vt 0.664063 0.421253
vt 0.656250 0.421253
vt 0.671875 0.421253
vt 0.648383 0.078835
vt 0.648438 0.093967
vt 0.640625 0.094039
vt 0.640625 0.079102
vt 0.648438 0.109402
vt 0.640625 0.109411
vt 0.632813 0.093967
vt 0.632867 0.078835
vt 0.632813 0.109402
vt 0.647895 0.064100
vt 0.648438 0.125000
vt 0.640625 0.125000
vt 0.632813 0.125000
vt 0.625000 0.125000
vt 0.625000 0.109393
vt 0.625000 0.093895
vt 0.625000 0.078523
vt 0.633355 0.064100
vt 0.625000 0.062500
vt 0.640625 0.064815
vt 0.640625 0.026235
vt 0.644002 0.037388
vt 0.640625 0.042101
vt 0.637248 0.037388
vt 0.646376 0.050083
vt 0.640625 0.051670
vt 0.644002 0.037388
vt 0.634874 0.050083
vt 0.637248 0.037388
vt 0.640625 0.051670
vt 0.640625 0.000000
vt 0.644531 0.015625
vt 0.636719 0.015625
vt 0.648438 0.031250
vt 0.632813 0.031250
vt 0.647895 0.064100
vt 0.652344 0.046875
vt 0.640625 0.064815
vt 0.648438 0.031250
vt 0.628906 0.046875
vt 0.632813 0.031250
vt 0.640625 0.064815
vt 0.648438 0.456368
vt 0.648438 0.469711
vt 0.640625 0.469711
vt 0.640625 0.456369
vt 0.648438 0.484495
vt 0.640625 0.484495
vt 0.632813 0.469711
vt 0.632813 0.456368
vt 0.632813 0.484495
vt 0.648438 0.445188
vt 0.648438 0.500000
vt 0.640625 0.500000
vt 0.632813 0.500000
vt 0.625000 0.500000
vt 0.625000 0.484495
vt 0.625000 0.469711
vt 0.625000 0.456369
vt 0.632813 0.445188
vt 0.625000 0.445188
vt 0.640625 0.445188
vt 0.648438 0.425394
vt 0.648438 0.430291
vt 0.640625 0.430291
vt 0.640625 0.425394
vt 0.648438 0.436653
vt 0.640625 0.436653
vt 0.632813 0.430291
vt 0.632813 0.425394
vt 0.632813 0.436653
vt 0.648438 0.421253
vt 0.648438 0.445188
vt 0.640625 0.445188
vt 0.632812 0.445188
vt 0.625000 0.445188
vt 0.625000 0.436653
vt 0.625000 0.430291
vt 0.625000 0.425394
vt 0.632812 0.421253
vt 0.625000 0.421253
vt 0.640625 0.421253
vt 0.648438 0.328001
vt 0.648438 0.342758
vt 0.640625 0.342758
vt 0.640625 0.328001
vt 0.648438 0.356027
vt 0.640625 0.356027
vt 0.632813 0.342758
vt 0.632813 0.328001
vt 0.632813 0.356027
vt 0.648438 0.312500
vt 0.648438 0.367063
vt 0.640625 0.367063
vt 0.632812 0.367063
vt 0.625000 0.367063
vt 0.625000 0.356027
vt 0.625000 0.342758
vt 0.625000 0.328001
vt 0.632812 0.312500
vt 0.625000 0.312500
vt 0.640625 0.312500
vt 0.648438 0.265625
vt 0.648438 0.281250
vt 0.640625 0.281250
vt 0.640625 0.265625
vt 0.648438 0.296875
vt 0.640625 0.296875
vt 0.632813 0.281250
vt 0.632813 0.265625
vt 0.632813 0.296875
vt 0.648438 0.250000
vt 0.625000 0.296875
vt 0.625000 0.281250
vt 0.625000 0.265625
vt 0.632812 0.250000
vt 0.625000 0.250000
vt 0.640625 0.250000
vt 0.648438 0.203125
vt 0.648438 0.218750
vt 0.640625 0.218750
vt 0.640625 0.203125
vt 0.648438 0.234375
vt 0.640625 0.234375
vt 0.632813 0.218750
vt 0.632813 0.203125
vt 0.632813 0.234375
vt 0.648438 0.187500
vt 0.625000 0.234375
vt 0.625000 0.218750
vt 0.625000 0.203125
vt 0.632812 0.187500
vt 0.625000 0.187500
vt 0.640625 0.187500
vt 0.648438 0.140625
vt 0.648438 0.156250
vt 0.640625 0.156250
vt 0.640625 0.140625
vt 0.648438 0.171875
vt 0.640625 0.171875
vt 0.632813 0.156250
vt 0.632813 0.140625
vt 0.632813 0.171875
vt 0.625000 0.171875
vt 0.625000 0.156250
vt 0.625000 0.140625
vt 0.632812 0.125000
vt 0.625000 0.125000
vt 0.640625 0.125000
vt 0.617188 0.328001
vt 0.617188 0.342758
vt 0.609375 0.342758
vt 0.609375 0.328001
vt 0.617188 0.356027
vt 0.609375 0.356027
vt 0.601562 0.342758
vt 0.601563 0.328001
vt 0.601563 0.356027
vt 0.617188 0.312500
vt 0.617188 0.367063
vt 0.609375 0.367063
vt 0.601563 0.367063
vt 0.593750 0.367063
vt 0.593750 0.356027
vt 0.593750 0.342758
vt 0.593750 0.328001
vt 0.601563 0.312500
vt 0.593750 0.312500
vt 0.609375 0.312500
vt 0.617188 0.265625
vt 0.617188 0.281250
vt 0.609375 0.281250
vt 0.609375 0.265625
vt 0.617188 0.296875
vt 0.609375 0.296875
vt 0.601562 0.281250
vt 0.601563 0.265625
vt 0.601563 0.296875
vt 0.617188 0.250000
vt 0.593750 0.296875
vt 0.593750 0.281250
vt 0.593750 0.265625
vt 0.601563 0.250000
vt 0.593750 0.250000
vt 0.609375 0.250000
vt 0.617188 0.203125
vt 0.617188 0.218750
vt 0.609375 0.218750
vt 0.609375 0.203125
vt 0.617188 0.234375
vt 0.609375 0.234375
vt 0.601562 0.218750
vt 0.601563 0.203125
vt 0.601563 0.234375
vt 0.617188 0.187500
vt 0.593750 0.234375
vt 0.593750 0.218750
vt 0.593750 0.203125
vt 0.601563 0.187500
vt 0.593750 0.187500
vt 0.609375 0.187500
vt 0.617188 0.140625
vt 0.617188 0.156250
vt 0.609375 0.156250
vt 0.609375 0.140625
vt 0.617188 0.171875
vt 0.609375 0.171875
vt 0.601562 0.156250
vt 0.601563 0.140625
vt 0.601563 0.171875
vt 0.617188 0.125000
vt 0.593750 0.171875
vt 0.593750 0.156250
vt 0.593750 0.140625
vt 0.601563 0.125000
vt 0.593750 0.125000
vt 0.609375 0.125000
vt 0.617133 0.078835
vt 0.617188 0.093967
vt 0.609375 0.094039
vt 0.609375 0.079102
vt 0.617188 0.109402
vt 0.609375 0.109411
vt 0.601563 0.093967
vt 0.601617 0.078835
vt 0.601563 0.109402
vt 0.616645 0.064100
vt 0.609375 0.125000
vt 0.601563 0.125000
vt 0.593750 0.125000
vt 0.593750 0.109393
vt 0.593750 0.093895
vt 0.593750 0.078523
vt 0.602105 0.064100
vt 0.593750 0.062500
vt 0.609375 0.064815
vt 0.609375 0.026235
vt 0.612752 0.037388
vt 0.609375 0.042101
vt 0.605998 0.037388
vt 0.615126 0.050083
vt 0.609375 0.051670
vt 0.612752 0.037388
vt 0.603624 0.050083
vt 0.605998 0.037388
vt 0.609375 0.051670
vt 0.609375 0.000000
vt 0.613281 0.015625
vt 0.605469 0.015625
vt 0.617188 0.031250
vt 0.601563 0.031250
vt 0.616645 0.064100
vt 0.621094 0.046875
vt 0.609375 0.064815
vt 0.597656 0.046875
vt 0.602105 0.064100
vt 0.601563 0.031250
vt 0.609375 0.064815
vt 0.617188 0.456368
vt 0.617188 0.469711
vt 0.609375 0.469711
vt 0.609375 0.456369
vt 0.617188 0.484495
vt 0.609375 0.484495
vt 0.601563 0.469711
vt 0.601563 0.456368
vt 0.601563 0.484495
vt 0.617188 0.445188
vt 0.617188 0.500000
vt 0.609375 0.500000
vt 0.601563 0.500000
vt 0.593750 0.500000
vt 0.593750 0.484495
vt 0.593750 0.469711
vt 0.593750 0.456369
vt 0.601563 0.445188
vt 0.593750 0.445188
vt 0.609375 0.445188
vt 0.617188 0.425394
vt 0.617188 0.430291
vt 0.609375 0.430291
vt 0.609375 0.425394
vt 0.617188 0.436653
vt 0.609375 0.436653
vt 0.601562 0.430291
vt 0.601563 0.425394
vt 0.601563 0.436653
vt 0.617188 0.421253
vt 0.617188 0.445188
vt 0.601563 0.445188
vt 0.593750 0.445188
vt 0.593750 0.436653
vt 0.593750 0.430291
vt 0.593750 0.425394
vt 0.601563 0.421253
vt 0.593750 0.421253
vt 0.609375 0.421253
vt 0.585883 0.078835
vt 0.585938 0.093967
vt 0.578125 0.094039
vt 0.578125 0.079102
vt 0.585938 0.109402
vt 0.578125 0.109411
vt 0.570313 0.093967
vt 0.570367 0.078835
vt 0.570312 0.109402
vt 0.585395 0.064100
vt 0.585938 0.125000
vt 0.578125 0.125000
vt 0.570313 0.125000
vt 0.562500 0.125000
vt 0.562500 0.109393
vt 0.562500 0.093895
vt 0.562500 0.078523
vt 0.570855 0.064100
vt 0.562500 0.062500
vt 0.578125 0.064815
vt 0.578125 0.026235
vt 0.581502 0.037388
vt 0.578125 0.042101
vt 0.574748 0.037388
vt 0.583876 0.050083
vt 0.578125 0.051670
vt 0.572374 0.050083
vt 0.574748 0.037388
vt 0.578125 0.051670
vt 0.578125 0.000000
vt 0.582031 0.015625
vt 0.574219 0.015625
vt 0.585938 0.031250
vt 0.570313 0.031250
vt 0.585395 0.064100
vt 0.589844 0.046875
vt 0.578125 0.064815
vt 0.585938 0.031250
vt 0.566406 0.046875
vt 0.570855 0.064100
vt 0.578125 0.064815
vt 0.585938 0.456368
vt 0.585938 0.469711
vt 0.578125 0.469711
vt 0.578125 0.456369
vt 0.585938 0.484495
vt 0.578125 0.484495
vt 0.570313 0.469711
vt 0.570312 0.456368
vt 0.570312 0.484495
vt 0.585938 0.445188
vt 0.585938 0.500000
vt 0.578125 0.500000
vt 0.570313 0.500000
vt 0.562500 0.500000
vt 0.562500 0.484495
vt 0.562500 0.469711
vt 0.562500 0.456369
vt 0.570313 0.445188
vt 0.562500 0.445188
vt 0.578125 0.445188
vt 0.585938 0.425394
vt 0.585938 0.430291
vt 0.578125 0.430291
vt 0.578125 0.425394
vt 0.585938 0.436653
vt 0.578125 0.436653
vt 0.570313 0.430291
vt 0.570313 0.425394
vt 0.570313 0.436653
vt 0.585938 0.421253
vt 0.585938 0.445188
vt 0.578125 0.445188
vt 0.570313 0.445188
vt 0.562500 0.445188
vt 0.562500 0.436653
vt 0.562500 0.430291
vt 0.562500 0.425394
vt 0.570313 0.421253
vt 0.562500 0.421253
vt 0.578125 0.421253
vt 0.585938 0.328001
vt 0.585938 0.342758
vt 0.578125 0.342758
vt 0.578125 0.328001
vt 0.585938 0.356027
vt 0.578125 0.356027
vt 0.570313 0.342758
vt 0.570313 0.328001
vt 0.570313 0.356027
vt 0.585938 0.312500
vt 0.585938 0.367063
vt 0.578125 0.367063
vt 0.570313 0.367063
vt 0.562500 0.367063
vt 0.562500 0.356027
vt 0.562500 0.342758
vt 0.562500 0.328001
vt 0.570313 0.312500
vt 0.562500 0.312500
vt 0.578125 0.312500
vt 0.585938 0.265625
vt 0.585938 0.281250
vt 0.578125 0.281250
vt 0.578125 0.265625
vt 0.585938 0.296875
vt 0.578125 0.296875
vt 0.570313 0.281250
vt 0.570313 0.265625
vt 0.570313 0.296875
vt 0.585938 0.250000
vt 0.562500 0.296875
vt 0.562500 0.281250
vt 0.562500 0.265625
vt 0.570313 0.250000
vt 0.562500 0.250000
vt 0.578125 0.250000
vt 0.585938 0.203125
vt 0.585938 0.218750
vt 0.578125 0.218750
vt 0.578125 0.203125
vt 0.585938 0.234375
vt 0.578125 0.234375
vt 0.570313 0.218750
vt 0.570313 0.203125
vt 0.570313 0.234375
vt 0.585938 0.187500
vt 0.562500 0.234375
vt 0.562500 0.218750
vt 0.562500 0.203125
vt 0.570313 0.187500
vt 0.562500 0.187500
vt 0.578125 0.187500
vt 0.585938 0.140625
vt 0.585938 0.156250
vt 0.578125 0.156250
vt 0.578125 0.140625
vt 0.585938 0.171875
vt 0.578125 0.171875
vt 0.570313 0.156250
vt 0.570313 0.140625
vt 0.570313 0.171875
vt 0.585938 0.125000
vt 0.562500 0.171875
vt 0.562500 0.156250
vt 0.562500 0.140625
vt 0.570313 0.125000
vt 0.562500 0.125000
vt 0.578125 0.125000
vt 0.554688 0.265625
vt 0.554688 0.281250
vt 0.546875 0.281250
vt 0.546875 0.265625
vt 0.554688 0.296875
vt 0.546875 0.296875
vt 0.539063 0.281250
vt 0.539062 0.265625
vt 0.539062 0.296875
vt 0.554688 0.250000
vt 0.554688 0.312500
vt 0.546875 0.312500
vt 0.539062 0.312500
vt 0.531250 0.312500
vt 0.531250 0.296875
vt 0.531250 0.281250
vt 0.531250 0.265625
vt 0.539062 0.250000
vt 0.531250 0.250000
vt 0.546875 0.250000
vt 0.554688 0.203125
vt 0.554688 0.218750
vt 0.546875 0.218750
vt 0.546875 0.203125
vt 0.554688 0.234375
vt 0.546875 0.234375
vt 0.539063 0.218750
vt 0.539062 0.203125
vt 0.539062 0.234375
vt 0.554688 0.187500
vt 0.531250 0.234375
vt 0.531250 0.218750
vt 0.531250 0.203125
vt 0.539062 0.187500
vt 0.531250 0.187500
vt 0.546875 0.187500
vt 0.554688 0.140625
vt 0.554688 0.156250
vt 0.546875 0.156250
vt 0.546875 0.140625
vt 0.554688 0.171875
vt 0.546875 0.171875
vt 0.539063 0.156250
vt 0.539062 0.140625
vt 0.539062 0.171875
vt 0.554688 0.125000
vt 0.531250 0.171875
vt 0.531250 0.156250
vt 0.531250 0.140625
vt 0.539062 0.125000
vt 0.531250 0.125000
vt 0.546875 0.125000
vt 0.554633 0.078835
vt 0.554688 0.093967
vt 0.546875 0.094039
vt 0.546875 0.079102
vt 0.554688 0.109402
vt 0.546875 0.109411
vt 0.539062 0.093967
vt 0.539117 0.078835
vt 0.539062 0.109402
vt 0.554145 0.064100
vt 0.546875 0.125000
vt 0.539062 0.125000
vt 0.531250 0.125000
vt 0.531250 0.109393
vt 0.531250 0.093895
vt 0.531250 0.078523
vt 0.539605 0.064100
vt 0.531250 0.062500
vt 0.546875 0.064815
vt 0.546875 0.026235
vt 0.550252 0.037388
vt 0.546875 0.042101
vt 0.543498 0.037388
vt 0.552626 0.050083
vt 0.546875 0.051670
vt 0.550252 0.037388
vt 0.541124 0.050083
vt 0.543498 0.037388
vt 0.546875 0.051670
vt 0.546875 0.000000
vt 0.550781 0.015625
vt 0.542969 0.015625
vt 0.554688 0.031250
vt 0.539063 0.031250
vt 0.554145 0.064100
vt 0.558594 0.046875
vt 0.546875 0.064815
vt 0.535156 0.046875
vt 0.539605 0.064100
vt 0.546875 0.064815
vt 0.554688 0.456368
vt 0.554688 0.469711
vt 0.546875 0.469711
vt 0.546875 0.456369
vt 0.554688 0.484495
vt 0.546875 0.484495
vt 0.539062 0.469711
vt 0.539062 0.456368
vt 0.539063 0.484495
vt 0.554688 0.445188
vt 0.554688 0.500000
vt 0.546875 0.500000
vt 0.539063 0.500000
vt 0.531250 0.500000
vt 0.531250 0.484495
vt 0.531250 0.469711
vt 0.531250 0.456369
vt 0.539062 0.445188
vt 0.531250 0.445188
vt 0.546875 0.445188
vt 0.554688 0.425394
vt 0.554688 0.430291
vt 0.546875 0.430291
vt 0.546875 0.425394
vt 0.554688 0.436653
vt 0.546875 0.436653
vt 0.539063 0.430291
vt 0.539062 0.425394
vt 0.539062 0.436653
vt 0.554688 0.421253
vt 0.554688 0.445188
vt 0.539062 0.445188
vt 0.531250 0.445188
vt 0.531250 0.436653
vt 0.531250 0.430291
vt 0.531250 0.425394
vt 0.539062 0.421253
vt 0.531250 0.421253
vt 0.546875 0.421253
vt 0.554688 0.328001
vt 0.554688 0.342758
vt 0.546875 0.342758
vt 0.546875 0.328001
vt 0.554688 0.356027
vt 0.546875 0.356027
vt 0.539063 0.342758
vt 0.539062 0.328001
vt 0.539062 0.356027
vt 0.554688 0.367063
vt 0.546875 0.367063
vt 0.539062 0.367063
vt 0.531250 0.367063
vt 0.531250 0.356027
vt 0.531250 0.342758
vt 0.531250 0.328001
vt 0.515625 0.026235
vt 0.519002 0.037388
vt 0.515625 0.042101
vt 0.512248 0.037388
vt 0.521376 0.050083
vt 0.515625 0.051670
vt 0.509874 0.050083
vt 0.512248 0.037388
vt 0.515625 0.051670
vt 0.515625 0.000000
vt 0.519531 0.015625
vt 0.511719 0.015625
vt 0.523438 0.031250
vt 0.507813 0.031250
vt 0.522895 0.064100
vt 0.527344 0.046875
vt 0.515625 0.064815
vt 0.500000 0.062500
vt 0.503906 0.046875
vt 0.508355 0.064100
vt 0.523438 0.456368
vt 0.523438 0.469711
vt 0.515625 0.469711
vt 0.515625 0.456369
vt 0.523438 0.484495
vt 0.515625 0.484495
vt 0.507812 0.469711
vt 0.507813 0.456368
vt 0.507812 0.484495
vt 0.523438 0.445188
vt 0.523438 0.500000
vt 0.515625 0.500000
vt 0.507813 0.500000
vt 0.500000 0.500000
vt 0.500000 0.484495
vt 0.500000 0.469711
vt 0.500000 0.456369
vt 0.507813 0.445188
vt 0.500000 0.445188
vt 0.515625 0.445188
vt 0.523438 0.425394
vt 0.523438 0.430291
vt 0.515625 0.430291
vt 0.515625 0.425394
vt 0.523438 0.436653
vt 0.515625 0.436653
vt 0.507813 0.430291
vt 0.507813 0.425394
vt 0.507813 0.436653
vt 0.523438 0.421253
vt 0.523438 0.445188
vt 0.515625 0.445188
vt 0.507812 0.445188
vt 0.500000 0.445188
vt 0.500000 0.436653
vt 0.500000 0.430291
vt 0.500000 0.425394
vt 0.507812 0.421253
vt 0.500000 0.421253
vt 0.515625 0.421253
vt 0.523438 0.328001
vt 0.523438 0.342758
vt 0.515625 0.342758
vt 0.515625 0.328001
vt 0.523438 0.356027
vt 0.515625 0.356027
vt 0.507813 0.342758
vt 0.507813 0.328001
vt 0.507813 0.356027
vt 0.523438 0.312500
vt 0.523438 0.367063
vt 0.515625 0.367063
vt 0.507812 0.367063
vt 0.500000 0.367063
vt 0.500000 0.356027
vt 0.500000 0.342758
vt 0.500000 0.328001
vt 0.507812 0.312500
vt 0.500000 0.312500
vt 0.515625 0.312500
vt 0.523438 0.265625
vt 0.523438 0.281250
vt 0.515625 0.281250
vt 0.515625 0.265625
vt 0.523438 0.296875
vt 0.515625 0.296875
vt 0.507813 0.281250
vt 0.507813 0.265625
vt 0.507813 0.296875
vt 0.523438 0.250000
vt 0.500000 0.296875
vt 0.500000 0.281250
vt 0.500000 0.265625
vt 0.507812 0.250000
vt 0.500000 0.250000
vt 0.515625 0.250000
vt 0.523438 0.203125
vt 0.523438 0.218750
vt 0.515625 0.218750
vt 0.515625 0.203125
vt 0.523438 0.234375
vt 0.515625 0.234375
vt 0.507813 0.218750
vt 0.507813 0.203125
vt 0.507813 0.234375
vt 0.523438 0.187500
vt 0.500000 0.234375
vt 0.500000 0.218750
vt 0.500000 0.203125
vt 0.507812 0.187500
vt 0.500000 0.187500
vt 0.515625 0.187500
vt 0.523438 0.140625
vt 0.523438 0.156250
vt 0.515625 0.156250
vt 0.515625 0.140625
vt 0.523438 0.171875
vt 0.515625 0.171875
vt 0.507813 0.156250
vt 0.507813 0.140625
vt 0.507813 0.171875
vt 0.523438 0.125000
vt 0.500000 0.171875
vt 0.500000 0.156250
vt 0.500000 0.140625
vt 0.507812 0.125000
vt 0.500000 0.125000
vt 0.515625 0.125000
vt 0.523383 0.078835
vt 0.523438 0.093967
vt 0.515625 0.094039
vt 0.515625 0.079102
vt 0.523438 0.109402
vt 0.515625 0.109411
vt 0.507813 0.093967
vt 0.507867 0.078835
vt 0.507813 0.109402
vt 0.523438 0.125000
vt 0.515625 0.125000
vt 0.507813 0.125000
vt 0.500000 0.125000
vt 0.500000 0.109393
vt 0.500000 0.093895
vt 0.500000 0.078523
vt 0.508355 0.064100
vt 0.515625 0.064815
vt 0.492188 0.203125
vt 0.492188 0.218750
vt 0.484375 0.218750
vt 0.484375 0.203125
vt 0.492188 0.234375
vt 0.484375 0.234375
vt 0.476563 0.218750
vt 0.476563 0.203125
vt 0.476563 0.234375
vt 0.492188 0.187500
vt 0.492188 0.250000
vt 0.484375 0.250000
vt 0.476563 0.250000
vt 0.468750 0.250000
vt 0.468750 0.234375
vt 0.468750 0.218750
vt 0.468750 0.203125
vt 0.476563 0.187500
vt 0.468750 0.187500
vt 0.484375 0.187500
vt 0.492188 0.140625
vt 0.492188 0.156250
vt 0.484375 0.156250
vt 0.484375 0.140625
vt 0.492188 0.171875
vt 0.484375 0.171875
vt 0.476563 0.156250
vt 0.476563 0.140625
vt 0.476563 0.171875
vt 0.492188 0.125000
vt 0.468750 0.171875
vt 0.468750 0.156250
vt 0.468750 0.140625
vt 0.476563 0.125000
vt 0.468750 0.125000
vt 0.484375 0.125000
vt 0.492133 0.078835
vt 0.492188 0.093967
vt 0.484375 0.094039
vt 0.484375 0.079102
vt 0.492188 0.109402
vt 0.484375 0.109411
vt 0.476563 0.093967
vt 0.476617 0.078835
vt 0.476563 0.109402
vt 0.491645 0.064100
vt 0.492188 0.125000
vt 0.484375 0.125000
vt 0.476563 0.125000
vt 0.468750 0.125000
vt 0.468750 0.109393
vt 0.468750 0.093895
vt 0.468750 0.078523
vt 0.477105 0.064100
vt 0.468750 0.062500
vt 0.484375 0.064815
vt 0.484375 0.026235
vt 0.487752 0.037388
vt 0.484375 0.042101
vt 0.480998 0.037388
vt 0.490126 0.050083
vt 0.484375 0.051670
vt 0.478624 0.050083
vt 0.480998 0.037388
vt 0.484375 0.051670
vt 0.484375 0.000000
vt 0.488281 0.015625
vt 0.480469 0.015625
vt 0.492188 0.031250
vt 0.476563 0.031250
vt 0.491645 0.064100
vt 0.496094 0.046875
vt 0.484375 0.064815
vt 0.472656 0.046875
vt 0.492188 0.456368
vt 0.492188 0.469711
vt 0.484375 0.469711
vt 0.484375 0.456369
vt 0.492188 0.484495
vt 0.484375 0.484495
vt 0.476563 0.469711
vt 0.476563 0.456368
vt 0.476563 0.484495
vt 0.492188 0.445188
vt 0.492188 0.500000
vt 0.484375 0.500000
vt 0.476563 0.500000
vt 0.468750 0.500000
vt 0.468750 0.484495
vt 0.468750 0.469711
vt 0.468750 0.456369
vt 0.476563 0.445188
vt 0.468750 0.445188
vt 0.484375 0.445188
vt 0.492188 0.425394
vt 0.492188 0.430291
vt 0.484375 0.430291
vt 0.484375 0.425394
vt 0.492188 0.436653
vt 0.484375 0.436653
vt 0.476563 0.430291
vt 0.476563 0.425394
vt 0.476563 0.436653
vt 0.492188 0.421253
vt 0.492188 0.445188
vt 0.484375 0.445188
vt 0.476563 0.445188
vt 0.468750 0.445188
vt 0.468750 0.436653
vt 0.468750 0.430291
vt 0.468750 0.425394
vt 0.476563 0.421253
vt 0.468750 0.421253
vt 0.484375 0.421253
vt 0.492188 0.328001
vt 0.492188 0.342758
vt 0.484375 0.342758
vt 0.484375 0.328001
vt 0.492188 0.356027
vt 0.484375 0.356027
vt 0.476563 0.342758
vt 0.476563 0.328001
vt 0.476563 0.356027
vt 0.492188 0.312500
vt 0.492188 0.367063
vt 0.484375 0.367063
vt 0.476563 0.367063
vt 0.468750 0.367063
vt 0.468750 0.356027
vt 0.468750 0.342758
vt 0.468750 0.328001
vt 0.476563 0.312500
vt 0.468750 0.312500
vt 0.484375 0.312500
vt 0.492188 0.265625
vt 0.492188 0.281250
vt 0.484375 0.281250
vt 0.484375 0.265625
vt 0.492188 0.296875
vt 0.484375 0.296875
vt 0.476563 0.281250
vt 0.476563 0.265625
vt 0.476563 0.296875
vt 0.468750 0.296875
vt 0.468750 0.281250
vt 0.468750 0.265625
vt 0.460938 0.456368
vt 0.460938 0.469711
vt 0.453125 0.469711
vt 0.453125 0.456369
vt 0.460938 0.484495
vt 0.453125 0.484495
vt 0.445313 0.469711
vt 0.445313 0.456368
vt 0.445312 0.484495
vt 0.460938 0.445188
vt 0.460938 0.500000
vt 0.453125 0.500000
vt 0.445313 0.500000
vt 0.437500 0.500000
vt 0.437500 0.484495
vt 0.437500 0.469711
vt 0.437500 0.456369
vt 0.445313 0.445188
vt 0.437500 0.445188
vt 0.453125 0.445188
vt 0.460938 0.425394
vt 0.460938 0.430291
vt 0.453125 0.430291
vt 0.453125 0.425394
vt 0.460938 0.436653
vt 0.453125 0.436653
vt 0.445312 0.430291
vt 0.445313 0.425394
vt 0.445313 0.436653
vt 0.460938 0.421253
vt 0.460938 0.445188
vt 0.453125 0.445188
vt 0.445313 0.445188
vt 0.437500 0.445188
vt 0.437500 0.436653
vt 0.437500 0.430291
vt 0.437500 0.425394
vt 0.445313 0.421253
vt 0.437500 0.421253
vt 0.453125 0.421253
vt 0.460938 0.328001
vt 0.460938 0.342758
vt 0.453125 0.342758
vt 0.453125 0.328001
vt 0.460938 0.356027
vt 0.453125 0.356027
vt 0.445312 0.342758
vt 0.445313 0.328001
vt 0.445313 0.356027
vt 0.460938 0.312500
vt 0.460938 0.367063
vt 0.453125 0.367063
vt 0.445313 0.367063
vt 0.437500 0.367063
vt 0.437500 0.356027
vt 0.437500 0.342758
vt 0.437500 0.328001
vt 0.445313 0.312500
vt 0.437500 0.312500
vt 0.453125 0.312500
vt 0.460938 0.265625
vt 0.460938 0.281250
vt 0.453125 0.281250
vt 0.453125 0.265625
vt 0.460938 0.296875
vt 0.453125 0.296875
vt 0.445312 0.281250
vt 0.445313 0.265625
vt 0.445313 0.296875
vt 0.460938 0.250000
vt 0.437500 0.296875
vt 0.437500 0.281250
vt 0.437500 0.265625
vt 0.445313 0.250000
vt 0.437500 0.250000
vt 0.453125 0.250000
vt 0.460938 0.203125
vt 0.460938 0.218750
vt 0.453125 0.218750
vt 0.453125 0.203125
vt 0.460938 0.234375
vt 0.453125 0.234375
vt 0.445312 0.218750
vt 0.445313 0.203125
vt 0.445313 0.234375
vt 0.460938 0.187500
vt 0.437500 0.234375
vt 0.437500 0.218750
vt 0.437500 0.203125
vt 0.445313 0.187500
vt 0.437500 0.187500
vt 0.453125 0.187500
vt 0.460938 0.140625
vt 0.460938 0.156250
vt 0.453125 0.156250
vt 0.453125 0.140625
vt 0.460938 0.171875
vt 0.453125 0.171875
vt 0.445312 0.156250
vt 0.445313 0.140625
vt 0.445313 0.171875
vt 0.460938 0.125000
vt 0.437500 0.171875
vt 0.437500 0.156250
vt 0.437500 0.140625
vt 0.445313 0.125000
vt 0.437500 0.125000
vt 0.453125 0.125000
vt 0.460883 0.078835
vt 0.460938 0.093967
vt 0.453125 0.094039
vt 0.453125 0.079102
vt 0.460938 0.109402
vt 0.453125 0.109411
vt 0.445313 0.093967
vt 0.445367 0.078835
vt 0.445313 0.109402
vt 0.460395 0.064100
vt 0.460938 0.125000
vt 0.453125 0.125000
vt 0.445313 0.125000
vt 0.437500 0.125000
vt 0.437500 0.109393
vt 0.437500 0.093895
vt 0.437500 0.078523
vt 0.445855 0.064100
vt 0.437500 0.062500
vt 0.453125 0.064815
vt 0.453125 0.026235
vt 0.456502 0.037388
vt 0.453125 0.042101
vt 0.449748 0.037388
vt 0.458876 0.050083
vt 0.453125 0.051670
vt 0.456502 0.037388
vt 0.447374 0.050083
vt 0.449748 0.037388
vt 0.453125 0.051670
vt 0.453125 0.000000
vt 0.457031 0.015625
vt 0.449219 0.015625
vt 0.460938 0.031250
vt 0.445313 0.031250
vt 0.460395 0.064100
vt 0.464844 0.046875
vt 0.453125 0.064815
vt 0.441406 0.046875
vt 0.453125 0.064815
vt 0.429688 0.203125
vt 0.429688 0.218750
vt 0.421875 0.218750
vt 0.421875 0.203125
vt 0.429688 0.234375
vt 0.421875 0.234375
vt 0.414063 0.218750
vt 0.414062 0.203125
vt 0.414063 0.234375
vt 0.429688 0.187500
vt 0.429688 0.250000
vt 0.421875 0.250000
vt 0.414062 0.250000
vt 0.406250 0.250000
vt 0.406250 0.234375
vt 0.406250 0.218750
vt 0.406250 0.203125
vt 0.414062 0.187500
vt 0.406250 0.187500
vt 0.421875 0.187500
vt 0.429688 0.140625
vt 0.429688 0.156250
vt 0.421875 0.156250
vt 0.421875 0.140625
vt 0.429688 0.171875
vt 0.421875 0.171875
vt 0.414063 0.156250
vt 0.414062 0.140625
vt 0.414063 0.171875
vt 0.429688 0.125000
vt 0.406250 0.171875
vt 0.406250 0.156250
vt 0.406250 0.140625
vt 0.414062 0.125000
vt 0.406250 0.125000
vt 0.421875 0.125000
vt 0.429633 0.078835
vt 0.429688 0.093967
vt 0.421875 0.094039
vt 0.421875 0.079102
vt 0.429688 0.109402
vt 0.421875 0.109411
vt 0.414062 0.093967
vt 0.414117 0.078835
vt 0.414062 0.109402
vt 0.429145 0.064100
vt 0.429688 0.125000
vt 0.421875 0.125000
vt 0.414062 0.125000
vt 0.406250 0.125000
vt 0.406250 0.109393
vt 0.406250 0.093895
vt 0.406250 0.078523
vt 0.414605 0.064100
vt 0.406250 0.062500
vt 0.421875 0.064815
vt 0.421875 0.026235
vt 0.425252 0.037388
vt 0.421875 0.042101
vt 0.418498 0.037388
vt 0.427626 0.050083
vt 0.421875 0.051670
vt 0.425252 0.037388
vt 0.416124 0.050083
vt 0.418498 0.037388
vt 0.421875 0.051670
vt 0.421875 0.000000
vt 0.425781 0.015625
vt 0.417969 0.015625
vt 0.429688 0.031250
vt 0.414063 0.031250
vt 0.433594 0.046875
vt 0.421875 0.064815
vt 0.410156 0.046875
vt 0.414605 0.064100
vt 0.421875 0.064815
vt 0.429688 0.456368
vt 0.429688 0.469711
vt 0.421875 0.469711
vt 0.421875 0.456369
vt 0.429688 0.484495
vt 0.421875 0.484495
vt 0.414062 0.469711
vt 0.414062 0.456368
vt 0.414063 0.484495
vt 0.429688 0.445188
vt 0.429688 0.500000
vt 0.421875 0.500000
vt 0.414063 0.500000
vt 0.406250 0.500000
vt 0.406250 0.484495
vt 0.406250 0.469711
vt 0.406250 0.456369
vt 0.414062 0.445188
vt 0.406250 0.445188
vt 0.421875 0.445188
vt 0.429688 0.425394
vt 0.429688 0.430291
vt 0.421875 0.430291
vt 0.421875 0.425394
vt 0.429688 0.436653
vt 0.421875 0.436653
vt 0.414063 0.430291
vt 0.414062 0.425394
vt 0.414063 0.436653
vt 0.429688 0.421253
vt 0.429688 0.445188
vt 0.421875 0.445188
vt 0.414062 0.445188
vt 0.406250 0.445188
vt 0.406250 0.436653
vt 0.406250 0.430291
vt 0.406250 0.425394
vt 0.414062 0.421253
vt 0.406250 0.421253
vt 0.421875 0.421253
vt 0.429688 0.328001
vt 0.429688 0.342758
vt 0.421875 0.342758
vt 0.421875 0.328001
vt 0.429688 0.356027
vt 0.421875 0.356027
vt 0.414063 0.342758
vt 0.414062 0.328001
vt 0.414063 0.356027
vt 0.429688 0.312500
vt 0.429688 0.367063
vt 0.421875 0.367063
vt 0.414062 0.367063
vt 0.406250 0.367063
vt 0.406250 0.356027
vt 0.406250 0.342758
vt 0.406250 0.328001
vt 0.414062 0.312500
vt 0.406250 0.312500
vt 0.421875 0.312500
vt 0.429688 0.265625
vt 0.429688 0.281250
vt 0.421875 0.281250
vt 0.421875 0.265625
vt 0.429688 0.296875
vt 0.421875 0.296875
vt 0.414063 0.281250
vt 0.414062 0.265625
vt 0.414063 0.296875
vt 0.406250 0.296875
vt 0.406250 0.281250
vt 0.406250 0.265625
vt 0.398438 0.425394
vt 0.398438 0.430291
vt 0.390625 0.430291
vt 0.390625 0.425394
vt 0.398438 0.436653
vt 0.390625 0.436653
vt 0.382813 0.430291
vt 0.382813 0.425394
vt 0.382813 0.436653
vt 0.398438 0.421253
vt 0.398438 0.445188
vt 0.390625 0.445188
vt 0.382813 0.445188
vt 0.375000 0.445188
vt 0.375000 0.436653
vt 0.375000 0.430291
vt 0.375000 0.425394
vt 0.382813 0.421253
vt 0.375000 0.421253
vt 0.390625 0.421253
vt 0.398438 0.328001
vt 0.398438 0.342758
vt 0.390625 0.342758
vt 0.390625 0.328001
vt 0.398438 0.356027
vt 0.390625 0.356027
vt 0.382813 0.342758
vt 0.382813 0.328001
vt 0.382813 0.356027
vt 0.398438 0.312500
vt 0.398438 0.367063
vt 0.390625 0.367063
vt 0.382813 0.367063
vt 0.375000 0.367063
vt 0.375000 0.356027
vt 0.375000 0.342758
vt 0.375000 0.328001
vt 0.382813 0.312500
vt 0.375000 0.312500
vt 0.390625 0.312500
vt 0.398438 0.265625
vt 0.398438 0.281250
vt 0.390625 0.281250
vt 0.390625 0.265625
vt 0.398438 0.296875
vt 0.390625 0.296875
vt 0.382813 0.281250
vt 0.382813 0.265625
vt 0.382813 0.296875
vt 0.398438 0.250000
vt 0.375000 0.296875
vt 0.375000 0.281250
vt 0.375000 0.265625
vt 0.382813 0.250000
vt 0.375000 0.250000
vt 0.390625 0.250000
vt 0.398438 0.203125
vt 0.398438 0.218750
vt 0.390625 0.218750
vt 0.390625 0.203125
vt 0.398438 0.234375
vt 0.390625 0.234375
vt 0.382813 0.218750
vt 0.382813 0.203125
vt 0.382813 0.234375
vt 0.398438 0.187500
vt 0.375000 0.234375
vt 0.375000 0.218750
vt 0.375000 0.203125
vt 0.382813 0.187500
vt 0.375000 0.187500
vt 0.390625 0.187500
vt 0.398438 0.140625
vt 0.398438 0.156250
vt 0.390625 0.156250
vt 0.390625 0.140625
vt 0.398438 0.171875
vt 0.390625 0.171875
vt 0.382813 0.156250
vt 0.382813 0.140625
vt 0.382813 0.171875
vt 0.398438 0.125000
vt 0.375000 0.171875
vt 0.375000 0.156250
vt 0.375000 0.140625
vt 0.382813 0.125000
vt 0.375000 0.125000
vt 0.390625 0.125000
vt 0.398383 0.078835
vt 0.398438 0.093967
vt 0.390625 0.094039
vt 0.390625 0.079102
vt 0.398438 0.109402
vt 0.390625 0.109411
vt 0.382813 0.093967
vt 0.382867 0.078835
vt 0.382813 0.109402
vt 0.397895 0.064100
vt 0.398438 0.125000
vt 0.390625 0.125000
vt 0.382813 0.125000
vt 0.375000 0.125000
vt 0.375000 0.109393
vt 0.375000 0.093895
vt 0.375000 0.078523
vt 0.383355 0.064100
vt 0.375000 0.062500
vt 0.390625 0.064815
vt 0.390625 0.026235
vt 0.394002 0.037388
vt 0.390625 0.042101
vt 0.387248 0.037388
vt 0.396376 0.050083
vt 0.390625 0.051670
vt 0.394002 0.037388
vt 0.384874 0.050083
vt 0.387248 0.037388
vt 0.390625 0.051670
vt 0.390625 0.000000
vt 0.394531 0.015625
vt 0.386719 0.015625
vt 0.398438 0.031250
vt 0.382813 0.031250
vt 0.402344 0.046875
vt 0.390625 0.064815
vt 0.398438 0.031250
vt 0.378906 0.046875
vt 0.383355 0.064100
vt 0.390625 0.064815
vt 0.398438 0.456368
vt 0.398438 0.469711
vt 0.390625 0.469711
vt 0.390625 0.456369
vt 0.398438 0.484495
vt 0.390625 0.484495
vt 0.382812 0.469711
vt 0.382813 0.456368
vt 0.382813 0.484495
vt 0.398438 0.445188
vt 0.398438 0.500000
vt 0.390625 0.500000
vt 0.382813 0.500000
vt 0.375000 0.500000
vt 0.375000 0.484495
vt 0.375000 0.469711
vt 0.375000 0.456369
vt 0.382813 0.445188
vt 0.375000 0.445188
vt 0.367188 0.140625
vt 0.367188 0.156250
vt 0.359375 0.156250
vt 0.359375 0.140625
vt 0.367188 0.171875
vt 0.359375 0.171875
vt 0.351563 0.156250
vt 0.351563 0.140625
vt 0.351563 0.171875
vt 0.367188 0.125000
vt 0.367188 0.187500
vt 0.359375 0.187500
vt 0.351562 0.187500
vt 0.343750 0.187500
vt 0.343750 0.171875
vt 0.343750 0.156250
vt 0.343750 0.140625
vt 0.351562 0.125000
vt 0.343750 0.125000
vt 0.359375 0.125000
vt 0.367133 0.078835
vt 0.367188 0.093967
vt 0.359375 0.094039
vt 0.359375 0.079102
vt 0.367188 0.109402
vt 0.359375 0.109411
vt 0.351562 0.093967
vt 0.351617 0.078835
vt 0.351563 0.109402
vt 0.366645 0.064100
vt 0.367188 0.125000
vt 0.359375 0.125000
vt 0.351562 0.125000
vt 0.343750 0.125000
vt 0.343750 0.109393
vt 0.343750 0.093895
vt 0.343750 0.078523
vt 0.352105 0.064100
vt 0.343750 0.062500
vt 0.359375 0.064815
vt 0.359375 0.026235
vt 0.362752 0.037388
vt 0.359375 0.042101
vt 0.355998 0.037388
vt 0.365126 0.050083
vt 0.359375 0.051670
vt 0.353624 0.050083
vt 0.355998 0.037388
vt 0.359375 0.051670
vt 0.359375 0.000000
vt 0.363281 0.015625
vt 0.355469 0.015625
vt 0.367188 0.031250
vt 0.351563 0.031250
vt 0.366645 0.064100
vt 0.371094 0.046875
vt 0.359375 0.064815
vt 0.367188 0.031250
vt 0.347656 0.046875
vt 0.359375 0.064815
vt 0.367188 0.456368
vt 0.367188 0.469711
vt 0.359375 0.469711
vt 0.359375 0.456369
vt 0.367188 0.484495
vt 0.359375 0.484495
vt 0.351563 0.469711
vt 0.351563 0.456368
vt 0.351563 0.484495
vt 0.367188 0.445188
vt 0.367188 0.500000
vt 0.359375 0.500000
vt 0.351563 0.500000
vt 0.343750 0.500000
vt 0.343750 0.484495
vt 0.343750 0.469711
vt 0.343750 0.456369
vt 0.351562 0.445188
vt 0.343750 0.445188
vt 0.359375 0.445188
vt 0.367188 0.425394
vt 0.367188 0.430291
vt 0.359375 0.430291
vt 0.359375 0.425394
vt 0.367188 0.436653
vt 0.359375 0.436653
vt 0.351563 0.430291
vt 0.351563 0.425394
vt 0.351563 0.436653
vt 0.367188 0.421253
vt 0.367188 0.445188
vt 0.359375 0.445188
vt 0.351562 0.445188
vt 0.343750 0.445188
vt 0.343750 0.436653
vt 0.343750 0.430291
vt 0.343750 0.425394
vt 0.351562 0.421253
vt 0.343750 0.421253
vt 0.359375 0.421253
vt 0.367188 0.328001
vt 0.367188 0.342758
vt 0.359375 0.342758
vt 0.359375 0.328001
vt 0.367188 0.356027
vt 0.359375 0.356027
vt 0.351563 0.342758
vt 0.351563 0.328001
vt 0.351563 0.356027
vt 0.367188 0.312500
vt 0.367188 0.367063
vt 0.359375 0.367063
vt 0.351562 0.367063
vt 0.343750 0.367063
vt 0.343750 0.356027
vt 0.343750 0.342758
vt 0.343750 0.328001
vt 0.351562 0.312500
vt 0.343750 0.312500
vt 0.359375 0.312500
vt 0.367188 0.265625
vt 0.367188 0.281250
vt 0.359375 0.281250
vt 0.359375 0.265625
vt 0.367188 0.296875
vt 0.359375 0.296875
vt 0.351563 0.281250
vt 0.351563 0.265625
vt 0.351563 0.296875
vt 0.367188 0.250000
vt 0.343750 0.296875
vt 0.343750 0.281250
vt 0.343750 0.265625
vt 0.351562 0.250000
vt 0.343750 0.250000
vt 0.359375 0.250000
vt 0.367188 0.203125
vt 0.367188 0.218750
vt 0.359375 0.218750
vt 0.359375 0.203125
vt 0.367188 0.234375
vt 0.359375 0.234375
vt 0.351563 0.218750
vt 0.351563 0.203125
vt 0.351563 0.234375
vt 0.343750 0.234375
vt 0.343750 0.218750
vt 0.343750 0.203125
vt 0.335938 0.425394
vt 0.335938 0.430291
vt 0.328125 0.430291
vt 0.328125 0.425394
vt 0.335938 0.436653
vt 0.328125 0.436653
vt 0.320313 0.430291
vt 0.320313 0.425394
vt 0.320313 0.436653
vt 0.335938 0.421253
vt 0.335938 0.445188
vt 0.328125 0.445188
vt 0.320313 0.445188
vt 0.312500 0.445188
vt 0.312500 0.436653
vt 0.312500 0.430291
vt 0.312500 0.425394
vt 0.320313 0.421253
vt 0.312500 0.421253
vt 0.328125 0.421253
vt 0.335938 0.328001
vt 0.335938 0.342758
vt 0.328125 0.342758
vt 0.328125 0.328001
vt 0.335938 0.356027
vt 0.328125 0.356027
vt 0.320313 0.342758
vt 0.320313 0.328001
vt 0.320313 0.356027
vt 0.335938 0.312500
vt 0.335938 0.367063
vt 0.328125 0.367063
vt 0.320313 0.367063
vt 0.312500 0.367063
vt 0.312500 0.356027
vt 0.312500 0.342758
vt 0.312500 0.328001
vt 0.320313 0.312500
vt 0.312500 0.312500
vt 0.328125 0.312500
vt 0.335938 0.265625
vt 0.335938 0.281250
vt 0.328125 0.281250
vt 0.328125 0.265625
vt 0.335938 0.296875
vt 0.328125 0.296875
vt 0.320313 0.281250
vt 0.320313 0.265625
vt 0.320313 0.296875
vt 0.335938 0.250000
vt 0.312500 0.296875
vt 0.312500 0.281250
vt 0.312500 0.265625
vt 0.320313 0.250000
vt 0.312500 0.250000
vt 0.328125 0.250000
vt 0.335938 0.203125
vt 0.335938 0.218750
vt 0.328125 0.218750
vt 0.328125 0.203125
vt 0.335938 0.234375
vt 0.328125 0.234375
vt 0.320313 0.218750
vt 0.320313 0.203125
vt 0.320313 0.234375
vt 0.335938 0.187500
vt 0.312500 0.234375
vt 0.312500 0.218750
vt 0.312500 0.203125
vt 0.320313 0.187500
vt 0.312500 0.187500
vt 0.328125 0.187500
vt 0.335938 0.140625
vt 0.335938 0.156250
vt 0.328125 0.156250
vt 0.328125 0.140625
vt 0.335938 0.171875
vt 0.328125 0.171875
vt 0.320313 0.156250
vt 0.320313 0.140625
vt 0.320313 0.171875
vt 0.335938 0.125000
vt 0.312500 0.171875
vt 0.312500 0.156250
vt 0.312500 0.140625
vt 0.320313 0.125000
vt 0.312500 0.125000
vt 0.328125 0.125000
vt 0.335883 0.078835
vt 0.335938 0.093967
vt 0.328125 0.094039
vt 0.328125 0.079102
vt 0.335938 0.109402
vt 0.328125 0.109411
vt 0.320312 0.093967
vt 0.320367 0.078835
vt 0.320313 0.109402
vt 0.335395 0.064100
vt 0.335938 0.125000
vt 0.328125 0.125000
vt 0.320312 0.125000
vt 0.312500 0.125000
vt 0.312500 0.109393
vt 0.312500 0.093895
vt 0.312500 0.078523
vt 0.320855 0.064100
vt 0.312500 0.062500
vt 0.328125 0.064815
vt 0.328125 0.026235
vt 0.331502 0.037388
vt 0.328125 0.042101
vt 0.324748 0.037388
vt 0.333876 0.050083
vt 0.328125 0.051670
vt 0.331502 0.037388
vt 0.322374 0.050083
vt 0.324748 0.037388
vt 0.328125 0.051670
vt 0.328125 0.000000
vt 0.332031 0.015625
vt 0.324219 0.015625
vt 0.335938 0.031250
vt 0.320313 0.031250
vt 0.335395 0.064100
vt 0.339844 0.046875
vt 0.328125 0.064815
vt 0.335938 0.031250
vt 0.316406 0.046875
vt 0.320855 0.064100
vt 0.328125 0.064815
vt 0.335938 0.456368
vt 0.335938 0.469711
vt 0.328125 0.469711
vt 0.328125 0.456369
vt 0.335938 0.484495
vt 0.328125 0.484495
vt 0.320313 0.469711
vt 0.320313 0.456368
vt 0.320313 0.484495
vt 0.335938 0.445188
vt 0.335938 0.500000
vt 0.328125 0.500000
vt 0.320313 0.500000
vt 0.312500 0.500000
vt 0.312500 0.484495
vt 0.312500 0.469711
vt 0.312500 0.456369
vt 0.320312 0.445188
vt 0.312500 0.445188
vt 0.328125 0.445188
vt 0.304688 0.140625
vt 0.304688 0.156250
vt 0.296875 0.156250
vt 0.296875 0.140625
vt 0.304688 0.171875
vt 0.296875 0.171875
vt 0.289063 0.156250
vt 0.289063 0.140625
vt 0.289063 0.171875
vt 0.304688 0.125000
vt 0.304688 0.187500
vt 0.296875 0.187500
vt 0.289063 0.187500
vt 0.281250 0.187500
vt 0.281250 0.171875
vt 0.281250 0.156250
vt 0.281250 0.140625
vt 0.289063 0.125000
vt 0.281250 0.125000
vt 0.296875 0.125000
vt 0.304633 0.078835
vt 0.304688 0.093967
vt 0.296875 0.094039
vt 0.296875 0.079102
vt 0.304688 0.109402
vt 0.296875 0.109411
vt 0.289063 0.093967
vt 0.289117 0.078835
vt 0.289062 0.109402
vt 0.304145 0.064100
vt 0.296875 0.125000
vt 0.289063 0.125000
vt 0.281250 0.125000
vt 0.281250 0.109393
vt 0.281250 0.093895
vt 0.281250 0.078523
vt 0.289605 0.064100
vt 0.281250 0.062500
vt 0.296875 0.064815
vt 0.296875 0.026235
vt 0.300252 0.037388
vt 0.296875 0.042101
vt 0.293498 0.037388
vt 0.302626 0.050083
vt 0.296875 0.051670
vt 0.291124 0.050083
vt 0.293498 0.037388
vt 0.296875 0.051670
vt 0.296875 0.000000
vt 0.300781 0.015625
vt 0.292969 0.015625
vt 0.304688 0.031250
vt 0.289063 0.031250
vt 0.308594 0.046875
vt 0.296875 0.064815
vt 0.304688 0.031250
vt 0.285156 0.046875
vt 0.289063 0.031250
vt 0.304688 0.456368
vt 0.304688 0.469711
vt 0.296875 0.469711
vt 0.296875 0.456369
vt 0.304688 0.484495
vt 0.296875 0.484495
vt 0.289063 0.469711
vt 0.289062 0.456368
vt 0.289063 0.484495
vt 0.304688 0.445188
vt 0.304688 0.500000
vt 0.296875 0.500000
vt 0.289063 0.500000
vt 0.281250 0.500000
vt 0.281250 0.484495
vt 0.281250 0.469711
vt 0.281250 0.456369
vt 0.289063 0.445188
vt 0.281250 0.445188
vt 0.296875 0.445188
vt 0.304688 0.425394
vt 0.304688 0.430291
vt 0.296875 0.430291
vt 0.296875 0.425394
vt 0.304688 0.436653
vt 0.296875 0.436653
vt 0.289063 0.430291
vt 0.289063 0.425394
vt 0.289063 0.436653
vt 0.304688 0.421253
vt 0.304688 0.445188
vt 0.289063 0.445188
vt 0.281250 0.445188
vt 0.281250 0.436653
vt 0.281250 0.430291
vt 0.281250 0.425394
vt 0.289063 0.421253
vt 0.281250 0.421253
vt 0.296875 0.421253
vt 0.304688 0.328001
vt 0.304688 0.342758
vt 0.296875 0.342758
vt 0.296875 0.328001
vt 0.304688 0.356027
vt 0.296875 0.356027
vt 0.289063 0.342758
vt 0.289063 0.328001
vt 0.289063 0.356027
vt 0.304688 0.312500
vt 0.304688 0.367063
vt 0.296875 0.367063
vt 0.289063 0.367063
vt 0.281250 0.367063
vt 0.281250 0.356027
vt 0.281250 0.342758
vt 0.281250 0.328001
vt 0.289063 0.312500
vt 0.281250 0.312500
vt 0.296875 0.312500
vt 0.304688 0.265625
vt 0.304688 0.281250
vt 0.296875 0.281250
vt 0.296875 0.265625
vt 0.304688 0.296875
vt 0.296875 0.296875
vt 0.289063 0.281250
vt 0.289063 0.265625
vt 0.289063 0.296875
vt 0.304688 0.250000
vt 0.281250 0.296875
vt 0.281250 0.281250
vt 0.281250 0.265625
vt 0.289063 0.250000
vt 0.281250 0.250000
vt 0.296875 0.250000
vt 0.304688 0.203125
vt 0.304688 0.218750
vt 0.296875 0.218750
vt 0.296875 0.203125
vt 0.304688 0.234375
vt 0.296875 0.234375
vt 0.289063 0.218750
vt 0.289063 0.203125
vt 0.289063 0.234375
vt 0.281250 0.234375
vt 0.281250 0.218750
vt 0.281250 0.203125
vt 0.273438 0.328001
vt 0.273438 0.342758
vt 0.265625 0.342758
vt 0.265625 0.328001
vt 0.273438 0.356027
vt 0.265625 0.356027
vt 0.257813 0.342758
vt 0.257813 0.328001
vt 0.257813 0.356027
vt 0.273438 0.312500
vt 0.273438 0.367063
vt 0.265625 0.367063
vt 0.257812 0.367063
vt 0.250000 0.367063
vt 0.250000 0.356027
vt 0.250000 0.342758
vt 0.250000 0.328001
vt 0.257812 0.312500
vt 0.250000 0.312500
vt 0.265625 0.312500
vt 0.273438 0.265625
vt 0.273438 0.281250
vt 0.265625 0.281250
vt 0.265625 0.265625
vt 0.273438 0.296875
vt 0.265625 0.296875
vt 0.257813 0.281250
vt 0.257813 0.265625
vt 0.257813 0.296875
vt 0.273438 0.250000
vt 0.250000 0.296875
vt 0.250000 0.281250
vt 0.250000 0.265625
vt 0.257812 0.250000
vt 0.250000 0.250000
vt 0.265625 0.250000
vt 0.273438 0.203125
vt 0.273438 0.218750
vt 0.265625 0.218750
vt 0.265625 0.203125
vt 0.273438 0.234375
vt 0.265625 0.234375
vt 0.257813 0.218750
vt 0.257813 0.203125
vt 0.257813 0.234375
vt 0.273438 0.187500
vt 0.250000 0.234375
vt 0.250000 0.218750
vt 0.250000 0.203125
vt 0.257812 0.187500
vt 0.250000 0.187500
vt 0.265625 0.187500
vt 0.273438 0.140625
vt 0.273438 0.156250
vt 0.265625 0.156250
vt 0.265625 0.140625
vt 0.273438 0.171875
vt 0.265625 0.171875
vt 0.257813 0.156250
vt 0.257813 0.140625
vt 0.257813 0.171875
vt 0.273438 0.125000
vt 0.250000 0.171875
vt 0.250000 0.156250
vt 0.250000 0.140625
vt 0.257812 0.125000
vt 0.250000 0.125000
vt 0.265625 0.125000
vt 0.273383 0.078835
vt 0.273438 0.093967
vt 0.265625 0.094039
vt 0.265625 0.079102
vt 0.273437 0.109402
vt 0.265625 0.109411
vt 0.257813 0.093967
vt 0.257867 0.078835
vt 0.257812 0.109402
vt 0.272895 0.064100
vt 0.273438 0.125000
vt 0.265625 0.125000
vt 0.257813 0.125000
vt 0.250000 0.125000
vt 0.250000 0.109393
vt 0.250000 0.093895
vt 0.250000 0.078523
vt 0.258355 0.064100
vt 0.250000 0.062500
vt 0.265625 0.064815
vt 0.265625 0.026235
vt 0.269002 0.037388
vt 0.265625 0.042101
vt 0.262248 0.037388
vt 0.271376 0.050083
vt 0.265625 0.051670
vt 0.259874 0.050083
vt 0.262248 0.037388
vt 0.265625 0.051670
vt 0.265625 0.000000
vt 0.269531 0.015625
vt 0.261719 0.015625
vt 0.273438 0.031250
vt 0.257813 0.031250
vt 0.277344 0.046875
vt 0.265625 0.064815
vt 0.253906 0.046875
vt 0.258355 0.064100
vt 0.273437 0.456368
vt 0.273438 0.469711
vt 0.265625 0.469711
vt 0.265625 0.456369
vt 0.273438 0.484495
vt 0.265625 0.484495
vt 0.257813 0.469711
vt 0.257812 0.456368
vt 0.257813 0.484495
vt 0.273438 0.445188
vt 0.273438 0.500000
vt 0.265625 0.500000
vt 0.257813 0.500000
vt 0.250000 0.500000
vt 0.250000 0.484495
vt 0.250000 0.469711
vt 0.250000 0.456369
vt 0.257813 0.445188
vt 0.250000 0.445188
vt 0.265625 0.445188
vt 0.273438 0.425394
vt 0.273438 0.430291
vt 0.265625 0.430291
vt 0.265625 0.425394
vt 0.273438 0.436653
vt 0.265625 0.436653
vt 0.257813 0.430291
vt 0.257813 0.425394
vt 0.257813 0.436653
vt 0.273438 0.421253
vt 0.273438 0.445188
vt 0.265625 0.445188
vt 0.257812 0.445188
vt 0.250000 0.445188
vt 0.250000 0.436653
vt 0.250000 0.430291
vt 0.250000 0.425394
vt 0.257812 0.421253
vt 0.250000 0.421253
vt 0.265625 0.421253
vt 0.242133 0.078835
vt 0.242188 0.093967
vt 0.234375 0.094039
vt 0.234375 0.079102
vt 0.242188 0.109402
vt 0.234375 0.109411
vt 0.226563 0.093967
vt 0.226617 0.078835
vt 0.226563 0.109402
vt 0.241645 0.064100
vt 0.242188 0.125000
vt 0.234375 0.125000
vt 0.226563 0.125000
vt 0.218750 0.125000
vt 0.218750 0.109393
vt 0.218750 0.093895
vt 0.218750 0.078523
vt 0.227105 0.064100
vt 0.218750 0.062500
vt 0.234375 0.064815
vt 0.234375 0.026235
vt 0.237752 0.037388
vt 0.234375 0.042101
vt 0.230998 0.037388
vt 0.240126 0.050083
vt 0.234375 0.051670
vt 0.237752 0.037388
vt 0.228624 0.050083
vt 0.230998 0.037388
vt 0.234375 0.051670
vt 0.234375 0.000000
vt 0.238281 0.015625
vt 0.230469 0.015625
vt 0.242188 0.031250
vt 0.226563 0.031250
vt 0.241645 0.064100
vt 0.246094 0.046875
vt 0.234375 0.064815
vt 0.222656 0.046875
vt 0.234375 0.064815
vt 0.242188 0.456368
vt 0.242188 0.469711
vt 0.234375 0.469711
vt 0.234375 0.456369
vt 0.242188 0.484495
vt 0.234375 0.484495
vt 0.226563 0.469711
vt 0.226563 0.456368
vt 0.226563 0.484495
vt 0.242188 0.445188
vt 0.242188 0.500000
vt 0.234375 0.500000
vt 0.226563 0.500000
vt 0.218750 0.500000
vt 0.218750 0.484495
vt 0.218750 0.469711
vt 0.218750 0.456369
vt 0.226563 0.445188
vt 0.218750 0.445188
vt 0.234375 0.445188
vt 0.242188 0.425394
vt 0.242188 0.430291
vt 0.234375 0.430291
vt 0.234375 0.425394
vt 0.242187 0.436653
vt 0.234375 0.436653
vt 0.226562 0.430291
vt 0.226563 0.425394
vt 0.226563 0.436653
vt 0.242188 0.421253
vt 0.242188 0.445188
vt 0.226563 0.445188
vt 0.218750 0.445188
vt 0.218750 0.436653
vt 0.218750 0.430291
vt 0.218750 0.425394
vt 0.226563 0.421253
vt 0.218750 0.421253
vt 0.234375 0.421253
vt 0.242188 0.328001
vt 0.242188 0.342758
vt 0.234375 0.342758
vt 0.234375 0.328001
vt 0.242187 0.356027
vt 0.234375 0.356027
vt 0.226562 0.342758
vt 0.226563 0.328001
vt 0.226563 0.356027
vt 0.242188 0.312500
vt 0.242188 0.367063
vt 0.234375 0.367063
vt 0.226563 0.367063
vt 0.218750 0.367063
vt 0.218750 0.356027
vt 0.218750 0.342758
vt 0.218750 0.328001
vt 0.226563 0.312500
vt 0.218750 0.312500
vt 0.234375 0.312500
vt 0.242188 0.265625
vt 0.242188 0.281250
vt 0.234375 0.281250
vt 0.234375 0.265625
vt 0.242187 0.296875
vt 0.234375 0.296875
vt 0.226562 0.281250
vt 0.226563 0.265625
vt 0.226563 0.296875
vt 0.242188 0.250000
vt 0.218750 0.296875
vt 0.218750 0.281250
vt 0.218750 0.265625
vt 0.226563 0.250000
vt 0.218750 0.250000
vt 0.234375 0.250000
vt 0.242188 0.203125
vt 0.242188 0.218750
vt 0.234375 0.218750
vt 0.234375 0.203125
vt 0.242187 0.234375
vt 0.234375 0.234375
vt 0.226562 0.218750
vt 0.226563 0.203125
vt 0.226563 0.234375
vt 0.242188 0.187500
vt 0.218750 0.234375
vt 0.218750 0.218750
vt 0.218750 0.203125
vt 0.226563 0.187500
vt 0.218750 0.187500
vt 0.234375 0.187500
vt 0.242188 0.140625
vt 0.242188 0.156250
vt 0.234375 0.156250
vt 0.234375 0.140625
vt 0.242187 0.171875
vt 0.234375 0.171875
vt 0.226562 0.156250
vt 0.226563 0.140625
vt 0.226563 0.171875
vt 0.242188 0.125000
vt 0.218750 0.171875
vt 0.218750 0.156250
vt 0.218750 0.140625
vt 0.226563 0.125000
vt 0.218750 0.125000
vt 0.234375 0.125000
vt 0.210938 0.265625
vt 0.210938 0.281250
vt 0.203125 0.281250
vt 0.203125 0.265625
vt 0.210938 0.296875
vt 0.203125 0.296875
vt 0.195313 0.281250
vt 0.195313 0.265625
vt 0.195313 0.296875
vt 0.210937 0.250000
vt 0.210937 0.312500
vt 0.203125 0.312500
vt 0.195313 0.312500
vt 0.187500 0.312500
vt 0.187500 0.296875
vt 0.187500 0.281250
vt 0.187500 0.265625
vt 0.195313 0.250000
vt 0.187500 0.250000
vt 0.203125 0.250000
vt 0.210938 0.203125
vt 0.210938 0.218750
vt 0.203125 0.218750
vt 0.203125 0.203125
vt 0.210938 0.234375
vt 0.203125 0.234375
vt 0.195313 0.218750
vt 0.195313 0.203125
vt 0.195313 0.234375
vt 0.210937 0.187500
vt 0.187500 0.234375
vt 0.187500 0.218750
vt 0.187500 0.203125
vt 0.195313 0.187500
vt 0.187500 0.187500
vt 0.203125 0.187500
vt 0.210938 0.140625
vt 0.210938 0.156250
vt 0.203125 0.156250
vt 0.203125 0.140625
vt 0.210938 0.171875
vt 0.203125 0.171875
vt 0.195313 0.156250
vt 0.195313 0.140625
vt 0.195313 0.171875
vt 0.210937 0.125000
vt 0.187500 0.171875
vt 0.187500 0.156250
vt 0.187500 0.140625
vt 0.195313 0.125000
vt 0.187500 0.125000
vt 0.203125 0.125000
vt 0.210883 0.078835
vt 0.210938 0.093967
vt 0.203125 0.094039
vt 0.203125 0.079102
vt 0.210938 0.109402
vt 0.203125 0.109411
vt 0.195313 0.093967
vt 0.195367 0.078835
vt 0.195313 0.109402
vt 0.210395 0.064100
vt 0.210938 0.125000
vt 0.203125 0.125000
vt 0.195313 0.125000
vt 0.187500 0.125000
vt 0.187500 0.109393
vt 0.187500 0.093895
vt 0.187500 0.078523
vt 0.195855 0.064100
vt 0.187500 0.062500
vt 0.203125 0.064815
vt 0.203125 0.026235
vt 0.206502 0.037388
vt 0.203125 0.042101
vt 0.199748 0.037388
vt 0.208876 0.050083
vt 0.203125 0.051670
vt 0.197374 0.050083
vt 0.199748 0.037388
vt 0.203125 0.051670
vt 0.203125 0.000000
vt 0.207031 0.015625
vt 0.199219 0.015625
vt 0.210938 0.031250
vt 0.195313 0.031250
vt 0.210395 0.064100
vt 0.214844 0.046875
vt 0.203125 0.064815
vt 0.210938 0.031250
vt 0.191406 0.046875
vt 0.203125 0.064815
vt 0.210938 0.456368
vt 0.210938 0.469711
vt 0.203125 0.469711
vt 0.203125 0.456369
vt 0.210938 0.484495
vt 0.203125 0.484495
vt 0.195313 0.469711
vt 0.195313 0.456368
vt 0.195313 0.484495
vt 0.210938 0.445188
vt 0.210938 0.500000
vt 0.203125 0.500000
vt 0.195313 0.500000
vt 0.187500 0.500000
vt 0.187500 0.484495
vt 0.187500 0.469711
vt 0.187500 0.456369
vt 0.195313 0.445188
vt 0.187500 0.445188
vt 0.203125 0.445188
vt 0.210938 0.425394
vt 0.210938 0.430291
vt 0.203125 0.430291
vt 0.203125 0.425394
vt 0.210938 0.436653
vt 0.203125 0.436653
vt 0.195313 0.430291
vt 0.195313 0.425394
vt 0.195313 0.436653
vt 0.210937 0.421253
vt 0.210937 0.445188
vt 0.203125 0.445188
vt 0.195313 0.445188
vt 0.187500 0.445188
vt 0.187500 0.436653
vt 0.187500 0.430291
vt 0.187500 0.425394
vt 0.195313 0.421253
vt 0.187500 0.421253
vt 0.203125 0.421253
vt 0.210938 0.328001
vt 0.210938 0.342758
vt 0.203125 0.342758
vt 0.203125 0.328001
vt 0.210938 0.356027
vt 0.203125 0.356027
vt 0.195313 0.342758
vt 0.195313 0.328001
vt 0.195313 0.356027
vt 0.210937 0.367063
vt 0.203125 0.367063
vt 0.195313 0.367063
vt 0.187500 0.367063
vt 0.187500 0.356027
vt 0.187500 0.342758
vt 0.187500 0.328001
vt 0.171875 0.026235
vt 0.175252 0.037388
vt 0.171875 0.042101
vt 0.168498 0.037388
vt 0.177626 0.050083
vt 0.171875 0.051670
vt 0.166124 0.050083
vt 0.168498 0.037388
vt 0.171875 0.051670
vt 0.171875 0.000000
vt 0.175781 0.015625
vt 0.167969 0.015625
vt 0.179688 0.031250
vt 0.164063 0.031250
vt 0.179145 0.064100
vt 0.183594 0.046875
vt 0.171875 0.064815
vt 0.179688 0.031250
vt 0.156250 0.062500
vt 0.160156 0.046875
vt 0.164605 0.064100
vt 0.164063 0.031250
vt 0.171875 0.064815
vt 0.179688 0.456368
vt 0.179688 0.469711
vt 0.171875 0.469711
vt 0.171875 0.456369
vt 0.179688 0.484495
vt 0.171875 0.484495
vt 0.164063 0.469711
vt 0.164063 0.456368
vt 0.164063 0.484495
vt 0.179688 0.445188
vt 0.179688 0.500000
vt 0.171875 0.500000
vt 0.164063 0.500000
vt 0.156250 0.500000
vt 0.156250 0.484495
vt 0.156250 0.469711
vt 0.156250 0.456369
vt 0.164062 0.445188
vt 0.156250 0.445188
vt 0.171875 0.445188
vt 0.179688 0.425394
vt 0.179688 0.430291
vt 0.171875 0.430291
vt 0.171875 0.425394
vt 0.179688 0.436653
vt 0.171875 0.436653
vt 0.164063 0.430291
vt 0.164063 0.425394
vt 0.164062 0.436653
vt 0.179688 0.421253
vt 0.179688 0.445188
vt 0.171875 0.445188
vt 0.164062 0.445188
vt 0.156250 0.445188
vt 0.156250 0.436653
vt 0.156250 0.430291
vt 0.156250 0.425394
vt 0.164062 0.421253
vt 0.156250 0.421253
vt 0.171875 0.421253
vt 0.179688 0.328001
vt 0.179688 0.342758
vt 0.171875 0.342758
vt 0.171875 0.328001
vt 0.179688 0.356027
vt 0.171875 0.356027
vt 0.164063 0.342758
vt 0.164063 0.328001
vt 0.164062 0.356027
vt 0.179688 0.312500
vt 0.179688 0.367063
vt 0.171875 0.367063
vt 0.164062 0.367063
vt 0.156250 0.367063
vt 0.156250 0.356027
vt 0.156250 0.342758
vt 0.156250 0.328001
vt 0.164062 0.312500
vt 0.156250 0.312500
vt 0.171875 0.312500
vt 0.179688 0.265625
vt 0.179688 0.281250
vt 0.171875 0.281250
vt 0.171875 0.265625
vt 0.179688 0.296875
vt 0.171875 0.296875
vt 0.164063 0.281250
vt 0.164063 0.265625
vt 0.164062 0.296875
vt 0.179688 0.250000
vt 0.156250 0.296875
vt 0.156250 0.281250
vt 0.156250 0.265625
vt 0.164062 0.250000
vt 0.156250 0.250000
vt 0.171875 0.250000
vt 0.179688 0.203125
vt 0.179688 0.218750
vt 0.171875 0.218750
vt 0.171875 0.203125
vt 0.179688 0.234375
vt 0.171875 0.234375
vt 0.164063 0.218750
vt 0.164063 0.203125
vt 0.164062 0.234375
vt 0.179688 0.187500
vt 0.156250 0.234375
vt 0.156250 0.218750
vt 0.156250 0.203125
vt 0.164062 0.187500
vt 0.156250 0.187500
vt 0.171875 0.187500
vt 0.179688 0.140625
vt 0.179688 0.156250
vt 0.171875 0.156250
vt 0.171875 0.140625
vt 0.179688 0.171875
vt 0.171875 0.171875
vt 0.164063 0.156250
vt 0.164063 0.140625
vt 0.164062 0.171875
vt 0.179688 0.125000
vt 0.156250 0.171875
vt 0.156250 0.156250
vt 0.156250 0.140625
vt 0.164062 0.125000
vt 0.156250 0.125000
vt 0.171875 0.125000
vt 0.179633 0.078835
vt 0.179688 0.093967
vt 0.171875 0.094039
vt 0.171875 0.079102
vt 0.179688 0.109402
vt 0.171875 0.109411
vt 0.164062 0.093967
vt 0.164117 0.078835
vt 0.164063 0.109402
vt 0.179145 0.064100
vt 0.179688 0.125000
vt 0.171875 0.125000
vt 0.164062 0.125000
vt 0.156250 0.125000
vt 0.156250 0.109393
vt 0.156250 0.093895
vt 0.156250 0.078523
vt 0.164605 0.064100
vt 0.171875 0.064815
vt 0.148438 0.265625
vt 0.148438 0.281250
vt 0.140625 0.281250
vt 0.140625 0.265625
vt 0.148438 0.296875
vt 0.140625 0.296875
vt 0.132813 0.281250
vt 0.132813 0.265625
vt 0.132813 0.296875
vt 0.148438 0.250000
vt 0.148438 0.312500
vt 0.140625 0.312500
vt 0.132813 0.312500
vt 0.125000 0.312500
vt 0.125000 0.296875
vt 0.125000 0.281250
vt 0.125000 0.265625
vt 0.132813 0.250000
vt 0.125000 0.250000
vt 0.140625 0.250000
vt 0.148438 0.203125
vt 0.148438 0.218750
vt 0.140625 0.218750
vt 0.140625 0.203125
vt 0.148438 0.234375
vt 0.140625 0.234375
vt 0.132813 0.218750
vt 0.132813 0.203125
vt 0.132813 0.234375
vt 0.148438 0.187500
vt 0.125000 0.234375
vt 0.125000 0.218750
vt 0.125000 0.203125
vt 0.132813 0.187500
vt 0.125000 0.187500
vt 0.140625 0.187500
vt 0.148438 0.140625
vt 0.148438 0.156250
vt 0.140625 0.156250
vt 0.140625 0.140625
vt 0.148438 0.171875
vt 0.140625 0.171875
vt 0.132813 0.156250
vt 0.132813 0.140625
vt 0.132813 0.171875
vt 0.148438 0.125000
vt 0.125000 0.171875
vt 0.125000 0.156250
vt 0.125000 0.140625
vt 0.132813 0.125000
vt 0.125000 0.125000
vt 0.140625 0.125000
vt 0.148383 0.078835
vt 0.148438 0.093967
vt 0.140625 0.094039
vt 0.140625 0.079102
vt 0.148438 0.109402
vt 0.140625 0.109411
vt 0.132812 0.093967
vt 0.132867 0.078835
vt 0.132813 0.109402
vt 0.147895 0.064100
vt 0.148438 0.125000
vt 0.140625 0.125000
vt 0.132812 0.125000
vt 0.125000 0.125000
vt 0.125000 0.109393
vt 0.125000 0.093895
vt 0.125000 0.078523
vt 0.133355 0.064100
vt 0.125000 0.062500
vt 0.140625 0.064815
vt 0.140625 0.026235
vt 0.144002 0.037388
vt 0.140625 0.042101
vt 0.137248 0.037388
vt 0.146376 0.050083
vt 0.140625 0.051670
vt 0.144002 0.037388
vt 0.134874 0.050083
vt 0.137248 0.037388
vt 0.140625 0.051670
vt 0.140625 0.000000
vt 0.144531 0.015625
vt 0.136719 0.015625
vt 0.148438 0.031250
vt 0.132813 0.031250
vt 0.152344 0.046875
vt 0.140625 0.064815
vt 0.128906 0.046875
vt 0.133355 0.064100
vt 0.148438 0.456368
vt 0.148438 0.469711
vt 0.140625 0.469711
vt 0.140625 0.456369
vt 0.148438 0.484495
vt 0.140625 0.484495
vt 0.132813 0.469711
vt 0.132813 0.456368
vt 0.132813 0.484495
vt 0.148438 0.445188
vt 0.148438 0.500000
vt 0.140625 0.500000
vt 0.132813 0.500000
vt 0.125000 0.500000
vt 0.125000 0.484495
vt 0.125000 0.469711
vt 0.125000 0.456369
vt 0.132812 0.445188
vt 0.125000 0.445188
vt 0.140625 0.445188
vt 0.148438 0.425394
vt 0.148438 0.430291
vt 0.140625 0.430291
vt 0.140625 0.425394
vt 0.148438 0.436653
vt 0.140625 0.436653
vt 0.132813 0.430291
vt 0.132813 0.425394
vt 0.132813 0.436653
vt 0.148438 0.421253
vt 0.148438 0.445188
vt 0.140625 0.445188
vt 0.132813 0.445188
vt 0.125000 0.445188
vt 0.125000 0.436653
vt 0.125000 0.430291
vt 0.125000 0.425394
vt 0.132813 0.421253
vt 0.125000 0.421253
vt 0.140625 0.421253
vt 0.148438 0.328001
vt 0.148438 0.342758
vt 0.140625 0.342758
vt 0.140625 0.328001
vt 0.148438 0.356027
vt 0.140625 0.356027
vt 0.132813 0.342758
vt 0.132813 0.328001
vt 0.132813 0.356027
vt 0.148438 0.367063
vt 0.140625 0.367063
vt 0.132813 0.367063
vt 0.125000 0.367063
vt 0.125000 0.356027
vt 0.125000 0.342758
vt 0.125000 0.328001
vt 0.109375 0.026235
vt 0.112752 0.037388
vt 0.109375 0.042101
vt 0.105998 0.037388
vt 0.115126 0.050083
vt 0.109375 0.051670
vt 0.112752 0.037388
vt 0.103624 0.050083
vt 0.105998 0.037388
vt 0.109375 0.051670
vt 0.109375 0.000000
vt 0.113281 0.015625
vt 0.105469 0.015625
vt 0.117188 0.031250
vt 0.101563 0.031250
vt 0.116645 0.064100
vt 0.121094 0.046875
vt 0.109375 0.064815
vt 0.093750 0.062500
vt 0.097656 0.046875
vt 0.102105 0.064100
vt 0.117188 0.456368
vt 0.117188 0.469711
vt 0.109375 0.469711
vt 0.109375 0.456369
vt 0.117188 0.484495
vt 0.109375 0.484495
vt 0.101563 0.469711
vt 0.101563 0.456368
vt 0.101563 0.484495
vt 0.117188 0.445188
vt 0.117188 0.500000
vt 0.109375 0.500000
vt 0.101563 0.500000
vt 0.093750 0.500000
vt 0.093750 0.484495
vt 0.093750 0.469711
vt 0.093750 0.456369
vt 0.101563 0.445188
vt 0.093750 0.445188
vt 0.109375 0.445188
vt 0.117188 0.425394
vt 0.117188 0.430291
vt 0.109375 0.430291
vt 0.109375 0.425394
vt 0.117188 0.436653
vt 0.109375 0.436653
vt 0.101563 0.430291
vt 0.101563 0.425394
vt 0.101563 0.436653
vt 0.117188 0.421253
vt 0.117188 0.445188
vt 0.109375 0.445188
vt 0.101562 0.445188
vt 0.093750 0.445188
vt 0.093750 0.436653
vt 0.093750 0.430291
vt 0.093750 0.425394
vt 0.101562 0.421253
vt 0.093750 0.421253
vt 0.109375 0.421253
vt 0.117188 0.328001
vt 0.117188 0.342758
vt 0.109375 0.342758
vt 0.109375 0.328001
vt 0.117188 0.356027
vt 0.109375 0.356027
vt 0.101563 0.342758
vt 0.101563 0.328001
vt 0.101563 0.356027
vt 0.117188 0.312500
vt 0.117188 0.367063
vt 0.109375 0.367063
vt 0.101562 0.367063
vt 0.093750 0.367063
vt 0.093750 0.356027
vt 0.093750 0.342758
vt 0.093750 0.328001
vt 0.101562 0.312500
vt 0.093750 0.312500
vt 0.109375 0.312500
vt 0.117188 0.265625
vt 0.117188 0.281250
vt 0.109375 0.281250
vt 0.109375 0.265625
vt 0.117188 0.296875
vt 0.109375 0.296875
vt 0.101563 0.281250
vt 0.101563 0.265625
vt 0.101563 0.296875
vt 0.117188 0.250000
vt 0.093750 0.296875
vt 0.093750 0.281250
vt 0.093750 0.265625
vt 0.101562 0.250000
vt 0.093750 0.250000
vt 0.109375 0.250000
vt 0.117188 0.203125
vt 0.117188 0.218750
vt 0.109375 0.218750
vt 0.109375 0.203125
vt 0.117188 0.234375
vt 0.109375 0.234375
vt 0.101563 0.218750
vt 0.101563 0.203125
vt 0.101563 0.234375
vt 0.117188 0.187500
vt 0.093750 0.234375
vt 0.093750 0.218750
vt 0.093750 0.203125
vt 0.101562 0.187500
vt 0.093750 0.187500
vt 0.109375 0.187500
vt 0.117188 0.140625
vt 0.117188 0.156250
vt 0.109375 0.156250
vt 0.109375 0.140625
vt 0.117188 0.171875
vt 0.109375 0.171875
vt 0.101563 0.156250
vt 0.101563 0.140625
vt 0.101563 0.171875
vt 0.117188 0.125000
vt 0.093750 0.171875
vt 0.093750 0.156250
vt 0.093750 0.140625
vt 0.101562 0.125000
vt 0.093750 0.125000
vt 0.109375 0.125000
vt 0.117133 0.078835
vt 0.117188 0.093967
vt 0.109375 0.094039
vt 0.109375 0.079102
vt 0.117188 0.109402
vt 0.109375 0.109411
vt 0.101563 0.093967
vt 0.101617 0.078835
vt 0.101563 0.109402
vt 0.116645 0.064100
vt 0.109375 0.125000
vt 0.101563 0.125000
vt 0.093750 0.125000
vt 0.093750 0.109393
vt 0.093750 0.093895
vt 0.093750 0.078523
vt 0.102105 0.064100
vt 0.109375 0.064815
vt 0.085938 0.203125
vt 0.085938 0.218750
vt 0.078125 0.218750
vt 0.078125 0.203125
vt 0.085938 0.234375
vt 0.078125 0.234375
vt 0.070313 0.218750
vt 0.070313 0.203125
vt 0.070313 0.234375
vt 0.085938 0.187500
vt 0.085938 0.250000
vt 0.078125 0.250000
vt 0.070313 0.250000
vt 0.062500 0.250000
vt 0.062500 0.234375
vt 0.062500 0.218750
vt 0.062500 0.203125
vt 0.070313 0.187500
vt 0.062500 0.187500
vt 0.078125 0.187500
vt 0.085938 0.140625
vt 0.085938 0.156250
vt 0.078125 0.156250
vt 0.078125 0.140625
vt 0.085938 0.171875
vt 0.078125 0.171875
vt 0.070313 0.156250
vt 0.070313 0.140625
vt 0.070313 0.171875
vt 0.085938 0.125000
vt 0.062500 0.171875
vt 0.062500 0.156250
vt 0.062500 0.140625
vt 0.070313 0.125000
vt 0.062500 0.125000
vt 0.078125 0.125000
vt 0.085883 0.078835
vt 0.085938 0.093967
vt 0.078125 0.094039
vt 0.078125 0.079102
vt 0.085938 0.109402
vt 0.078125 0.109411
vt 0.070312 0.093967
vt 0.070367 0.078835
vt 0.070312 0.109402
vt 0.085395 0.064100
vt 0.078125 0.125000
vt 0.070312 0.125000
vt 0.062500 0.125000
vt 0.062500 0.109393
vt 0.062500 0.093895
vt 0.062500 0.078523
vt 0.070855 0.064100
vt 0.062500 0.062500
vt 0.078125 0.064815
vt 0.078125 0.026235
vt 0.081502 0.037388
vt 0.078125 0.042101
vt 0.074748 0.037388
vt 0.083876 0.050083
vt 0.078125 0.051670
vt 0.072374 0.050083
vt 0.074748 0.037388
vt 0.078125 0.051670
vt 0.078125 0.000000
vt 0.082031 0.015625
vt 0.074219 0.015625
vt 0.085938 0.031250
vt 0.070313 0.031250
vt 0.089844 0.046875
vt 0.078125 0.064815
vt 0.066406 0.046875
vt 0.070313 0.031250
vt 0.078125 0.064815
vt 0.085938 0.456368
vt 0.085938 0.469711
vt 0.078125 0.469711
vt 0.078125 0.456369
vt 0.085938 0.484495
vt 0.078125 0.484495
vt 0.070313 0.469711
vt 0.070312 0.456368
vt 0.070312 0.484495
vt 0.085938 0.445188
vt 0.085938 0.500000
vt 0.078125 0.500000
vt 0.070313 0.500000
vt 0.062500 0.500000
vt 0.062500 0.484495
vt 0.062500 0.469711
vt 0.062500 0.456369
vt 0.070312 0.445188
vt 0.062500 0.445188
vt 0.078125 0.445188
vt 0.085938 0.425394
vt 0.085938 0.430291
vt 0.078125 0.430291
vt 0.078125 0.425394
vt 0.085938 0.436653
vt 0.078125 0.436653
vt 0.070313 0.430291
vt 0.070313 0.425394
vt 0.070313 0.436653
vt 0.085938 0.421253
vt 0.085938 0.445188
vt 0.070313 0.445188
vt 0.062500 0.445188
vt 0.062500 0.436653
vt 0.062500 0.430291
vt 0.062500 0.425394
vt 0.070313 0.421253
vt 0.062500 0.421253
vt 0.078125 0.421253
vt 0.085938 0.328001
vt 0.085938 0.342758
vt 0.078125 0.342758
vt 0.078125 0.328001
vt 0.085938 0.356027
vt 0.078125 0.356027
vt 0.070313 0.342758
vt 0.070313 0.328001
vt 0.070313 0.356027
vt 0.085938 0.312500
vt 0.085938 0.367063
vt 0.078125 0.367063
vt 0.070313 0.367063
vt 0.062500 0.367063
vt 0.062500 0.356027
vt 0.062500 0.342758
vt 0.062500 0.328001
vt 0.070313 0.312500
vt 0.062500 0.312500
vt 0.078125 0.312500
vt 0.085938 0.265625
vt 0.085938 0.281250
vt 0.078125 0.281250
vt 0.078125 0.265625
vt 0.085938 0.296875
vt 0.078125 0.296875
vt 0.070313 0.281250
vt 0.070313 0.265625
vt 0.070313 0.296875
vt 0.062500 0.296875
vt 0.062500 0.281250
vt 0.062500 0.265625
vt 0.054688 0.456368
vt 0.054687 0.469711
vt 0.046875 0.469711
vt 0.046875 0.456369
vt 0.054687 0.484495
vt 0.046875 0.484495
vt 0.039063 0.469711
vt 0.039062 0.456368
vt 0.039062 0.484495
vt 0.054688 0.445188
vt 0.054688 0.500000
vt 0.046875 0.500000
vt 0.039063 0.500000
vt 0.031250 0.500000
vt 0.031250 0.484495
vt 0.031250 0.469711
vt 0.031250 0.456369
vt 0.039063 0.445188
vt 0.031250 0.445188
vt 0.046875 0.445188
vt 0.054688 0.425394
vt 0.054688 0.430291
vt 0.046875 0.430291
vt 0.046875 0.425394
vt 0.054688 0.436653
vt 0.046875 0.436653
vt 0.039063 0.430291
vt 0.039063 0.425394
vt 0.039063 0.436653
vt 0.054688 0.421253
vt 0.054688 0.445188
vt 0.039063 0.445188
vt 0.031250 0.445188
vt 0.031250 0.436653
vt 0.031250 0.430291
vt 0.031250 0.425394
vt 0.039063 0.421253
vt 0.031250 0.421253
vt 0.046875 0.421253
vt 0.054688 0.328001
vt 0.054688 0.342758
vt 0.046875 0.342758
vt 0.046875 0.328001
vt 0.054688 0.356027
vt 0.046875 0.356027
vt 0.039063 0.342758
vt 0.039063 0.328001
vt 0.039063 0.356027
vt 0.054688 0.312500
vt 0.054688 0.367063
vt 0.046875 0.367063
vt 0.039063 0.367063
vt 0.031250 0.367063
vt 0.031250 0.356027
vt 0.031250 0.342758
vt 0.031250 0.328001
vt 0.039063 0.312500
vt 0.031250 0.312500
vt 0.046875 0.312500
vt 0.054688 0.265625
vt 0.054688 0.281250
vt 0.046875 0.281250
vt 0.046875 0.265625
vt 0.054688 0.296875
vt 0.046875 0.296875
vt 0.039063 0.281250
vt 0.039063 0.265625
vt 0.039063 0.296875
vt 0.054688 0.250000
vt 0.031250 0.296875
vt 0.031250 0.281250
vt 0.031250 0.265625
vt 0.039063 0.250000
vt 0.031250 0.250000
vt 0.046875 0.250000
vt 0.054688 0.203125
vt 0.054688 0.218750
vt 0.046875 0.218750
vt 0.046875 0.203125
vt 0.054688 0.234375
vt 0.046875 0.234375
vt 0.039063 0.218750
vt 0.039063 0.203125
vt 0.039063 0.234375
vt 0.054688 0.187500
vt 0.031250 0.234375
vt 0.031250 0.218750
vt 0.031250 0.203125
vt 0.039063 0.187500
vt 0.031250 0.187500
vt 0.046875 0.187500
vt 0.054688 0.140625
vt 0.054688 0.156250
vt 0.046875 0.156250
vt 0.046875 0.140625
vt 0.054688 0.171875
vt 0.046875 0.171875
vt 0.039063 0.156250
vt 0.039063 0.140625
vt 0.039063 0.171875
vt 0.054688 0.125000
vt 0.031250 0.171875
vt 0.031250 0.156250
vt 0.031250 0.140625
vt 0.039063 0.125000
vt 0.031250 0.125000
vt 0.046875 0.125000
vt 0.054633 0.078835
vt 0.054688 0.093967
vt 0.046875 0.094039
vt 0.046875 0.079102
vt 0.054688 0.109402
vt 0.046875 0.109411
vt 0.039063 0.093967
vt 0.039117 0.078835
vt 0.039062 0.109402
vt 0.054145 0.064100
vt 0.054688 0.125000
vt 0.046875 0.125000
vt 0.039063 0.125000
vt 0.031250 0.125000
vt 0.031250 0.109393
vt 0.031250 0.093895
vt 0.031250 0.078523
vt 0.039605 0.064100
vt 0.031250 0.062500
vt 0.046875 0.064815
vt 0.046875 0.026235
vt 0.050252 0.037388
vt 0.046875 0.042101
vt 0.043498 0.037388
vt 0.052626 0.050083
vt 0.046875 0.051670
vt 0.050252 0.037388
vt 0.041124 0.050083
vt 0.043498 0.037388
vt 0.046875 0.051670
vt 0.046875 0.000000
vt 0.050781 0.015625
vt 0.042969 0.015625
vt 0.054688 0.031250
vt 0.039063 0.031250
vt 0.054145 0.064100
vt 0.058594 0.046875
vt 0.046875 0.064815
vt 0.035156 0.046875
vt 0.039605 0.064100
vt 0.039063 0.031250
vt 0.046875 0.064815
vt 0.023438 0.203125
vt 0.023438 0.218750
vt 0.015625 0.218750
vt 0.015625 0.203125
vt 0.023438 0.234375
vt 0.015625 0.234375
vt 0.007813 0.218750
vt 0.007813 0.203125
vt 0.007813 0.234375
vt 0.031250 0.203125
vt 0.023438 0.187500
vt 0.031250 0.218750
vt 0.031250 0.234375
vt 0.031250 0.250000
vt 0.023438 0.250000
vt 0.015625 0.250000
vt 0.007813 0.250000
vt 0.000000 0.250000
vt 0.000000 0.234375
vt 0.000000 0.218750
vt 0.000000 0.203125
vt 0.007813 0.187500
vt 0.000000 0.187500
vt 0.015625 0.187500
vt 0.023438 0.140625
vt 0.023438 0.156250
vt 0.015625 0.156250
vt 0.015625 0.140625
vt 0.023438 0.171875
vt 0.015625 0.171875
vt 0.007813 0.156250
vt 0.007813 0.140625
vt 0.007813 0.171875
vt 0.031250 0.140625
vt 0.023438 0.125000
vt 0.031250 0.171875
vt 0.000000 0.171875
vt 0.000000 0.156250
vt 0.000000 0.140625
vt 0.007813 0.125000
vt 0.000000 0.125000
vt 0.015625 0.125000
vt 0.023383 0.078835
vt 0.023438 0.093967
vt 0.015625 0.094039
vt 0.015625 0.079102
vt 0.023438 0.109402
vt 0.015625 0.109411
vt 0.007813 0.093949
vt 0.007867 0.078796
vt 0.007812 0.109400
vt 0.022895 0.064100
vt 0.000000 0.109375
vt 0.000000 0.093750
vt 0.000000 0.078125
vt 0.008355 0.064091
vt 0.000000 0.062500
vt 0.015625 0.064815
vt 0.015625 0.026235
vt 0.019002 0.037388
vt 0.015625 0.042101
vt 0.012248 0.037388
vt 0.021376 0.050083
vt 0.015625 0.051670
vt 0.019002 0.037388
vt 0.009874 0.050083
vt 0.012248 0.037388
vt 0.015625 0.051670
vt 0.015625 0.000000
vt 0.019531 0.015625
vt 0.011719 0.015625
vt 0.023438 0.031250
vt 0.007813 0.031250
vt 0.022895 0.064100
vt 0.027344 0.046875
vt 0.015625 0.064815
vt 0.023438 0.031250
vt 0.003906 0.046875
vt 0.008355 0.064091
vt 0.023438 0.456311
vt 0.023438 0.469691
vt 0.015625 0.469551
vt 0.015625 0.455908
vt 0.023438 0.484493
vt 0.015625 0.484475
vt 0.007813 0.469211
vt 0.007813 0.454849
vt 0.007812 0.484433
vt 0.023438 0.445108
vt 0.023438 0.500000
vt 0.015625 0.500000
vt 0.007813 0.500000
vt 0.000000 0.500000
vt 0.000000 0.484375
vt 0.000000 0.468750
vt 0.000000 0.453125
vt 0.007813 0.442866
vt 0.000000 0.437500
vt 0.015625 0.444548
vt 0.023438 0.425391
vt 0.023438 0.430271
vt 0.015625 0.430128
vt 0.015625 0.425367
vt 0.023438 0.436595
vt 0.015625 0.436192
vt 0.007813 0.429782
vt 0.007813 0.425307
vt 0.007813 0.435133
vt 0.031250 0.421253
vt 0.031250 0.425394
vt 0.023438 0.421252
vt 0.031250 0.430291
vt 0.031250 0.436653
vt 0.000000 0.433407
vt 0.000000 0.429315
vt 0.000000 0.425222
vt 0.007813 0.421216
vt 0.000000 0.421129
vt 0.015625 0.421243
vt 0.023438 0.328004
vt 0.023438 0.342779
vt 0.015625 0.342923
vt 0.015625 0.328022
vt 0.023438 0.356086
vt 0.015625 0.356502
vt 0.007813 0.343275
vt 0.007813 0.328066
vt 0.007813 0.357595
vt 0.031250 0.312500
vt 0.031250 0.328001
vt 0.023438 0.312500
vt 0.031250 0.356027
vt 0.031250 0.367063
vt 0.023438 0.367146
vt 0.015625 0.367725
vt 0.007813 0.369461
vt 0.000000 0.375000
vt 0.000000 0.359375
vt 0.000000 0.343750
vt 0.000000 0.328125
vt 0.007813 0.312500
vt 0.000000 0.312500
vt 0.015625 0.312500
vt 0.023438 0.265625
vt 0.023438 0.281250
vt 0.015625 0.281250
vt 0.015625 0.265625
vt 0.023438 0.296875
vt 0.015625 0.296875
vt 0.007813 0.281250
vt 0.007813 0.265625
vt 0.007813 0.296875
vt 0.031250 0.265625
vt 0.031250 0.296875
vt 0.000000 0.296875
vt 0.000000 0.281250
vt 0.000000 0.265625
vt 0.992188 0.425307
vt 0.992188 0.429782
vt 0.984375 0.430128
vt 0.984375 0.425367
vt 0.992188 0.435133
vt 0.984375 0.436192
vt 0.976563 0.430271
vt 0.976562 0.425391
vt 0.976562 0.436595
vt 1.000000 0.421129
vt 1.000000 0.425222
vt 0.992188 0.421216
vt 1.000000 0.429315
vt 1.000000 0.433407
vt 1.000000 0.437500
vt 0.992188 0.442866
vt 0.984375 0.444548
vt 0.976563 0.445108
vt 0.968750 0.445188
vt 0.968750 0.436653
vt 0.968750 0.430291
vt 0.968750 0.425394
vt 0.976563 0.421252
vt 0.968750 0.421253
vt 0.984375 0.421243
vt 0.992188 0.328066
vt 0.992188 0.343275
vt 0.984375 0.342923
vt 0.984375 0.328022
vt 0.992188 0.357595
vt 0.984375 0.356502
vt 0.976563 0.342779
vt 0.976562 0.328004
vt 0.976562 0.356086
vt 1.000000 0.312500
vt 1.000000 0.328125
vt 0.992188 0.312500
vt 1.000000 0.343750
vt 1.000000 0.359375
vt 1.000000 0.375000
vt 0.992188 0.369461
vt 0.984375 0.367725
vt 0.976563 0.367146
vt 0.968750 0.367063
vt 0.968750 0.356027
vt 0.968750 0.342758
vt 0.968750 0.328001
vt 0.976563 0.312500
vt 0.968750 0.312500
vt 0.984375 0.312500
vt 0.992188 0.265625
vt 0.992188 0.281250
vt 0.984375 0.281250
vt 0.984375 0.265625
vt 0.992188 0.296875
vt 0.984375 0.296875
vt 0.976563 0.281250
vt 0.976562 0.265625
vt 0.976562 0.296875
vt 1.000000 0.250000
vt 1.000000 0.265625
vt 0.992188 0.250000
vt 1.000000 0.281250
vt 1.000000 0.296875
vt 0.968750 0.296875
vt 0.968750 0.281250
vt 0.968750 0.265625
vt 0.976563 0.250000
vt 0.968750 0.250000
vt 0.984375 0.250000
vt 0.992188 0.203125
vt 0.992188 0.218750
vt 0.984375 0.218750
vt 0.984375 0.203125
vt 0.992188 0.234375
vt 0.984375 0.234375
vt 0.976563 0.218750
vt 0.976562 0.203125
vt 0.976562 0.234375
vt 1.000000 0.187500
vt 1.000000 0.203125
vt 0.992188 0.187500
vt 1.000000 0.218750
vt 1.000000 0.234375
vt 0.968750 0.234375
vt 0.968750 0.218750
vt 0.968750 0.203125
vt 0.976563 0.187500
vt 0.968750 0.187500
vt 0.984375 0.187500
vt 0.992188 0.140625
vt 0.992188 0.156250
vt 0.984375 0.156250
vt 0.984375 0.140625
vt 0.992188 0.171875
vt 0.984375 0.171875
vt 0.976563 0.156250
vt 0.976562 0.140625
vt 0.976562 0.171875
vt 1.000000 0.125000
vt 1.000000 0.140625
vt 0.992188 0.125000
vt 1.000000 0.156250
vt 1.000000 0.171875
vt 0.968750 0.171875
vt 0.968750 0.156250
vt 0.968750 0.140625
vt 0.976563 0.125000
vt 0.968750 0.125000
vt 0.984375 0.125000
vt 0.992133 0.078796
vt 0.992188 0.093949
vt 0.984375 0.094039
vt 0.984375 0.079102
vt 0.992188 0.109400
vt 0.984375 0.109411
vt 0.976563 0.093967
vt 0.976617 0.078835
vt 0.976562 0.109402
vt 1.000000 0.062500
vt 1.000000 0.078125
vt 0.991645 0.064091
vt 1.000000 0.093750
vt 1.000000 0.109375
vt 0.968750 0.109393
vt 0.968750 0.093895
vt 0.968750 0.078523
vt 0.977105 0.064100
vt 0.968750 0.062500
vt 0.984375 0.064815
vt 0.984375 0.026235
vt 0.987752 0.037388
vt 0.984375 0.042101
vt 0.980998 0.037388
vt 0.990126 0.050083
vt 0.984375 0.051670
vt 0.987752 0.037388
vt 0.978624 0.050083
vt 0.980998 0.037388
vt 0.984375 0.051670
vt 0.984375 0.000000
vt 0.988281 0.015625
vt 0.980469 0.015625
vt 0.992188 0.031250
vt 0.976563 0.031250
vt 0.991645 0.064091
vt 0.996094 0.046875
vt 0.984375 0.064815
vt 0.972656 0.046875
vt 0.984375 0.064815
vt 0.992188 0.454849
vt 0.992188 0.469211
vt 0.984375 0.469551
vt 0.984375 0.455908
vt 0.992188 0.484433
vt 0.984375 0.484475
vt 0.976563 0.469691
vt 0.976562 0.456311
vt 0.976563 0.484493
vt 1.000000 0.453125
vt 1.000000 0.468750
vt 1.000000 0.484375
vt 1.000000 0.500000
vt 0.992188 0.500000
vt 0.984375 0.500000
vt 0.976563 0.500000
vt 0.968750 0.500000
vt 0.968750 0.484495
vt 0.968750 0.469711
vt 0.968750 0.456369
vt 0.960938 0.140625
vt 0.960938 0.156250
vt 0.953125 0.156250
vt 0.953125 0.140625
vt 0.960938 0.171875
vt 0.953125 0.171875
vt 0.945312 0.156250
vt 0.945313 0.140625
vt 0.945313 0.171875
vt 0.968750 0.125000
vt 0.968750 0.140625
vt 0.960938 0.125000
vt 0.968750 0.156250
vt 0.968750 0.171875
vt 0.968750 0.187500
vt 0.960938 0.187500
vt 0.953125 0.187500
vt 0.945313 0.187500
vt 0.937500 0.187500
vt 0.937500 0.171875
vt 0.937500 0.156250
vt 0.937500 0.140625
vt 0.945313 0.125000
vt 0.937500 0.125000
vt 0.953125 0.125000
vt 0.960883 0.078835
vt 0.960938 0.093967
vt 0.953125 0.094039
vt 0.953125 0.079102
vt 0.960938 0.109402
vt 0.953125 0.109411
vt 0.945313 0.093967
vt 0.945367 0.078835
vt 0.945312 0.109402
vt 0.960395 0.064100
vt 0.953125 0.125000
vt 0.945313 0.125000
vt 0.937500 0.125000
vt 0.937500 0.109393
vt 0.937500 0.093895
vt 0.937500 0.078523
vt 0.945855 0.064100
vt 0.937500 0.062500
vt 0.953125 0.064815
vt 0.953125 0.026235
vt 0.956502 0.037388
vt 0.953125 0.042101
vt 0.949748 0.037388
vt 0.958876 0.050083
vt 0.953125 0.051670
vt 0.956502 0.037388
vt 0.947374 0.050083
vt 0.949748 0.037388
vt 0.953125 0.051670
vt 0.953125 0.000000
vt 0.957031 0.015625
vt 0.949219 0.015625
vt 0.960938 0.031250
vt 0.945313 0.031250
vt 0.960395 0.064100
vt 0.964844 0.046875
vt 0.953125 0.064815
vt 0.941406 0.046875
vt 0.945855 0.064100
vt 0.953125 0.064815
vt 0.960938 0.456368
vt 0.960938 0.469711
vt 0.953125 0.469711
vt 0.953125 0.456369
vt 0.960938 0.484495
vt 0.953125 0.484495
vt 0.945313 0.469711
vt 0.945312 0.456368
vt 0.945313 0.484495
vt 0.960938 0.445188
vt 0.960938 0.500000
vt 0.953125 0.500000
vt 0.945313 0.500000
vt 0.937500 0.500000
vt 0.937500 0.484495
vt 0.937500 0.469711
vt 0.937500 0.456369
vt 0.945313 0.445188
vt 0.937500 0.445188
vt 0.953125 0.445188
vt 0.960938 0.425394
vt 0.960938 0.430291
vt 0.953125 0.430291
vt 0.953125 0.425394
vt 0.960938 0.436653
vt 0.953125 0.436653
vt 0.945312 0.430291
vt 0.945313 0.425394
vt 0.945313 0.436653
vt 0.968750 0.421253
vt 0.968750 0.425394
vt 0.960938 0.421253
vt 0.968750 0.430291
vt 0.968750 0.436653
vt 0.968750 0.445188
vt 0.960938 0.445188
vt 0.945313 0.445188
vt 0.937500 0.445188
vt 0.937500 0.436653
vt 0.937500 0.430291
vt 0.937500 0.425394
vt 0.945313 0.421253
vt 0.937500 0.421253
vt 0.953125 0.421253
vt 0.960938 0.328001
vt 0.960938 0.342758
vt 0.953125 0.342758
vt 0.953125 0.328001
vt 0.960938 0.356027
vt 0.953125 0.356027
vt 0.945312 0.342758
vt 0.945313 0.328001
vt 0.945313 0.356027
vt 0.968750 0.312500
vt 0.968750 0.328001
vt 0.960938 0.312500
vt 0.968750 0.342758
vt 0.968750 0.356027
vt 0.968750 0.367063
vt 0.960938 0.367063
vt 0.953125 0.367063
vt 0.945313 0.367063
vt 0.937500 0.367063
vt 0.937500 0.356027
vt 0.937500 0.342758
vt 0.937500 0.328001
vt 0.945313 0.312500
vt 0.937500 0.312500
vt 0.953125 0.312500
vt 0.960938 0.265625
vt 0.960938 0.281250
vt 0.953125 0.281250
vt 0.953125 0.265625
vt 0.960938 0.296875
vt 0.953125 0.296875
vt 0.945312 0.281250
vt 0.945313 0.265625
vt 0.945313 0.296875
vt 0.968750 0.250000
vt 0.968750 0.265625
vt 0.960938 0.250000
vt 0.968750 0.281250
vt 0.968750 0.296875
vt 0.937500 0.296875
vt 0.937500 0.281250
vt 0.937500 0.265625
vt 0.945313 0.250000
vt 0.937500 0.250000
vt 0.953125 0.250000
vt 0.960938 0.203125
vt 0.960938 0.218750
vt 0.953125 0.218750
vt 0.953125 0.203125
vt 0.960938 0.234375
vt 0.953125 0.234375
vt 0.945312 0.218750
vt 0.945313 0.203125
vt 0.945313 0.234375
vt 0.968750 0.203125
vt 0.968750 0.218750
vt 0.968750 0.234375
vt 0.937500 0.234375
vt 0.937500 0.218750
vt 0.937500 0.203125
vt 0.929688 0.328001
vt 0.929688 0.342758
vt 0.921875 0.342758
vt 0.921875 0.328001
vt 0.929688 0.356027
vt 0.921875 0.356027
vt 0.914063 0.342758
vt 0.914063 0.328001
vt 0.914063 0.356027
vt 0.929688 0.312500
vt 0.929688 0.367063
vt 0.921875 0.367063
vt 0.914063 0.367063
vt 0.906250 0.367063
vt 0.906250 0.356027
vt 0.906250 0.342758
vt 0.906250 0.328001
vt 0.914063 0.312500
vt 0.906250 0.312500
vt 0.921875 0.312500
vt 0.929688 0.265625
vt 0.929688 0.281250
vt 0.921875 0.281250
vt 0.921875 0.265625
vt 0.929688 0.296875
vt 0.921875 0.296875
vt 0.914063 0.281250
vt 0.914063 0.265625
vt 0.914063 0.296875
vt 0.929688 0.250000
vt 0.906250 0.296875
vt 0.906250 0.281250
vt 0.906250 0.265625
vt 0.914063 0.250000
vt 0.906250 0.250000
vt 0.921875 0.250000
vt 0.929688 0.203125
vt 0.929688 0.218750
vt 0.921875 0.218750
vt 0.921875 0.203125
vt 0.929688 0.234375
vt 0.921875 0.234375
vt 0.914063 0.218750
vt 0.914063 0.203125
vt 0.914063 0.234375
vt 0.929688 0.187500
vt 0.906250 0.234375
vt 0.906250 0.218750
vt 0.906250 0.203125
vt 0.914063 0.187500
vt 0.906250 0.187500
vt 0.921875 0.187500
vt 0.929688 0.140625
vt 0.929688 0.156250
vt 0.921875 0.156250
vt 0.921875 0.140625
vt 0.929688 0.171875
vt 0.921875 0.171875
vt 0.914063 0.156250
vt 0.914063 0.140625
vt 0.914063 0.171875
vt 0.929688 0.125000
vt 0.906250 0.171875
vt 0.906250 0.156250
vt 0.906250 0.140625
vt 0.914063 0.125000
vt 0.906250 0.125000
vt 0.921875 0.125000
vt 0.929633 0.078835
vt 0.929688 0.093967
vt 0.921875 0.094039
vt 0.921875 0.079102
vt 0.929688 0.109402
vt 0.921875 0.109411
vt 0.914063 0.093967
vt 0.914117 0.078835
vt 0.914063 0.109402
vt 0.929145 0.064100
vt 0.921875 0.125000
vt 0.914063 0.125000
vt 0.906250 0.125000
vt 0.906250 0.109393
vt 0.906250 0.093895
vt 0.906250 0.078523
vt 0.914605 0.064100
vt 0.906250 0.062500
vt 0.921875 0.064815
vt 0.921875 0.026235
vt 0.925252 0.037388
vt 0.921875 0.042101
vt 0.918498 0.037388
vt 0.927626 0.050083
vt 0.921875 0.051670
vt 0.925252 0.037388
vt 0.916124 0.050083
vt 0.918498 0.037388
vt 0.921875 0.051670
vt 0.921875 0.000000
vt 0.925781 0.015625
vt 0.917969 0.015625
vt 0.929688 0.031250
vt 0.914063 0.031250
vt 0.933594 0.046875
vt 0.921875 0.064815
vt 0.910156 0.046875
vt 0.914605 0.064100
vt 0.929688 0.456368
vt 0.929688 0.469711
vt 0.921875 0.469711
vt 0.921875 0.456369
vt 0.929688 0.484495
vt 0.921875 0.484495
vt 0.914063 0.469711
vt 0.914063 0.456368
vt 0.914063 0.484495
vt 0.929688 0.445188
vt 0.929688 0.500000
vt 0.921875 0.500000
vt 0.914063 0.500000
vt 0.906250 0.500000
vt 0.906250 0.484495
vt 0.906250 0.469711
vt 0.906250 0.456369
vt 0.914063 0.445188
vt 0.906250 0.445188
vt 0.921875 0.445188
vt 0.929688 0.425394
vt 0.929688 0.430291
vt 0.921875 0.430291
vt 0.921875 0.425394
vt 0.929688 0.436653
vt 0.921875 0.436653
vt 0.914063 0.430291
vt 0.914063 0.425394
vt 0.914063 0.436653
vt 0.929688 0.421253
vt 0.929688 0.445188
vt 0.914063 0.445188
vt 0.906250 0.445188
vt 0.906250 0.436653
vt 0.906250 0.430291
vt 0.906250 0.425394
vt 0.914063 0.421253
vt 0.906250 0.421253
vt 0.921875 0.421253
vt 0.898383 0.078835
vt 0.898438 0.093967
vt 0.890625 0.094039
vt 0.890625 0.079102
vt 0.898438 0.109402
vt 0.890625 0.109411
vt 0.882813 0.093967
vt 0.882867 0.078835
vt 0.882813 0.109402
vt 0.897895 0.064100
vt 0.898438 0.125000
vt 0.890625 0.125000
vt 0.882813 0.125000
vt 0.875000 0.125000
vt 0.875000 0.109393
vt 0.875000 0.093895
vt 0.875000 0.078523
vt 0.883355 0.064100
vt 0.875000 0.062500
vt 0.890625 0.064815
vt 0.890625 0.026235
vt 0.894002 0.037388
vt 0.890625 0.042101
vt 0.887248 0.037388
vt 0.896376 0.050083
vt 0.890625 0.051670
vt 0.894002 0.037388
vt 0.884874 0.050083
vt 0.887248 0.037388
vt 0.890625 0.051670
vt 0.890625 0.000000
vt 0.894531 0.015625
vt 0.886719 0.015625
vt 0.898438 0.031250
vt 0.882813 0.031250
vt 0.897895 0.064100
vt 0.902344 0.046875
vt 0.890625 0.064815
vt 0.878906 0.046875
vt 0.883355 0.064100
vt 0.898438 0.456368
vt 0.898438 0.469711
vt 0.890625 0.469711
vt 0.890625 0.456369
vt 0.898438 0.484495
vt 0.890625 0.484495
vt 0.882813 0.469711
vt 0.882813 0.456368
vt 0.882813 0.484495
vt 0.898438 0.445188
vt 0.898438 0.500000
vt 0.890625 0.500000
vt 0.882813 0.500000
vt 0.875000 0.500000
vt 0.875000 0.484495
vt 0.875000 0.469711
vt 0.875000 0.456369
vt 0.882813 0.445188
vt 0.875000 0.445188
vt 0.890625 0.445188
vt 0.898438 0.425394
vt 0.898438 0.430291
vt 0.890625 0.430291
vt 0.890625 0.425394
vt 0.898438 0.436653
vt 0.890625 0.436653
vt 0.882812 0.430291
vt 0.882813 0.425394
vt 0.882813 0.436653
vt 0.898438 0.421253
vt 0.898438 0.445188
vt 0.882813 0.445188
vt 0.875000 0.445188
vt 0.875000 0.436653
vt 0.875000 0.430291
vt 0.875000 0.425394
vt 0.882813 0.421253
vt 0.875000 0.421253
vt 0.890625 0.421253
vt 0.898438 0.328001
vt 0.898438 0.342758
vt 0.890625 0.342758
vt 0.890625 0.328001
vt 0.898438 0.356027
vt 0.890625 0.356027
vt 0.882812 0.342758
vt 0.882813 0.328001
vt 0.882813 0.356027
vt 0.898438 0.312500
vt 0.898438 0.367063
vt 0.890625 0.367063
vt 0.882813 0.367063
vt 0.875000 0.367063
vt 0.875000 0.356027
vt 0.875000 0.342758
vt 0.875000 0.328001
vt 0.882813 0.312500
vt 0.875000 0.312500
vt 0.890625 0.312500
vt 0.898438 0.265625
vt 0.898438 0.281250
vt 0.890625 0.281250
vt 0.890625 0.265625
vt 0.898438 0.296875
vt 0.890625 0.296875
vt 0.882812 0.281250
vt 0.882813 0.265625
vt 0.882813 0.296875
vt 0.898438 0.250000
vt 0.875000 0.296875
vt 0.875000 0.281250
vt 0.875000 0.265625
vt 0.882813 0.250000
vt 0.875000 0.250000
vt 0.890625 0.250000
vt 0.898438 0.203125
vt 0.898438 0.218750
vt 0.890625 0.218750
vt 0.890625 0.203125
vt 0.898438 0.234375
vt 0.890625 0.234375
vt 0.882812 0.218750
vt 0.882813 0.203125
vt 0.882813 0.234375
vt 0.898438 0.187500
vt 0.875000 0.234375
vt 0.875000 0.218750
vt 0.875000 0.203125
vt 0.882813 0.187500
vt 0.875000 0.187500
vt 0.890625 0.187500
vt 0.898438 0.140625
vt 0.898438 0.156250
vt 0.890625 0.156250
vt 0.890625 0.140625
vt 0.898438 0.171875
vt 0.890625 0.171875
vt 0.882812 0.156250
vt 0.882813 0.140625
vt 0.882813 0.171875
vt 0.898438 0.125000
vt 0.875000 0.171875
vt 0.875000 0.156250
vt 0.875000 0.140625
vt 0.882813 0.125000
vt 0.875000 0.125000
vt 0.890625 0.125000
vt 0.867188 0.328001
vt 0.867188 0.342758
vt 0.859375 0.342758
vt 0.859375 0.328001
vt 0.867188 0.356027
vt 0.859375 0.356027
vt 0.851563 0.342758
vt 0.851562 0.328001
vt 0.851563 0.356027
vt 0.867188 0.312500
vt 0.867188 0.367063
vt 0.859375 0.367063
vt 0.851563 0.367063
vt 0.843750 0.367063
vt 0.843750 0.356027
vt 0.843750 0.342758
vt 0.843750 0.328001
vt 0.851563 0.312500
vt 0.843750 0.312500
vt 0.859375 0.312500
vt 0.867188 0.265625
vt 0.867188 0.281250
vt 0.859375 0.281250
vt 0.859375 0.265625
vt 0.867188 0.296875
vt 0.859375 0.296875
vt 0.851563 0.281250
vt 0.851562 0.265625
vt 0.851563 0.296875
vt 0.867188 0.250000
vt 0.843750 0.296875
vt 0.843750 0.281250
vt 0.843750 0.265625
vt 0.851563 0.250000
vt 0.843750 0.250000
vt 0.859375 0.250000
vt 0.867188 0.203125
vt 0.867188 0.218750
vt 0.859375 0.218750
vt 0.859375 0.203125
vt 0.867188 0.234375
vt 0.859375 0.234375
vt 0.851563 0.218750
vt 0.851562 0.203125
vt 0.851563 0.234375
vt 0.867188 0.187500
vt 0.843750 0.234375
vt 0.843750 0.218750
vt 0.843750 0.203125
vt 0.851563 0.187500
vt 0.843750 0.187500
vt 0.859375 0.187500
vt 0.867188 0.140625
vt 0.867188 0.156250
vt 0.859375 0.156250
vt 0.859375 0.140625
vt 0.867188 0.171875
vt 0.859375 0.171875
vt 0.851563 0.156250
vt 0.851562 0.140625
vt 0.851563 0.171875
vt 0.867188 0.125000
vt 0.843750 0.171875
vt 0.843750 0.156250
vt 0.843750 0.140625
vt 0.851563 0.125000
vt 0.843750 0.125000
vt 0.859375 0.125000
vt 0.867133 0.078835
vt 0.867188 0.093967
vt 0.859375 0.094039
vt 0.859375 0.079102
vt 0.867188 0.109402
vt 0.859375 0.109411
vt 0.851563 0.093967
vt 0.851617 0.078835
vt 0.851562 0.109402
vt 0.866645 0.064100
vt 0.867188 0.125000
vt 0.859375 0.125000
vt 0.851563 0.125000
vt 0.843750 0.125000
vt 0.843750 0.109393
vt 0.843750 0.093895
vt 0.843750 0.078523
vt 0.852105 0.064100
vt 0.843750 0.062500
vt 0.859375 0.064815
vt 0.859375 0.026235
vt 0.862752 0.037388
vt 0.859375 0.042101
vt 0.855998 0.037388
vt 0.865126 0.050083
vt 0.859375 0.051670
vt 0.862752 0.037388
vt 0.853624 0.050083
vt 0.855998 0.037388
vt 0.859375 0.051670
vt 0.859375 0.000000
vt 0.863281 0.015625
vt 0.855469 0.015625
vt 0.867188 0.031250
vt 0.851563 0.031250
vt 0.866645 0.064100
vt 0.871094 0.046875
vt 0.859375 0.064815
vt 0.867188 0.031250
vt 0.847656 0.046875
vt 0.852105 0.064100
vt 0.859375 0.064815
vt 0.867188 0.456368
vt 0.867188 0.469711
vt 0.859375 0.469711
vt 0.859375 0.456369
vt 0.867188 0.484495
vt 0.859375 0.484495
vt 0.851563 0.469711
vt 0.851562 0.456368
vt 0.851562 0.484495
vt 0.867188 0.445188
vt 0.867188 0.500000
vt 0.859375 0.500000
vt 0.851563 0.500000
vt 0.843750 0.500000
vt 0.843750 0.484495
vt 0.843750 0.469711
vt 0.843750 0.456369
vt 0.851563 0.445188
vt 0.843750 0.445188
vt 0.859375 0.445188
vt 0.867188 0.425394
vt 0.867188 0.430291
vt 0.859375 0.430291
vt 0.859375 0.425394
vt 0.867188 0.436653
vt 0.859375 0.436653
vt 0.851563 0.430291
vt 0.851562 0.425394
vt 0.851563 0.436653
vt 0.867188 0.421253
vt 0.867188 0.445188
vt 0.859375 0.445188
vt 0.851563 0.445188
vt 0.843750 0.445188
vt 0.843750 0.436653
vt 0.843750 0.430291
vt 0.843750 0.425394
vt 0.851563 0.421253
vt 0.843750 0.421253
vt 0.859375 0.421253
vt 0.835883 0.078835
vt 0.835938 0.093967
vt 0.828125 0.094039
vt 0.828125 0.079102
vt 0.835938 0.109402
vt 0.828125 0.109411
vt 0.820313 0.093967
vt 0.820367 0.078835
vt 0.820312 0.109402
vt 0.835395 0.064100
vt 0.835938 0.125000
vt 0.828125 0.125000
vt 0.820313 0.125000
vt 0.812500 0.125000
vt 0.812500 0.109393
vt 0.812500 0.093895
vt 0.812500 0.078523
vt 0.820855 0.064100
vt 0.812500 0.062500
vt 0.828125 0.064815
vt 0.828125 0.026235
vt 0.831502 0.037388
vt 0.828125 0.042101
vt 0.824748 0.037388
vt 0.833876 0.050083
vt 0.828125 0.051670
vt 0.822374 0.050083
vt 0.824748 0.037388
vt 0.828125 0.051670
vt 0.828125 0.000000
vt 0.832031 0.015625
vt 0.824219 0.015625
vt 0.835938 0.031250
vt 0.820313 0.031250
vt 0.839844 0.046875
vt 0.828125 0.064815
vt 0.816406 0.046875
vt 0.820855 0.064100
vt 0.820313 0.031250
vt 0.828125 0.064815
vt 0.835938 0.456368
vt 0.835938 0.469711
vt 0.828125 0.469711
vt 0.828125 0.456369
vt 0.835938 0.484495
vt 0.828125 0.484495
vt 0.820312 0.469711
vt 0.820312 0.456368
vt 0.820313 0.484495
vt 0.835938 0.445188
vt 0.835938 0.500000
vt 0.828125 0.500000
vt 0.820313 0.500000
vt 0.812500 0.500000
vt 0.812500 0.484495
vt 0.812500 0.469711
vt 0.812500 0.456369
vt 0.820313 0.445188
vt 0.812500 0.445188
vt 0.828125 0.445188
vt 0.835938 0.425394
vt 0.835938 0.430291
vt 0.828125 0.430291
vt 0.828125 0.425394
vt 0.835938 0.436653
vt 0.828125 0.436653
vt 0.820313 0.430291
vt 0.820312 0.425394
vt 0.820313 0.436653
vt 0.835938 0.421253
vt 0.835938 0.445188
vt 0.820312 0.445188
vt 0.812500 0.445188
vt 0.812500 0.436653
vt 0.812500 0.430291
vt 0.812500 0.425394
vt 0.820312 0.421253
vt 0.812500 0.421253
vt 0.828125 0.421253
vt 0.835938 0.328001
vt 0.835938 0.342758
vt 0.828125 0.342758
vt 0.828125 0.328001
vt 0.835938 0.356027
vt 0.828125 0.356027
vt 0.820313 0.342758
vt 0.820312 0.328001
vt 0.820313 0.356027
vt 0.835938 0.312500
vt 0.835938 0.367063
vt 0.828125 0.367063
vt 0.820312 0.367063
vt 0.812500 0.367063
vt 0.812500 0.356027
vt 0.812500 0.342758
vt 0.812500 0.328001
vt 0.820312 0.312500
vt 0.812500 0.312500
vt 0.828125 0.312500
vt 0.835938 0.265625
vt 0.835938 0.281250
vt 0.828125 0.281250
vt 0.828125 0.265625
vt 0.835938 0.296875
vt 0.828125 0.296875
vt 0.820313 0.281250
vt 0.820312 0.265625
vt 0.820313 0.296875
vt 0.835938 0.250000
vt 0.812500 0.296875
vt 0.812500 0.281250
vt 0.812500 0.265625
vt 0.820312 0.250000
vt 0.812500 0.250000
vt 0.828125 0.250000
vt 0.835938 0.203125
vt 0.835938 0.218750
vt 0.828125 0.218750
vt 0.828125 0.203125
vt 0.835938 0.234375
vt 0.828125 0.234375
vt 0.820313 0.218750
vt 0.820312 0.203125
vt 0.820313 0.234375
vt 0.835938 0.187500
vt 0.812500 0.234375
vt 0.812500 0.218750
vt 0.812500 0.203125
vt 0.820312 0.187500
vt 0.812500 0.187500
vt 0.828125 0.187500
vt 0.835938 0.140625
vt 0.835938 0.156250
vt 0.828125 0.156250
vt 0.828125 0.140625
vt 0.835938 0.171875
vt 0.828125 0.171875
vt 0.820313 0.156250
vt 0.820312 0.140625
vt 0.820313 0.171875
vt 0.812500 0.171875
vt 0.812500 0.156250
vt 0.812500 0.140625
vt 0.820312 0.125000
vt 0.812500 0.125000
vt 0.828125 0.125000
vt 0.804687 0.265625
vt 0.804688 0.281250
vt 0.796875 0.281250
vt 0.796875 0.265625
vt 0.804688 0.296875
vt 0.796875 0.296875
vt 0.789063 0.281250
vt 0.789063 0.265625
vt 0.789063 0.296875
vt 0.804688 0.250000
vt 0.804688 0.312500
vt 0.796875 0.312500
vt 0.789063 0.312500
vt 0.781250 0.312500
vt 0.781250 0.296875
vt 0.781250 0.281250
vt 0.781250 0.265625
vt 0.789063 0.250000
vt 0.781250 0.250000
vt 0.796875 0.250000
vt 0.804687 0.203125
vt 0.804688 0.218750
vt 0.796875 0.218750
vt 0.796875 0.203125
vt 0.804688 0.234375
vt 0.796875 0.234375
vt 0.789063 0.218750
vt 0.789063 0.203125
vt 0.789063 0.234375
vt 0.804688 0.187500
vt 0.781250 0.234375
vt 0.781250 0.218750
vt 0.781250 0.203125
vt 0.789063 0.187500
vt 0.781250 0.187500
vt 0.796875 0.187500
vt 0.804687 0.140625
vt 0.804688 0.156250
vt 0.796875 0.156250
vt 0.796875 0.140625
vt 0.804688 0.171875
vt 0.796875 0.171875
vt 0.789063 0.156250
vt 0.789063 0.140625
vt 0.789063 0.171875
vt 0.804688 0.125000
vt 0.781250 0.171875
vt 0.781250 0.156250
vt 0.781250 0.140625
vt 0.789063 0.125000
vt 0.781250 0.125000
vt 0.796875 0.125000
vt 0.804633 0.078835
vt 0.804688 0.093967
vt 0.796875 0.094039
vt 0.796875 0.079102
vt 0.804688 0.109402
vt 0.796875 0.109411
vt 0.789063 0.093967
vt 0.789117 0.078835
vt 0.789063 0.109402
vt 0.804145 0.064100
vt 0.796875 0.125000
vt 0.789063 0.125000
vt 0.781250 0.125000
vt 0.781250 0.109393
vt 0.781250 0.093895
vt 0.781250 0.078523
vt 0.789605 0.064100
vt 0.781250 0.062500
vt 0.796875 0.064815
vt 0.796875 0.026235
vt 0.800252 0.037388
vt 0.796875 0.042101
vt 0.793498 0.037388
vt 0.802626 0.050083
vt 0.796875 0.051670
vt 0.800252 0.037388
vt 0.791124 0.050083
vt 0.793498 0.037388
vt 0.796875 0.051670
vt 0.796875 0.000000
vt 0.800781 0.015625
vt 0.792969 0.015625
vt 0.804688 0.031250
vt 0.789063 0.031250
vt 0.804145 0.064100
vt 0.808594 0.046875
vt 0.796875 0.064815
vt 0.785156 0.046875
vt 0.789605 0.064100
vt 0.796875 0.064815
vt 0.804688 0.456368
vt 0.804688 0.469711
vt 0.796875 0.469711
vt 0.796875 0.456369
vt 0.804688 0.484495
vt 0.796875 0.484495
vt 0.789063 0.469711
vt 0.789063 0.456368
vt 0.789063 0.484495
vt 0.804688 0.445188
vt 0.804688 0.500000
vt 0.796875 0.500000
vt 0.789063 0.500000
vt 0.781250 0.500000
vt 0.781250 0.484495
vt 0.781250 0.469711
vt 0.781250 0.456369
vt 0.789063 0.445188
vt 0.781250 0.445188
vt 0.796875 0.445188
vt 0.804687 0.425394
vt 0.804688 0.430291
vt 0.796875 0.430291
vt 0.796875 0.425394
vt 0.804688 0.436653
vt 0.796875 0.436653
vt 0.789063 0.430291
vt 0.789063 0.425394
vt 0.789063 0.436653
vt 0.804688 0.421253
vt 0.804688 0.445188
vt 0.796875 0.445188
vt 0.789063 0.445188
vt 0.781250 0.445188
vt 0.781250 0.436653
vt 0.781250 0.430291
vt 0.781250 0.425394
vt 0.789063 0.421253
vt 0.781250 0.421253
vt 0.796875 0.421253
vt 0.804687 0.328001
vt 0.804688 0.342758
vt 0.796875 0.342758
vt 0.796875 0.328001
vt 0.804688 0.356027
vt 0.796875 0.356027
vt 0.789063 0.342758
vt 0.789063 0.328001
vt 0.789063 0.356027
vt 0.804688 0.367063
vt 0.796875 0.367063
vt 0.789063 0.367063
vt 0.781250 0.367063
vt 0.781250 0.356027
vt 0.781250 0.342758
vt 0.781250 0.328001
vt 0.765625 0.026235
vt 0.769002 0.037388
vt 0.765625 0.042101
vt 0.762248 0.037388
vt 0.771376 0.050083
vt 0.765625 0.051670
vt 0.759874 0.050083
vt 0.762248 0.037388
vt 0.765625 0.051670
vt 0.765625 0.000000
vt 0.769531 0.015625
vt 0.761719 0.015625
vt 0.773438 0.031250
vt 0.757813 0.031250
vt 0.772895 0.064100
vt 0.777344 0.046875
vt 0.765625 0.064815
vt 0.773438 0.031250
vt 0.753906 0.046875
vt 0.758355 0.064100
vt 0.773438 0.456368
vt 0.773438 0.469711
vt 0.765625 0.469711
vt 0.765625 0.456369
vt 0.773438 0.484495
vt 0.765625 0.484495
vt 0.757813 0.469711
vt 0.757813 0.456368
vt 0.757813 0.484495
vt 0.773438 0.445188
vt 0.773438 0.500000
vt 0.765625 0.500000
vt 0.757813 0.500000
vt 0.757812 0.445188
vt 0.765625 0.445188
vt 0.773438 0.425394
vt 0.773438 0.430291
vt 0.765625 0.430291
vt 0.765625 0.425394
vt 0.773438 0.436653
vt 0.765625 0.436653
vt 0.757813 0.430291
vt 0.757813 0.425394
vt 0.757812 0.436653
vt 0.773438 0.421253
vt 0.773438 0.445188
vt 0.765625 0.445188
vt 0.757813 0.445188
vt 0.757813 0.421253
vt 0.765625 0.421253
vt 0.773438 0.328001
vt 0.773438 0.342758
vt 0.765625 0.342758
vt 0.765625 0.328001
vt 0.773438 0.356027
vt 0.765625 0.356027
vt 0.757813 0.342758
vt 0.757813 0.328001
vt 0.757812 0.356027
vt 0.773438 0.312500
vt 0.773438 0.367063
vt 0.765625 0.367063
vt 0.757813 0.367063
vt 0.757813 0.312500
vt 0.765625 0.312500
vt 0.773438 0.265625
vt 0.773438 0.281250
vt 0.765625 0.281250
vt 0.765625 0.265625
vt 0.773438 0.296875
vt 0.765625 0.296875
vt 0.757813 0.281250
vt 0.757813 0.265625
vt 0.757812 0.296875
vt 0.773438 0.250000
vt 0.757813 0.250000
vt 0.765625 0.250000
vt 0.773438 0.203125
vt 0.773438 0.218750
vt 0.765625 0.218750
vt 0.765625 0.203125
vt 0.773438 0.234375
vt 0.765625 0.234375
vt 0.757813 0.218750
vt 0.757813 0.203125
vt 0.757812 0.234375
vt 0.773438 0.187500
vt 0.757813 0.187500
vt 0.765625 0.187500
vt 0.773438 0.140625
vt 0.773438 0.156250
vt 0.765625 0.156250
vt 0.765625 0.140625
vt 0.773438 0.171875
vt 0.765625 0.171875
vt 0.757813 0.156250
vt 0.757813 0.140625
vt 0.757812 0.171875
vt 0.773438 0.125000
vt 0.757813 0.125000
vt 0.765625 0.125000
vt 0.773383 0.078835
vt 0.773438 0.093967
vt 0.765625 0.094039
vt 0.765625 0.079102
vt 0.773438 0.109402
vt 0.765625 0.109411
vt 0.757812 0.093967
vt 0.757867 0.078835
vt 0.757813 0.109402
vt 0.772895 0.064100
vt 0.773438 0.125000
vt 0.765625 0.125000
vt 0.757812 0.125000
vt 0.758355 0.064100
vt 0.765625 0.064815
vt 0.773438 0.375373
vt 0.773438 0.381463
vt 0.765625 0.381463
vt 0.765625 0.375373
vt 0.773438 0.386088
vt 0.765625 0.386088
vt 0.757813 0.381463
vt 0.757813 0.375373
vt 0.757812 0.386088
vt 0.781250 0.375373
vt 0.781250 0.381463
vt 0.781250 0.386088
vt 0.781250 0.390003
vt 0.773438 0.390003
vt 0.765625 0.390003
vt 0.757813 0.390003
vt 0.750000 0.390003
vt 0.750000 0.386088
vt 0.750000 0.381463
vt 0.750000 0.375373
vt 0.773438 0.393838
vt 0.773438 0.397707
vt 0.765625 0.397707
vt 0.765625 0.393838
vt 0.773438 0.401600
vt 0.765625 0.401600
vt 0.757813 0.397707
vt 0.757813 0.393838
vt 0.757812 0.401600
vt 0.781250 0.393838
vt 0.781250 0.397707
vt 0.781250 0.401600
vt 0.781250 0.405504
vt 0.773438 0.405504
vt 0.765625 0.405504
vt 0.757813 0.405504
vt 0.750000 0.405504
vt 0.750000 0.401600
vt 0.750000 0.397707
vt 0.750000 0.393838
vt 0.773438 0.409412
vt 0.773438 0.413332
vt 0.765625 0.413332
vt 0.765625 0.409412
vt 0.773438 0.417275
vt 0.765625 0.417275
vt 0.757813 0.413332
vt 0.757813 0.409412
vt 0.757812 0.417275
vt 0.781250 0.409412
vt 0.781250 0.413332
vt 0.781250 0.417275
vt 0.750000 0.417275
vt 0.750000 0.413332
vt 0.750000 0.409412
vt 0.804687 0.375373
vt 0.804688 0.381463
vt 0.796875 0.381463
vt 0.796875 0.375373
vt 0.804688 0.386088
vt 0.796875 0.386088
vt 0.789063 0.381463
vt 0.789063 0.375373
vt 0.789063 0.386088
vt 0.812500 0.375373
vt 0.812500 0.381463
vt 0.812500 0.386088
vt 0.812500 0.390003
vt 0.804688 0.390003
vt 0.796875 0.390003
vt 0.789063 0.390003
vt 0.804687 0.393838
vt 0.804688 0.397707
vt 0.796875 0.397707
vt 0.796875 0.393838
vt 0.804688 0.401600
vt 0.796875 0.401600
vt 0.789063 0.397707
vt 0.789063 0.393838
vt 0.789063 0.401600
vt 0.812500 0.393838
vt 0.812500 0.397707
vt 0.812500 0.401600
vt 0.812500 0.405504
vt 0.804688 0.405504
vt 0.796875 0.405504
vt 0.789063 0.405504
vt 0.804687 0.409412
vt 0.804688 0.413332
vt 0.796875 0.413332
vt 0.796875 0.409412
vt 0.804688 0.417275
vt 0.796875 0.417275
vt 0.789063 0.413332
vt 0.789063 0.409412
vt 0.789063 0.417275
vt 0.812500 0.409412
vt 0.812500 0.413332
vt 0.812500 0.417275
vt 0.835938 0.375373
vt 0.835938 0.381463
vt 0.828125 0.381463
vt 0.828125 0.375373
vt 0.835938 0.386088
vt 0.828125 0.386088
vt 0.820313 0.381463
vt 0.820312 0.375373
vt 0.820313 0.386088
vt 0.843750 0.375373
vt 0.843750 0.381463
vt 0.843750 0.386088
vt 0.843750 0.390003
vt 0.835938 0.390003
vt 0.828125 0.390003
vt 0.820312 0.390003
vt 0.835938 0.393838
vt 0.835938 0.397707
vt 0.828125 0.397707
vt 0.828125 0.393838
vt 0.835938 0.401600
vt 0.828125 0.401600
vt 0.820313 0.397707
vt 0.820312 0.393838
vt 0.820313 0.401600
vt 0.843750 0.393838
vt 0.843750 0.397707
vt 0.843750 0.401600
vt 0.843750 0.405504
vt 0.835938 0.405504
vt 0.828125 0.405504
vt 0.820312 0.405504
vt 0.835938 0.409412
vt 0.835938 0.413332
vt 0.828125 0.413332
vt 0.828125 0.409412
vt 0.835938 0.417275
vt 0.828125 0.417275
vt 0.820313 0.413332
vt 0.820312 0.409412
vt 0.820313 0.417275
vt 0.843750 0.409412
vt 0.843750 0.413332
vt 0.843750 0.417275
vt 0.867188 0.375373
vt 0.867188 0.381463
vt 0.859375 0.381463
vt 0.859375 0.375373
vt 0.867188 0.386088
vt 0.859375 0.386088
vt 0.851563 0.381463
vt 0.851562 0.375373
vt 0.851563 0.386088
vt 0.875000 0.375373
vt 0.875000 0.381463
vt 0.875000 0.386088
vt 0.875000 0.390003
vt 0.867188 0.390003
vt 0.859375 0.390003
vt 0.851563 0.390003
vt 0.867188 0.393838
vt 0.867188 0.397707
vt 0.859375 0.397707
vt 0.859375 0.393838
vt 0.867188 0.401600
vt 0.859375 0.401600
vt 0.851563 0.397707
vt 0.851562 0.393838
vt 0.851563 0.401600
vt 0.875000 0.393838
vt 0.875000 0.397707
vt 0.875000 0.401600
vt 0.875000 0.405504
vt 0.867188 0.405504
vt 0.859375 0.405504
vt 0.851563 0.405504
vt 0.867188 0.409412
vt 0.867188 0.413332
vt 0.859375 0.413332
vt 0.859375 0.409412
vt 0.867188 0.417275
vt 0.859375 0.417275
vt 0.851563 0.413332
vt 0.851562 0.409412
vt 0.851563 0.417275
vt 0.875000 0.409412
vt 0.875000 0.413332
vt 0.875000 0.417275
vt 0.898438 0.375373
vt 0.898438 0.381463
vt 0.890625 0.381463
vt 0.890625 0.375373
vt 0.898438 0.386088
vt 0.890625 0.386088
vt 0.882812 0.381463
vt 0.882813 0.375373
vt 0.882813 0.386088
vt 0.906250 0.375373
vt 0.906250 0.381463
vt 0.906250 0.386088
vt 0.906250 0.390003
vt 0.898438 0.390003
vt 0.890625 0.390003
vt 0.882813 0.390003
vt 0.898438 0.393838
vt 0.898438 0.397707
vt 0.890625 0.397707
vt 0.890625 0.393838
vt 0.898438 0.401600
vt 0.890625 0.401600
vt 0.882812 0.397707
vt 0.882813 0.393838
vt 0.882813 0.401600
vt 0.906250 0.393838
vt 0.906250 0.397707
vt 0.906250 0.401600
vt 0.906250 0.405504
vt 0.898438 0.405504
vt 0.890625 0.405504
vt 0.882813 0.405504
vt 0.898438 0.409412
vt 0.898438 0.413332
vt 0.890625 0.413332
vt 0.890625 0.409412
vt 0.898438 0.417275
vt 0.890625 0.417275
vt 0.882812 0.413332
vt 0.882813 0.409412
vt 0.882813 0.417275
vt 0.906250 0.409412
vt 0.906250 0.413332
vt 0.906250 0.417275
vt 0.929688 0.375373
vt 0.929688 0.381463
vt 0.921875 0.381463
vt 0.921875 0.375373
vt 0.929688 0.386088
vt 0.921875 0.386088
vt 0.914063 0.381463
vt 0.914063 0.375373
vt 0.914063 0.386088
vt 0.937500 0.375373
vt 0.937500 0.381463
vt 0.937500 0.386088
vt 0.937500 0.390003
vt 0.929688 0.390003
vt 0.921875 0.390003
vt 0.914063 0.390003
vt 0.929688 0.393838
vt 0.929688 0.397707
vt 0.921875 0.397707
vt 0.921875 0.393838
vt 0.929688 0.401600
vt 0.921875 0.401600
vt 0.914063 0.397707
vt 0.914063 0.393838
vt 0.914063 0.401600
vt 0.937500 0.393838
vt 0.937500 0.397707
vt 0.937500 0.401600
vt 0.937500 0.405504
vt 0.929688 0.405504
vt 0.921875 0.405504
vt 0.914063 0.405504
vt 0.929688 0.409412
vt 0.929688 0.413332
vt 0.921875 0.413332
vt 0.921875 0.409412
vt 0.929688 0.417275
vt 0.921875 0.417275
vt 0.914063 0.413332
vt 0.914063 0.409412
vt 0.914063 0.417275
vt 0.937500 0.409412
vt 0.937500 0.413332
vt 0.937500 0.417275
vt 0.960938 0.375373
vt 0.960938 0.381463
vt 0.953125 0.381463
vt 0.953125 0.375373
vt 0.960938 0.386088
vt 0.953125 0.386088
vt 0.945312 0.381463
vt 0.945313 0.375373
vt 0.945313 0.386088
vt 0.968750 0.375373
vt 0.968750 0.381463
vt 0.968750 0.386088
vt 0.968750 0.390003
vt 0.960938 0.390003
vt 0.953125 0.390003
vt 0.945313 0.390003
vt 0.960938 0.393838
vt 0.960938 0.397707
vt 0.953125 0.397707
vt 0.953125 0.393838
vt 0.960938 0.401600
vt 0.953125 0.401600
vt 0.945312 0.397707
vt 0.945313 0.393838
vt 0.945313 0.401600
vt 0.968750 0.393838
vt 0.968750 0.397707
vt 0.968750 0.401600
vt 0.968750 0.405504
vt 0.960938 0.405504
vt 0.953125 0.405504
vt 0.945313 0.405504
vt 0.960938 0.409412
vt 0.960938 0.413332
vt 0.953125 0.413332
vt 0.953125 0.409412
vt 0.960938 0.417275
vt 0.953125 0.417275
vt 0.945312 0.413332
vt 0.945313 0.409412
vt 0.945313 0.417275
vt 0.968750 0.409412
vt 0.968750 0.413332
vt 0.968750 0.417275
vt 0.992188 0.376941
vt 0.992188 0.381972
vt 0.984375 0.381626
vt 0.984375 0.375848
vt 0.992188 0.386128
vt 0.984375 0.386101
vt 0.976563 0.381483
vt 0.976562 0.375433
vt 0.976562 0.386089
vt 1.000000 0.378720
vt 1.000000 0.382440
vt 1.000000 0.386159
vt 1.000000 0.389879
vt 0.992188 0.389966
vt 0.984375 0.389993
vt 0.976563 0.390002
vt 0.968750 0.390003
vt 0.968750 0.386088
vt 0.968750 0.381463
vt 0.968750 0.375373
vt 0.992188 0.393813
vt 0.992188 0.397699
vt 0.984375 0.397705
vt 0.984375 0.393830
vt 0.992188 0.401599
vt 0.984375 0.401599
vt 0.976563 0.397707
vt 0.976562 0.393837
vt 0.976562 0.401600
vt 1.000000 0.393785
vt 1.000000 0.397692
vt 1.000000 0.401598
vt 1.000000 0.405504
vt 0.992188 0.405504
vt 0.984375 0.405504
vt 0.976563 0.405504
vt 0.968750 0.405504
vt 0.968750 0.401600
vt 0.968750 0.397707
vt 0.968750 0.393838
vt 0.992188 0.409411
vt 0.992188 0.413324
vt 0.984375 0.413330
vt 0.984375 0.409412
vt 0.992188 0.417251
vt 0.984375 0.417268
vt 0.976563 0.413332
vt 0.976562 0.409412
vt 0.976562 0.417274
vt 1.000000 0.409410
vt 1.000000 0.413317
vt 1.000000 0.417223
vt 0.968750 0.417275
vt 0.968750 0.413332
vt 0.968750 0.409412
vt 0.023438 0.375433
vt 0.023438 0.381483
vt 0.015625 0.381626
vt 0.015625 0.375848
vt 0.023438 0.386089
vt 0.015625 0.386101
vt 0.007813 0.381972
vt 0.007813 0.376941
vt 0.007813 0.386128
vt 0.031250 0.375373
vt 0.031250 0.381463
vt 0.031250 0.386088
vt 0.031250 0.390003
vt 0.023438 0.390002
vt 0.015625 0.389993
vt 0.007813 0.389966
vt 0.000000 0.389879
vt 0.000000 0.386159
vt 0.000000 0.382440
vt 0.000000 0.378720
vt 0.023438 0.393837
vt 0.023438 0.397707
vt 0.015625 0.397704
vt 0.015625 0.393830
vt 0.023438 0.401600
vt 0.015625 0.401599
vt 0.007813 0.397699
vt 0.007813 0.393813
vt 0.007813 0.401599
vt 0.031250 0.393838
vt 0.031250 0.397707
vt 0.031250 0.401600
vt 0.031250 0.405504
vt 0.023438 0.405504
vt 0.015625 0.405504
vt 0.007813 0.405504
vt 0.000000 0.405504
vt 0.000000 0.401598
vt 0.000000 0.397692
vt 0.000000 0.393785
vt 0.023438 0.409412
vt 0.023438 0.413332
vt 0.015625 0.413330
vt 0.015625 0.409412
vt 0.023438 0.417274
vt 0.015625 0.417268
vt 0.007813 0.413324
vt 0.007813 0.409411
vt 0.007813 0.417251
vt 0.031250 0.409412
vt 0.031250 0.413332
vt 0.031250 0.417275
vt 0.000000 0.417223
vt 0.000000 0.413317
vt 0.000000 0.409410
vt 0.054688 0.375373
vt 0.054688 0.381463
vt 0.046875 0.381463
vt 0.046875 0.375373
vt 0.054688 0.386088
vt 0.046875 0.386088
vt 0.039063 0.381463
vt 0.039063 0.375373
vt 0.039063 0.386088
vt 0.062500 0.375373
vt 0.062500 0.381463
vt 0.062500 0.386088
vt 0.062500 0.390003
vt 0.054688 0.390003
vt 0.046875 0.390003
vt 0.039063 0.390003
vt 0.031250 0.390003
vt 0.031250 0.386088
vt 0.054688 0.393838
vt 0.054688 0.397707
vt 0.046875 0.397707
vt 0.046875 0.393838
vt 0.054688 0.401600
vt 0.046875 0.401600
vt 0.039063 0.397707
vt 0.039063 0.393838
vt 0.039063 0.401600
vt 0.062500 0.393838
vt 0.062500 0.397707
vt 0.062500 0.401600
vt 0.062500 0.405504
vt 0.054688 0.405504
vt 0.046875 0.405504
vt 0.039063 0.405504
vt 0.031250 0.401600
vt 0.031250 0.393838
vt 0.054688 0.409412
vt 0.054688 0.413332
vt 0.046875 0.413332
vt 0.046875 0.409412
vt 0.054688 0.417275
vt 0.046875 0.417275
vt 0.039063 0.413332
vt 0.039063 0.409412
vt 0.039063 0.417275
vt 0.062500 0.409412
vt 0.062500 0.413332
vt 0.062500 0.417275
vt 0.031250 0.417275
vt 0.031250 0.413332
vt 0.031250 0.409412
vt 0.085938 0.375373
vt 0.085938 0.381463
vt 0.078125 0.381463
vt 0.078125 0.375373
vt 0.085938 0.386088
vt 0.078125 0.386088
vt 0.070313 0.381463
vt 0.070313 0.375373
vt 0.070313 0.386088
vt 0.093750 0.375373
vt 0.093750 0.381463
vt 0.093750 0.386088
vt 0.093750 0.390003
vt 0.085938 0.390003
vt 0.078125 0.390003
vt 0.070313 0.390003
vt 0.085938 0.393838
vt 0.085938 0.397707
vt 0.078125 0.397707
vt 0.078125 0.393838
vt 0.085938 0.401600
vt 0.078125 0.401600
vt 0.070313 0.397707
vt 0.070313 0.393838
vt 0.070313 0.401600
vt 0.093750 0.393838
vt 0.093750 0.397707
vt 0.093750 0.401600
vt 0.093750 0.405504
vt 0.085938 0.405504
vt 0.078125 0.405504
vt 0.070313 0.405504
vt 0.085938 0.409412
vt 0.085938 0.413332
vt 0.078125 0.413332
vt 0.078125 0.409412
vt 0.085938 0.417275
vt 0.078125 0.417275
vt 0.070313 0.413332
vt 0.070313 0.409412
vt 0.070313 0.417275
vt 0.093750 0.409412
vt 0.093750 0.413332
vt 0.093750 0.417275
vt 0.117188 0.375373
vt 0.117188 0.381463
vt 0.109375 0.381463
vt 0.109375 0.375373
vt 0.117188 0.386088
vt 0.109375 0.386088
vt 0.101563 0.381463
vt 0.101563 0.375373
vt 0.101563 0.386088
vt 0.125000 0.375373
vt 0.125000 0.381463
vt 0.125000 0.386088
vt 0.125000 0.390003
vt 0.117188 0.390003
vt 0.109375 0.390003
vt 0.101562 0.390003
vt 0.117188 0.393838
vt 0.117188 0.397707
vt 0.109375 0.397707
vt 0.109375 0.393838
vt 0.117188 0.401600
vt 0.109375 0.401600
vt 0.101563 0.397707
vt 0.101563 0.393838
vt 0.101563 0.401600
vt 0.125000 0.393838
vt 0.125000 0.397707
vt 0.125000 0.401600
vt 0.125000 0.405504
vt 0.117188 0.405504
vt 0.109375 0.405504
vt 0.101562 0.405504
vt 0.117188 0.409412
vt 0.117188 0.413332
vt 0.109375 0.413332
vt 0.109375 0.409412
vt 0.117188 0.417275
vt 0.109375 0.417275
vt 0.101563 0.413332
vt 0.101563 0.409412
vt 0.101563 0.417275
vt 0.125000 0.409412
vt 0.125000 0.413332
vt 0.125000 0.417275
vt 0.148438 0.375373
vt 0.148438 0.381463
vt 0.140625 0.381463
vt 0.140625 0.375373
vt 0.148438 0.386088
vt 0.140625 0.386088
vt 0.132813 0.381463
vt 0.132813 0.375373
vt 0.132813 0.386088
vt 0.156250 0.375373
vt 0.156250 0.381463
vt 0.156250 0.386088
vt 0.156250 0.390003
vt 0.148438 0.390003
vt 0.140625 0.390003
vt 0.132813 0.390003
vt 0.148438 0.393838
vt 0.148438 0.397707
vt 0.140625 0.397707
vt 0.140625 0.393838
vt 0.148438 0.401600
vt 0.140625 0.401600
vt 0.132813 0.397707
vt 0.132813 0.393838
vt 0.132813 0.401600
vt 0.156250 0.393838
vt 0.156250 0.397707
vt 0.156250 0.401600
vt 0.156250 0.405504
vt 0.148438 0.405504
vt 0.140625 0.405504
vt 0.132813 0.405504
vt 0.148438 0.409412
vt 0.148438 0.413332
vt 0.140625 0.413332
vt 0.140625 0.409412
vt 0.148438 0.417275
vt 0.140625 0.417275
vt 0.132813 0.413332
vt 0.132813 0.409412
vt 0.132813 0.417275
vt 0.156250 0.409412
vt 0.156250 0.413332
vt 0.156250 0.417275
vt 0.179688 0.375373
vt 0.179688 0.381463
vt 0.171875 0.381463
vt 0.171875 0.375373
vt 0.179688 0.386088
vt 0.171875 0.386088
vt 0.164063 0.381463
vt 0.164063 0.375373
vt 0.164062 0.386088
vt 0.187500 0.375373
vt 0.187500 0.381463
vt 0.187500 0.386088
vt 0.187500 0.390003
vt 0.179688 0.390003
vt 0.171875 0.390003
vt 0.164062 0.390003
vt 0.179688 0.393838
vt 0.179688 0.397707
vt 0.171875 0.397707
vt 0.171875 0.393838
vt 0.179688 0.401600
vt 0.171875 0.401600
vt 0.164063 0.397707
vt 0.164063 0.393838
vt 0.164062 0.401600
vt 0.187500 0.393838
vt 0.187500 0.397707
vt 0.187500 0.401600
vt 0.187500 0.405504
vt 0.179688 0.405504
vt 0.171875 0.405504
vt 0.164062 0.405504
vt 0.179688 0.409412
vt 0.179688 0.413332
vt 0.171875 0.413332
vt 0.171875 0.409412
vt 0.179688 0.417275
vt 0.171875 0.417275
vt 0.164063 0.413332
vt 0.164063 0.409412
vt 0.164062 0.417275
vt 0.187500 0.409412
vt 0.187500 0.413332
vt 0.187500 0.417275
vt 0.210938 0.375373
vt 0.210938 0.381463
vt 0.203125 0.381463
vt 0.203125 0.375373
vt 0.210938 0.386088
vt 0.203125 0.386088
vt 0.195313 0.381463
vt 0.195313 0.375373
vt 0.195313 0.386088
vt 0.218750 0.375373
vt 0.218750 0.381463
vt 0.218750 0.386088
vt 0.218750 0.390003
vt 0.210937 0.390003
vt 0.203125 0.390003
vt 0.195313 0.390003
vt 0.210938 0.393838
vt 0.210938 0.397707
vt 0.203125 0.397707
vt 0.203125 0.393838
vt 0.210938 0.401600
vt 0.203125 0.401600
vt 0.195313 0.397707
vt 0.195313 0.393838
vt 0.195313 0.401600
vt 0.218750 0.393838
vt 0.218750 0.397707
vt 0.218750 0.401600
vt 0.218750 0.405504
vt 0.210937 0.405504
vt 0.203125 0.405504
vt 0.195313 0.405504
vt 0.210938 0.409412
vt 0.210938 0.413332
vt 0.203125 0.413332
vt 0.203125 0.409412
vt 0.210938 0.417275
vt 0.203125 0.417275
vt 0.195313 0.413332
vt 0.195313 0.409412
vt 0.195313 0.417275
vt 0.218750 0.409412
vt 0.218750 0.413332
vt 0.218750 0.417275
vt 0.242188 0.375373
vt 0.242188 0.381463
vt 0.234375 0.381463
vt 0.234375 0.375373
vt 0.242187 0.386088
vt 0.234375 0.386088
vt 0.226562 0.381463
vt 0.226563 0.375373
vt 0.226563 0.386088
vt 0.250000 0.375373
vt 0.250000 0.381463
vt 0.250000 0.386088
vt 0.250000 0.390003
vt 0.242188 0.390003
vt 0.234375 0.390003
vt 0.226563 0.390003
vt 0.242188 0.393838
vt 0.242188 0.397707
vt 0.234375 0.397707
vt 0.234375 0.393838
vt 0.242187 0.401600
vt 0.234375 0.401600
vt 0.226562 0.397707
vt 0.226563 0.393838
vt 0.226563 0.401600
vt 0.250000 0.393838
vt 0.250000 0.397707
vt 0.250000 0.401600
vt 0.250000 0.405504
vt 0.242188 0.405504
vt 0.234375 0.405504
vt 0.226563 0.405504
vt 0.242188 0.409412
vt 0.242188 0.413332
vt 0.234375 0.413332
vt 0.234375 0.409412
vt 0.242187 0.417275
vt 0.234375 0.417275
vt 0.226562 0.413332
vt 0.226563 0.409412
vt 0.226563 0.417275
vt 0.250000 0.409412
vt 0.250000 0.413332
vt 0.250000 0.417275
vt 0.273438 0.375373
vt 0.273438 0.381463
vt 0.265625 0.381463
vt 0.265625 0.375373
vt 0.273438 0.386088
vt 0.265625 0.386088
vt 0.257813 0.381463
vt 0.257813 0.375373
vt 0.257813 0.386088
vt 0.281250 0.375373
vt 0.281250 0.381463
vt 0.281250 0.386088
vt 0.281250 0.390003
vt 0.273438 0.390003
vt 0.265625 0.390003
vt 0.257812 0.390003
vt 0.273438 0.393838
vt 0.273438 0.397707
vt 0.265625 0.397707
vt 0.265625 0.393838
vt 0.273438 0.401600
vt 0.265625 0.401600
vt 0.257813 0.397707
vt 0.257813 0.393838
vt 0.257813 0.401600
vt 0.281250 0.393838
vt 0.281250 0.397707
vt 0.281250 0.401600
vt 0.281250 0.405504
vt 0.273438 0.405504
vt 0.265625 0.405504
vt 0.257812 0.405504
vt 0.273438 0.409412
vt 0.273438 0.413332
vt 0.265625 0.413332
vt 0.265625 0.409412
vt 0.273438 0.417275
vt 0.265625 0.417275
vt 0.257813 0.413332
vt 0.257813 0.409412
vt 0.257813 0.417275
vt 0.281250 0.409412
vt 0.281250 0.413332
vt 0.281250 0.417275
vt 0.304688 0.375373
vt 0.304688 0.381463
vt 0.296875 0.381463
vt 0.296875 0.375373
vt 0.304688 0.386088
vt 0.296875 0.386088
vt 0.289063 0.381463
vt 0.289063 0.375373
vt 0.289063 0.386088
vt 0.312500 0.375373
vt 0.312500 0.381463
vt 0.312500 0.386088
vt 0.312500 0.390003
vt 0.304688 0.390003
vt 0.296875 0.390003
vt 0.289063 0.390003
vt 0.304688 0.393838
vt 0.304688 0.397707
vt 0.296875 0.397707
vt 0.296875 0.393838
vt 0.304688 0.401600
vt 0.296875 0.401600
vt 0.289063 0.397707
vt 0.289063 0.393838
vt 0.289063 0.401600
vt 0.312500 0.393838
vt 0.312500 0.397707
vt 0.312500 0.401600
vt 0.312500 0.405504
vt 0.304688 0.405504
vt 0.296875 0.405504
vt 0.289063 0.405504
vt 0.304688 0.409412
vt 0.304688 0.413332
vt 0.296875 0.413332
vt 0.296875 0.409412
vt 0.304688 0.417275
vt 0.296875 0.417275
vt 0.289063 0.413332
vt 0.289063 0.409412
vt 0.289063 0.417275
vt 0.312500 0.409412
vt 0.312500 0.413332
vt 0.312500 0.417275
vt 0.335938 0.375373
vt 0.335938 0.381463
vt 0.328125 0.381463
vt 0.328125 0.375373
vt 0.335938 0.386088
vt 0.328125 0.386088
vt 0.320313 0.381463
vt 0.320313 0.375373
vt 0.320313 0.386088
vt 0.343750 0.375373
vt 0.343750 0.381463
vt 0.343750 0.386088
vt 0.343750 0.390003
vt 0.335938 0.390003
vt 0.328125 0.390003
vt 0.320313 0.390003
vt 0.335938 0.393838
vt 0.335938 0.397707
vt 0.328125 0.397707
vt 0.328125 0.393838
vt 0.335938 0.401600
vt 0.328125 0.401600
vt 0.320313 0.397707
vt 0.320313 0.393838
vt 0.320313 0.401600
vt 0.343750 0.393838
vt 0.343750 0.397707
vt 0.343750 0.401600
vt 0.343750 0.405504
vt 0.335938 0.405504
vt 0.328125 0.405504
vt 0.320313 0.405504
vt 0.335938 0.409412
vt 0.335938 0.413332
vt 0.328125 0.413332
vt 0.328125 0.409412
vt 0.335938 0.417275
vt 0.328125 0.417275
vt 0.320313 0.413332
vt 0.320313 0.409412
vt 0.320313 0.417275
vt 0.343750 0.409412
vt 0.343750 0.413332
vt 0.343750 0.417275
vt 0.367188 0.375373
vt 0.367188 0.381463
vt 0.359375 0.381463
vt 0.359375 0.375373
vt 0.367188 0.386088
vt 0.359375 0.386088
vt 0.351563 0.381463
vt 0.351563 0.375373
vt 0.351563 0.386088
vt 0.375000 0.375373
vt 0.375000 0.381463
vt 0.375000 0.386088
vt 0.375000 0.390003
vt 0.367188 0.390003
vt 0.359375 0.390003
vt 0.351562 0.390003
vt 0.367188 0.393838
vt 0.367188 0.397707
vt 0.359375 0.397707
vt 0.359375 0.393838
vt 0.367188 0.401600
vt 0.359375 0.401600
vt 0.351563 0.397707
vt 0.351563 0.393838
vt 0.351563 0.401600
vt 0.375000 0.393838
vt 0.375000 0.397707
vt 0.375000 0.401600
vt 0.375000 0.405504
vt 0.367188 0.405504
vt 0.359375 0.405504
vt 0.351562 0.405504
vt 0.367188 0.409412
vt 0.367188 0.413332
vt 0.359375 0.413332
vt 0.359375 0.409412
vt 0.367188 0.417275
vt 0.359375 0.417275
vt 0.351563 0.413332
vt 0.351563 0.409412
vt 0.351563 0.417275
vt 0.375000 0.409412
vt 0.375000 0.413332
vt 0.375000 0.417275
vt 0.398438 0.375373
vt 0.398438 0.381463
vt 0.390625 0.381463
vt 0.390625 0.375373
vt 0.398438 0.386088
vt 0.390625 0.386088
vt 0.382813 0.381463
vt 0.382813 0.375373
vt 0.382813 0.386088
vt 0.406250 0.375373
vt 0.406250 0.381463
vt 0.406250 0.386088
vt 0.406250 0.390003
vt 0.398438 0.390003
vt 0.390625 0.390003
vt 0.382813 0.390003
vt 0.398438 0.393838
vt 0.398438 0.397707
vt 0.390625 0.397707
vt 0.390625 0.393838
vt 0.398438 0.401600
vt 0.390625 0.401600
vt 0.382813 0.397707
vt 0.382813 0.393838
vt 0.382813 0.401600
vt 0.406250 0.393838
vt 0.406250 0.397707
vt 0.406250 0.401600
vt 0.406250 0.405504
vt 0.398438 0.405504
vt 0.390625 0.405504
vt 0.382813 0.405504
vt 0.398438 0.409412
vt 0.398438 0.413332
vt 0.390625 0.413332
vt 0.390625 0.409412
vt 0.398438 0.417275
vt 0.390625 0.417275
vt 0.382813 0.413332
vt 0.382813 0.409412
vt 0.382813 0.417275
vt 0.406250 0.409412
vt 0.406250 0.413332
vt 0.406250 0.417275
vt 0.429688 0.375373
vt 0.429688 0.381463
vt 0.421875 0.381463
vt 0.421875 0.375373
vt 0.429688 0.386088
vt 0.421875 0.386088
vt 0.414063 0.381463
vt 0.414062 0.375373
vt 0.414063 0.386088
vt 0.437500 0.375373
vt 0.437500 0.381463
vt 0.437500 0.386088
vt 0.437500 0.390003
vt 0.429688 0.390003
vt 0.421875 0.390003
vt 0.414062 0.390003
vt 0.429688 0.393838
vt 0.429688 0.397707
vt 0.421875 0.397707
vt 0.421875 0.393838
vt 0.429688 0.401600
vt 0.421875 0.401600
vt 0.414063 0.397707
vt 0.414062 0.393838
vt 0.414063 0.401600
vt 0.437500 0.393838
vt 0.437500 0.397707
vt 0.437500 0.401600
vt 0.437500 0.405504
vt 0.429688 0.405504
vt 0.421875 0.405504
vt 0.414062 0.405504
vt 0.429688 0.409412
vt 0.429688 0.413332
vt 0.421875 0.413332
vt 0.421875 0.409412
vt 0.429688 0.417275
vt 0.421875 0.417275
vt 0.414063 0.413332
vt 0.414062 0.409412
vt 0.414063 0.417275
vt 0.437500 0.409412
vt 0.437500 0.413332
vt 0.437500 0.417275
vt 0.460938 0.375373
vt 0.460938 0.381463
vt 0.453125 0.381463
vt 0.453125 0.375373
vt 0.460938 0.386088
vt 0.453125 0.386088
vt 0.445312 0.381463
vt 0.445313 0.375373
vt 0.445313 0.386088
vt 0.468750 0.375373
vt 0.468750 0.381463
vt 0.468750 0.386088
vt 0.468750 0.390003
vt 0.460938 0.390003
vt 0.453125 0.390003
vt 0.445313 0.390003
vt 0.460938 0.393838
vt 0.460938 0.397707
vt 0.453125 0.397707
vt 0.453125 0.393838
vt 0.460938 0.401600
vt 0.453125 0.401600
vt 0.445312 0.397707
vt 0.445313 0.393838
vt 0.445313 0.401600
vt 0.468750 0.393838
vt 0.468750 0.397707
vt 0.468750 0.401600
vt 0.468750 0.405504
vt 0.460938 0.405504
vt 0.453125 0.405504
vt 0.445313 0.405504
vt 0.460938 0.409412
vt 0.460938 0.413332
vt 0.453125 0.413332
vt 0.453125 0.409412
vt 0.460938 0.417275
vt 0.453125 0.417275
vt 0.445312 0.413332
vt 0.445313 0.409412
vt 0.445313 0.417275
vt 0.468750 0.409412
vt 0.468750 0.413332
vt 0.468750 0.417275
vt 0.492188 0.375373
vt 0.492188 0.381463
vt 0.484375 0.381463
vt 0.484375 0.375373
vt 0.492188 0.386088
vt 0.484375 0.386088
vt 0.476563 0.381463
vt 0.476563 0.375373
vt 0.476563 0.386088
vt 0.500000 0.375373
vt 0.500000 0.381463
vt 0.500000 0.386088
vt 0.500000 0.390003
vt 0.492188 0.390003
vt 0.484375 0.390003
vt 0.476563 0.390003
vt 0.492188 0.393838
vt 0.492188 0.397707
vt 0.484375 0.397707
vt 0.484375 0.393838
vt 0.492188 0.401600
vt 0.484375 0.401600
vt 0.476563 0.397707
vt 0.476563 0.393838
vt 0.476563 0.401600
vt 0.500000 0.393838
vt 0.500000 0.397707
vt 0.500000 0.401600
vt 0.500000 0.405504
vt 0.492188 0.405504
vt 0.484375 0.405504
vt 0.476563 0.405504
vt 0.492188 0.409412
vt 0.492188 0.413332
vt 0.484375 0.413332
vt 0.484375 0.409412
vt 0.492188 0.417275
vt 0.484375 0.417275
vt 0.476563 0.413332
vt 0.476563 0.409412
vt 0.476563 0.417275
vt 0.500000 0.409412
vt 0.500000 0.413332
vt 0.500000 0.417275
vt 0.523438 0.375373
vt 0.523438 0.381463
vt 0.515625 0.381463
vt 0.515625 0.375373
vt 0.523438 0.386088
vt 0.515625 0.386088
vt 0.507813 0.381463
vt 0.507813 0.375373
vt 0.507813 0.386088
vt 0.531250 0.375373
vt 0.531250 0.381463
vt 0.531250 0.386088
vt 0.531250 0.390003
vt 0.523438 0.390003
vt 0.515625 0.390003
vt 0.507812 0.390003
vt 0.523438 0.393838
vt 0.523438 0.397707
vt 0.515625 0.397707
vt 0.515625 0.393838
vt 0.523438 0.401600
vt 0.515625 0.401600
vt 0.507813 0.397707
vt 0.507813 0.393838
vt 0.507813 0.401600
vt 0.531250 0.393838
vt 0.531250 0.397707
vt 0.531250 0.401600
vt 0.531250 0.405504
vt 0.523438 0.405504
vt 0.515625 0.405504
vt 0.507812 0.405504
vt 0.523438 0.409412
vt 0.523438 0.413332
vt 0.515625 0.413332
vt 0.515625 0.409412
vt 0.523438 0.417275
vt 0.515625 0.417275
vt 0.507813 0.413332
vt 0.507813 0.409412
vt 0.507813 0.417275
vt 0.531250 0.409412
vt 0.531250 0.413332
vt 0.531250 0.417275
vt 0.554688 0.375373
vt 0.554688 0.381463
vt 0.546875 0.381463
vt 0.546875 0.375373
vt 0.554688 0.386088
vt 0.546875 0.386088
vt 0.539063 0.381463
vt 0.539062 0.375373
vt 0.539062 0.386088
vt 0.562500 0.375373
vt 0.562500 0.381463
vt 0.562500 0.386088
vt 0.562500 0.390003
vt 0.554688 0.390003
vt 0.546875 0.390003
vt 0.539062 0.390003
vt 0.554688 0.393838
vt 0.554688 0.397707
vt 0.546875 0.397707
vt 0.546875 0.393838
vt 0.554688 0.401600
vt 0.546875 0.401600
vt 0.539063 0.397707
vt 0.539062 0.393838
vt 0.539062 0.401600
vt 0.562500 0.393838
vt 0.562500 0.397707
vt 0.562500 0.401600
vt 0.562500 0.405504
vt 0.554688 0.405504
vt 0.546875 0.405504
vt 0.539062 0.405504
vt 0.554688 0.409412
vt 0.554688 0.413332
vt 0.546875 0.413332
vt 0.546875 0.409412
vt 0.554688 0.417275
vt 0.546875 0.417275
vt 0.539063 0.413332
vt 0.539062 0.409412
vt 0.539062 0.417275
vt 0.562500 0.409412
vt 0.562500 0.413332
vt 0.562500 0.417275
vt 0.585938 0.375373
vt 0.585938 0.381463
vt 0.578125 0.381463
vt 0.578125 0.375373
vt 0.585938 0.386088
vt 0.578125 0.386088
vt 0.570313 0.381463
vt 0.570313 0.375373
vt 0.570313 0.386088
vt 0.593750 0.375373
vt 0.593750 0.381463
vt 0.593750 0.386088
vt 0.593750 0.390003
vt 0.585938 0.390003
vt 0.578125 0.390003
vt 0.570313 0.390003
vt 0.585938 0.393838
vt 0.585938 0.397707
vt 0.578125 0.397707
vt 0.578125 0.393838
vt 0.585938 0.401600
vt 0.578125 0.401600
vt 0.570313 0.397707
vt 0.570313 0.393838
vt 0.570313 0.401600
vt 0.593750 0.393838
vt 0.593750 0.397707
vt 0.593750 0.401600
vt 0.593750 0.405504
vt 0.585938 0.405504
vt 0.578125 0.405504
vt 0.570313 0.405504
vt 0.585938 0.409412
vt 0.585938 0.413332
vt 0.578125 0.413332
vt 0.578125 0.409412
vt 0.585938 0.417275
vt 0.578125 0.417275
vt 0.570313 0.413332
vt 0.570313 0.409412
vt 0.570313 0.417275
vt 0.593750 0.409412
vt 0.593750 0.413332
vt 0.593750 0.417275
vt 0.617188 0.375373
vt 0.617188 0.381463
vt 0.609375 0.381463
vt 0.609375 0.375373
vt 0.617188 0.386088
vt 0.609375 0.386088
vt 0.601562 0.381463
vt 0.601563 0.375373
vt 0.601563 0.386088
vt 0.625000 0.375373
vt 0.625000 0.381463
vt 0.625000 0.386088
vt 0.625000 0.390003
vt 0.617188 0.390003
vt 0.609375 0.390003
vt 0.601563 0.390003
vt 0.617188 0.393838
vt 0.617188 0.397707
vt 0.609375 0.397707
vt 0.609375 0.393838
vt 0.617188 0.401600
vt 0.609375 0.401600
vt 0.601562 0.397707
vt 0.601563 0.393838
vt 0.601563 0.401600
vt 0.625000 0.393838
vt 0.625000 0.397707
vt 0.625000 0.401600
vt 0.625000 0.405504
vt 0.617188 0.405504
vt 0.609375 0.405504
vt 0.601563 0.405504
vt 0.617188 0.409412
vt 0.617188 0.413332
vt 0.609375 0.413332
vt 0.609375 0.409412
vt 0.617188 0.417275
vt 0.609375 0.417275
vt 0.601562 0.413332
vt 0.601563 0.409412
vt 0.601563 0.417275
vt 0.625000 0.409412
vt 0.625000 0.413332
vt 0.625000 0.417275
vt 0.648438 0.375373
vt 0.648438 0.381463
vt 0.640625 0.381463
vt 0.640625 0.375373
vt 0.648438 0.386088
vt 0.640625 0.386088
vt 0.632813 0.381463
vt 0.632813 0.375373
vt 0.632813 0.386088
vt 0.656250 0.375373
vt 0.656250 0.381463
vt 0.656250 0.386088
vt 0.656250 0.390003
vt 0.648438 0.390003
vt 0.640625 0.390003
vt 0.632812 0.390003
vt 0.648438 0.393838
vt 0.648438 0.397707
vt 0.640625 0.397707
vt 0.640625 0.393838
vt 0.648438 0.401600
vt 0.640625 0.401600
vt 0.632813 0.397707
vt 0.632813 0.393838
vt 0.632813 0.401600
vt 0.656250 0.393838
vt 0.656250 0.397707
vt 0.656250 0.401600
vt 0.656250 0.405504
vt 0.648438 0.405504
vt 0.640625 0.405504
vt 0.632812 0.405504
vt 0.648438 0.409412
vt 0.648438 0.413332
vt 0.640625 0.413332
vt 0.640625 0.409412
vt 0.648438 0.417275
vt 0.640625 0.417275
vt 0.632813 0.413332
vt 0.632813 0.409412
vt 0.632813 0.417275
vt 0.656250 0.409412
vt 0.656250 0.413332
vt 0.656250 0.417275
vt 0.679688 0.375373
vt 0.679688 0.381463
vt 0.671875 0.381463
vt 0.671875 0.375373
vt 0.679688 0.386088
vt 0.671875 0.386088
vt 0.664063 0.381463
vt 0.664063 0.375373
vt 0.664063 0.386088
vt 0.687500 0.375373
vt 0.687500 0.381463
vt 0.687500 0.386088
vt 0.687500 0.390003
vt 0.679688 0.390003
vt 0.671875 0.390003
vt 0.664063 0.390003
vt 0.679688 0.393838
vt 0.679688 0.397707
vt 0.671875 0.397707
vt 0.671875 0.393838
vt 0.679688 0.401600
vt 0.671875 0.401600
vt 0.664063 0.397707
vt 0.664063 0.393838
vt 0.664063 0.401600
vt 0.687500 0.393838
vt 0.687500 0.397707
vt 0.687500 0.401600
vt 0.687500 0.405504
vt 0.679688 0.405504
vt 0.671875 0.405504
vt 0.664063 0.405504
vt 0.679688 0.409412
vt 0.679688 0.413332
vt 0.671875 0.413332
vt 0.671875 0.409412
vt 0.679688 0.417275
vt 0.671875 0.417275
vt 0.664063 0.413332
vt 0.664063 0.409412
vt 0.664063 0.417275
vt 0.687500 0.409412
vt 0.687500 0.413332
vt 0.687500 0.417275
vt 0.710938 0.375373
vt 0.710938 0.381463
vt 0.703125 0.381463
vt 0.703125 0.375373
vt 0.710938 0.386088
vt 0.703125 0.386088
vt 0.695313 0.381463
vt 0.695313 0.375373
vt 0.695313 0.386088
vt 0.718750 0.375373
vt 0.718750 0.381463
vt 0.718750 0.386088
vt 0.718750 0.390003
vt 0.710938 0.390003
vt 0.703125 0.390003
vt 0.695312 0.390003
vt 0.710938 0.393838
vt 0.710938 0.397707
vt 0.703125 0.397707
vt 0.703125 0.393838
vt 0.710938 0.401600
vt 0.703125 0.401600
vt 0.695313 0.397707
vt 0.695313 0.393838
vt 0.695313 0.401600
vt 0.718750 0.393838
vt 0.718750 0.397707
vt 0.718750 0.401600
vt 0.718750 0.405504
vt 0.710938 0.405504
vt 0.703125 0.405504
vt 0.695312 0.405504
vt 0.710938 0.409412
vt 0.710938 0.413332
vt 0.703125 0.413332
vt 0.703125 0.409412
vt 0.710938 0.417275
vt 0.703125 0.417275
vt 0.695313 0.413332
vt 0.695313 0.409412
vt 0.695313 0.417275
vt 0.718750 0.409412
vt 0.718750 0.413332
vt 0.718750 0.417275
vt 0.742188 0.375373
vt 0.742188 0.381463
vt 0.734375 0.381463
vt 0.734375 0.375373
vt 0.742188 0.386088
vt 0.734375 0.386088
vt 0.726563 0.381463
vt 0.726563 0.375373
vt 0.726563 0.386088
vt 0.742188 0.390003
vt 0.734375 0.390003
vt 0.726563 0.390003
vt 0.742188 0.393838
vt 0.742188 0.397707
vt 0.734375 0.397707
vt 0.734375 0.393838
vt 0.742188 0.401600
vt 0.734375 0.401600
vt 0.726563 0.397707
vt 0.726563 0.393838
vt 0.726563 0.401600
vt 0.742188 0.405504
vt 0.734375 0.405504
vt 0.726563 0.405504
vt 0.742188 0.409412
vt 0.742188 0.413332
vt 0.734375 0.413332
vt 0.734375 0.409412
vt 0.742188 0.417275
vt 0.734375 0.417275
vt 0.726563 0.413332
vt 0.726563 0.409412
vt 0.726563 0.417275
s 1
usemtl Material.004
f 2466/1/1 2467/2/2 2470/3/3 2469/4/4
f 2467/2/2 2468/5/5 2471/6/6 2470/3/3
f 2469/4/4 2470/3/3 2473/7/7 2472/8/8
f 2470/3/3 2471/6/6 2474/9/9 2473/7/7
f 257/10/10 359/11/11 2466/1/1 356/12/12
f 359/11/11 358/13/13 2467/2/2 2466/1/1
f 358/13/13 357/14/14 2468/5/5 2467/2/2
f 357/14/14 256/15/15 362/16/16 2468/5/5
f 2468/5/5 362/16/16 361/17/17 2471/6/6
f 2471/6/6 361/17/17 360/18/18 2474/9/9
f 2474/9/9 360/18/18 11/19/19 363/20/20
f 2473/7/7 2474/9/9 363/20/20 364/21/21
f 2472/8/8 2473/7/7 364/21/21 365/22/22
f 354/23/23 2472/8/8 365/22/22 12/24/24
f 355/25/25 2469/4/4 2472/8/8 354/23/23
f 356/12/12 2466/1/1 2469/4/4 355/25/25
f 2476/26/26 2477/27/27 2475/28/28 2481/29/29
f 2478/30/30 2479/31/31 2475/28/28 2477/32/27
f 2480/33/32 2481/34/29 2475/28/28 2479/35/31
f 4/36/33 369/37/34 2476/26/26 366/38/35
f 369/37/34 370/39/36 2477/27/27 2476/26/26
f 366/38/35 2476/26/26 2481/29/29 367/40/37
f 257/10/38 356/12/39 2478/30/30 371/41/40
f 356/12/39 355/42/41 2479/31/31 2478/30/30
f 371/41/40 2478/30/30 2477/32/27 370/43/36
f 12/24/42 368/44/43 2480/33/32 354/45/44
f 368/44/43 367/40/37 2481/34/29 2480/33/32
f 354/45/44 2480/33/32 2479/35/31 355/46/41
f 2482/47/45 2483/48/46 2486/49/47 2485/50/48
f 2483/48/46 2484/51/49 2487/52/50 2486/49/47
f 2485/50/48 2486/49/47 2489/53/51 2488/54/52
f 2486/49/47 2487/52/50 2490/55/53 2489/53/51
f 2/56/54 377/57/55 2482/47/45 372/58/56
f 377/57/55 376/59/57 2483/48/46 2482/47/45
f 376/59/57 375/60/58 2484/51/49 2483/48/46
f 375/60/58 1/61/59 378/62/60 2484/51/49
f 2484/51/49 378/62/60 379/63/61 2487/52/50
f 2487/52/50 379/63/61 380/64/62 2490/55/53
f 2490/55/53 380/64/62 5/65/63 381/66/64
f 2489/53/51 2490/55/53 381/66/64 382/67/65
f 2488/54/52 2489/53/51 382/67/65 383/68/66
f 374/69/67 2488/54/52 383/68/66 6/70/68
f 373/71/69 2485/50/48 2488/54/52 374/69/67
f 372/58/56 2482/47/45 2485/50/48 373/71/69
f 2491/72/70 2492/73/71 2495/74/72 2494/75/73
f 2492/73/71 2493/76/74 2496/77/75 2495/74/72
f 2494/75/73 2495/74/72 2498/78/76 2497/79/77
f 2495/74/72 2496/77/75 2499/80/78 2498/78/76
f 351/81/79 389/82/80 2491/72/70 386/83/81
f 389/82/80 388/84/82 2492/73/71 2491/72/70
f 388/84/82 387/85/83 2493/76/74 2492/73/71
f 387/85/83 2/86/84 372/87/85 2493/76/74
f 2493/76/74 372/87/85 373/71/86 2496/77/75
f 2496/77/75 373/71/86 374/88/87 2499/80/78
f 2499/80/78 374/88/87 6/89/88 390/90/89
f 2498/78/76 2499/80/78 390/90/89 391/91/90
f 2497/79/77 2498/78/76 391/91/90 392/92/91
f 384/93/92 2497/79/77 392/92/91 258/94/93
f 385/95/94 2494/75/73 2497/79/77 384/93/92
f 386/83/81 2491/72/70 2494/75/73 385/95/94
f 2500/96/95 2501/97/96 2504/98/97 2503/99/98
f 2501/97/96 2502/100/99 2505/101/100 2504/98/97
f 2503/99/98 2504/98/97 2507/102/101 2506/103/102
f 2504/98/97 2505/101/100 2508/104/103 2507/102/101
f 3/105/104 396/106/105 2500/96/95 393/107/106
f 396/106/105 397/108/107 2501/97/96 2500/96/95
f 397/108/107 398/109/108 2502/100/99 2501/97/96
f 398/109/108 253/110/109 401/111/110 2502/100/99
f 2502/100/99 401/111/110 400/112/111 2505/101/100
f 2505/101/100 400/112/111 399/113/112 2508/104/103
f 2508/104/103 399/113/112 7/114/113 402/115/114
f 2507/102/101 2508/104/103 402/115/114 403/116/115
f 2506/103/102 2507/102/101 403/116/115 404/117/116
f 395/118/117 2506/103/102 404/117/116 8/119/118
f 394/120/119 2503/99/98 2506/103/102 395/118/117
f 393/107/106 2500/96/95 2503/99/98 394/120/119
f 2509/121/120 2510/122/121 2513/123/122 2512/124/123
f 2510/122/121 2511/125/124 2514/126/125 2513/123/122
f 2512/124/123 2513/123/122 2516/127/126 2515/128/127
f 2513/123/122 2514/126/125 2517/129/128 2516/127/126
f 254/130/129 410/131/130 2509/121/120 407/132/131
f 410/131/130 409/133/132 2510/122/121 2509/121/120
f 409/133/132 408/134/133 2511/125/124 2510/122/121
f 408/134/133 3/105/134 393/107/135 2511/125/124
f 2511/125/124 393/107/135 394/120/136 2514/126/125
f 2514/126/125 394/120/136 395/118/137 2517/129/128
f 2517/129/128 395/118/137 8/119/138 411/135/139
f 2516/127/126 2517/129/128 411/135/139 412/136/140
f 2515/128/127 2516/127/126 412/136/140 413/137/141
f 405/138/142 2515/128/127 413/137/141 9/139/143
f 406/140/144 2512/124/123 2515/128/127 405/138/142
f 407/132/131 2509/121/120 2512/124/123 406/140/144
f 2518/141/145 2519/142/146 2522/143/147 2521/144/148
f 2519/142/146 2520/145/149 2523/146/150 2522/143/147
f 2521/144/148 2522/143/147 2525/147/151 2524/148/152
f 2522/143/147 2523/146/150 2526/149/153 2525/147/151
f 255/150/154 419/151/155 2518/141/145 416/152/156
f 419/151/155 418/153/157 2519/142/146 2518/141/145
f 418/153/157 417/154/158 2520/145/149 2519/142/146
f 417/154/158 254/130/159 407/132/160 2520/145/149
f 2520/145/149 407/132/160 406/140/161 2523/146/150
f 2523/146/150 406/140/161 405/138/162 2526/149/153
f 2526/149/153 405/138/162 9/139/163 420/155/164
f 2525/147/151 2526/149/153 420/155/164 421/156/165
f 2524/148/152 2525/147/151 421/156/165 422/157/166
f 414/158/167 2524/148/152 422/157/166 10/159/168
f 415/160/169 2521/144/148 2524/148/152 414/158/167
f 416/152/156 2518/141/145 2521/144/148 415/160/169
f 2527/161/170 2528/162/171 2531/163/172 2530/164/173
f 2528/162/171 2529/165/174 2532/166/175 2531/163/172
f 2530/164/173 2531/163/172 2534/167/176 2533/168/177
f 2531/163/172 2532/166/175 2535/169/178 2534/167/176
f 256/170/179 425/171/180 2527/161/170 362/172/181
f 425/171/180 424/173/182 2528/162/171 2527/161/170
f 424/173/182 423/174/183 2529/165/174 2528/162/171
f 423/174/183 255/150/184 416/152/185 2529/165/174
f 2529/165/174 416/152/185 415/160/186 2532/166/175
f 2532/166/175 415/160/186 414/158/187 2535/169/178
f 2535/169/178 414/158/187 10/159/188 426/175/189
f 2534/167/176 2535/169/178 426/175/189 427/176/190
f 2533/168/177 2534/167/176 427/176/190 428/177/191
f 360/178/192 2533/168/177 428/177/191 11/179/193
f 361/180/194 2530/164/173 2533/168/177 360/178/192
f 362/172/181 2527/161/170 2530/164/173 361/180/194
f 2536/181/195 2537/182/196 2540/183/197 2539/184/198
f 2537/182/196 2538/185/199 2541/186/200 2540/183/197
f 2539/184/198 2540/183/197 2543/187/201 2542/188/202
f 2540/183/197 2541/186/200 2544/189/203 2543/187/201
f 11/179/204 428/177/205 2536/181/195 429/190/206
f 428/177/205 427/176/207 2537/182/196 2536/181/195
f 427/176/207 426/175/208 2538/185/199 2537/182/196
f 426/175/208 10/159/209 432/191/210 2538/185/199
f 2538/185/199 432/191/210 433/192/211 2541/186/200
f 2541/186/200 433/192/211 434/193/212 2544/189/203
f 2544/189/203 434/193/212 18/194/213 435/195/214
f 2543/187/201 2544/189/203 435/195/214 436/196/215
f 2542/188/202 2543/187/201 436/196/215 437/197/216
f 431/198/217 2542/188/202 437/197/216 19/199/218
f 430/200/219 2539/184/198 2542/188/202 431/198/217
f 429/190/206 2536/181/195 2539/184/198 430/200/219
f 2545/201/220 2546/202/221 2549/203/222 2548/204/223
f 2546/202/221 2547/205/224 2550/206/225 2549/203/222
f 2548/204/223 2549/203/222 2552/207/226 2551/208/227
f 2549/203/222 2550/206/225 2553/209/228 2552/207/226
f 12/24/229 365/22/230 2545/201/220 438/210/231
f 365/22/230 364/21/232 2546/202/221 2545/201/220
f 364/21/232 363/20/233 2547/205/224 2546/202/221
f 363/20/233 11/19/234 429/211/235 2547/205/224
f 2547/205/224 429/211/235 430/212/236 2550/206/225
f 2550/206/225 430/212/236 431/213/237 2553/209/228
f 2553/209/228 431/213/237 19/214/238 441/215/239
f 2552/207/226 2553/209/228 441/215/239 442/216/240
f 2551/208/227 2552/207/226 442/216/240 443/217/241
f 440/218/242 2551/208/227 443/217/241 20/219/243
f 439/220/244 2548/204/223 2551/208/227 440/218/242
f 438/210/231 2545/201/220 2548/204/223 439/220/244
f 2555/221/245 2556/222/246 2554/223/247 2560/224/248
f 2557/225/249 2558/226/250 2554/223/247 2556/227/246
f 2559/228/251 2560/229/248 2554/223/247 2558/230/250
f 4/231/252 366/232/253 2555/221/245 444/233/254
f 366/232/253 367/234/255 2556/222/246 2555/221/245
f 444/233/254 2555/221/245 2560/224/248 445/235/256
f 12/24/257 438/210/258 2557/225/249 368/236/259
f 438/210/258 439/237/260 2558/226/250 2557/225/249
f 368/236/259 2557/225/249 2556/227/246 367/238/255
f 20/219/261 446/239/262 2559/228/251 440/240/263
f 446/239/262 445/241/256 2560/229/248 2559/228/251
f 440/240/263 2559/228/251 2558/230/250 439/237/260
f 2561/242/264 2562/243/265 2565/244/266 2564/245/267
f 2562/243/265 2563/246/268 2566/247/269 2565/244/266
f 2564/245/267 2565/244/266 2568/248/270 2567/249/271
f 2565/244/266 2566/247/269 2569/250/272 2568/248/270
f 6/70/273 383/68/274 2561/242/264 447/251/275
f 383/68/274 382/67/276 2562/243/265 2561/242/264
f 382/67/276 381/66/277 2563/246/268 2562/243/265
f 381/66/277 5/65/278 450/252/279 2563/246/268
f 2563/246/268 450/252/279 451/253/280 2566/247/269
f 2566/247/269 451/253/280 452/254/281 2569/250/272
f 2569/250/272 452/254/281 13/255/282 453/256/283
f 2568/248/270 2569/250/272 453/256/283 454/257/284
f 2567/249/271 2568/248/270 454/257/284 455/258/285
f 449/259/286 2567/249/271 455/258/285 14/260/287
f 448/261/288 2564/245/267 2567/249/271 449/259/286
f 447/251/275 2561/242/264 2564/245/267 448/261/288
f 2570/262/289 2571/263/290 2574/264/291 2573/265/292
f 2571/263/290 2572/266/293 2575/267/294 2574/264/291
f 2573/265/292 2574/264/291 2577/268/295 2576/269/296
f 2574/264/291 2575/267/294 2578/270/297 2577/268/295
f 258/94/298 392/92/299 2570/262/289 456/271/300
f 392/92/299 391/91/301 2571/263/290 2570/262/289
f 391/91/301 390/90/302 2572/266/293 2571/263/290
f 390/90/302 6/89/303 447/272/304 2572/266/293
f 2572/266/293 447/272/304 448/273/305 2575/267/294
f 2575/267/294 448/273/305 449/274/306 2578/270/297
f 2578/270/297 449/274/306 14/275/307 459/276/308
f 2577/268/295 2578/270/297 459/276/308 460/277/309
f 2576/269/296 2577/268/295 460/277/309 461/278/310
f 458/279/311 2576/269/296 461/278/310 261/280/312
f 457/281/313 2573/265/292 2576/269/296 458/279/311
f 456/271/300 2570/262/289 2573/265/292 457/281/313
f 2579/282/314 2580/283/315 2583/284/316 2582/285/317
f 2580/283/315 2581/286/318 2584/287/319 2583/284/316
f 2582/285/317 2583/284/316 2586/288/320 2585/289/321
f 2583/284/316 2584/287/319 2587/290/322 2586/288/320
f 8/119/323 404/117/324 2579/282/314 462/291/325
f 404/117/324 403/116/326 2580/283/315 2579/282/314
f 403/116/326 402/115/327 2581/286/318 2580/283/315
f 402/115/327 7/114/328 465/292/329 2581/286/318
f 2581/286/318 465/292/329 466/293/330 2584/287/319
f 2584/287/319 466/293/330 467/294/331 2587/290/322
f 2587/290/322 467/294/331 15/295/332 468/296/333
f 2586/288/320 2587/290/322 468/296/333 469/297/334
f 2585/289/321 2586/288/320 469/297/334 470/298/335
f 464/299/336 2585/289/321 470/298/335 16/300/337
f 463/301/338 2582/285/317 2585/289/321 464/299/336
f 462/291/325 2579/282/314 2582/285/317 463/301/338
f 2588/302/339 2589/303/340 2592/304/341 2591/305/342
f 2589/303/340 2590/306/343 2593/307/344 2592/304/341
f 2591/305/342 2592/304/341 2595/308/345 2594/309/346
f 2592/304/341 2593/307/344 2596/310/347 2595/308/345
f 9/139/348 413/137/349 2588/302/339 471/311/350
f 413/137/349 412/136/351 2589/303/340 2588/302/339
f 412/136/351 411/135/352 2590/306/343 2589/303/340
f 411/135/352 8/119/353 462/291/354 2590/306/343
f 2590/306/343 462/291/354 463/301/355 2593/307/344
f 2593/307/344 463/301/355 464/299/356 2596/310/347
f 2596/310/347 464/299/356 16/300/357 474/312/358
f 2595/308/345 2596/310/347 474/312/358 475/313/359
f 2594/309/346 2595/308/345 475/313/359 476/314/360
f 473/315/361 2594/309/346 476/314/360 17/316/362
f 472/317/363 2591/305/342 2594/309/346 473/315/361
f 471/311/350 2588/302/339 2591/305/342 472/317/363
f 2597/318/364 2598/319/365 2601/320/366 2600/321/367
f 2598/319/365 2599/322/368 2602/323/369 2601/320/366
f 2600/321/367 2601/320/366 2604/324/370 2603/325/371
f 2601/320/366 2602/323/369 2605/326/372 2604/324/370
f 10/159/373 422/157/374 2597/318/364 432/191/375
f 422/157/374 421/156/376 2598/319/365 2597/318/364
f 421/156/376 420/155/377 2599/322/368 2598/319/365
f 420/155/377 9/139/378 471/311/379 2599/322/368
f 2599/322/368 471/311/379 472/317/380 2602/323/369
f 2602/323/369 472/317/380 473/315/381 2605/326/372
f 2605/326/372 473/315/381 17/316/382 477/327/383
f 2604/324/370 2605/326/372 477/327/383 478/328/384
f 2603/325/371 2604/324/370 478/328/384 479/329/385
f 434/193/386 2603/325/371 479/329/385 18/194/387
f 433/192/388 2600/321/367 2603/325/371 434/193/386
f 432/191/375 2597/318/364 2600/321/367 433/192/388
f 2606/330/389 2607/331/390 2610/332/391 2609/333/392
f 2607/331/390 2608/334/393 2611/335/394 2610/332/391
f 2609/333/392 2610/332/391 2613/336/395 2612/337/396
f 2610/332/391 2611/335/394 2614/338/397 2613/336/395
f 16/300/398 470/298/399 2606/330/389 480/339/400
f 470/298/399 469/297/401 2607/331/390 2606/330/389
f 469/297/401 468/296/402 2608/334/393 2607/331/390
f 468/296/402 15/295/403 483/340/404 2608/334/393
f 2608/334/393 483/340/404 484/341/405 2611/335/394
f 2611/335/394 484/341/405 485/342/406 2614/338/397
f 2614/338/397 485/342/406 23/343/407 486/344/408
f 2613/336/395 2614/338/397 486/344/408 487/345/409
f 2612/337/396 2613/336/395 487/345/409 488/346/410
f 482/347/411 2612/337/396 488/346/410 24/348/412
f 481/349/413 2609/333/392 2612/337/396 482/347/411
f 480/339/400 2606/330/389 2609/333/392 481/349/413
f 2615/350/414 2616/351/415 2619/352/416 2618/353/417
f 2616/351/415 2617/354/418 2620/355/419 2619/352/416
f 2618/353/417 2619/352/416 2622/356/420 2621/357/421
f 2619/352/416 2620/355/419 2623/358/422 2622/356/420
f 17/316/423 476/314/424 2615/350/414 489/359/425
f 476/314/424 475/313/426 2616/351/415 2615/350/414
f 475/313/426 474/312/427 2617/354/418 2616/351/415
f 474/312/427 16/300/428 480/339/429 2617/354/418
f 2617/354/418 480/339/429 481/349/430 2620/355/419
f 2620/355/419 481/349/430 482/347/431 2623/358/422
f 2623/358/422 482/347/431 24/348/432 492/360/433
f 2622/356/420 2623/358/422 492/360/433 493/361/434
f 2621/357/421 2622/356/420 493/361/434 494/362/435
f 491/363/436 2621/357/421 494/362/435 25/364/437
f 490/365/438 2618/353/417 2621/357/421 491/363/436
f 489/359/425 2615/350/414 2618/353/417 490/365/438
f 2624/366/439 2625/367/440 2628/368/441 2627/369/442
f 2625/367/440 2626/370/443 2629/371/444 2628/368/441
f 2627/369/442 2628/368/441 2631/372/445 2630/373/446
f 2628/368/441 2629/371/444 2632/374/447 2631/372/445
f 18/194/448 479/329/449 2624/366/439 495/375/450
f 479/329/449 478/328/451 2625/367/440 2624/366/439
f 478/328/451 477/327/452 2626/370/443 2625/367/440
f 477/327/452 17/316/453 489/359/454 2626/370/443
f 2626/370/443 489/359/454 490/365/455 2629/371/444
f 2629/371/444 490/365/455 491/363/456 2632/374/447
f 2632/374/447 491/363/456 25/364/457 498/376/458
f 2631/372/445 2632/374/447 498/376/458 499/377/459
f 2630/373/446 2631/372/445 499/377/459 500/378/460
f 497/379/461 2630/373/446 500/378/460 26/380/462
f 496/381/463 2627/369/442 2630/373/446 497/379/461
f 495/375/450 2624/366/439 2627/369/442 496/381/463
f 2633/382/464 2634/383/465 2637/384/466 2636/385/467
f 2634/383/465 2635/386/468 2638/387/469 2637/384/466
f 2636/385/467 2637/384/466 2640/388/470 2639/389/471
f 2637/384/466 2638/387/469 2641/390/472 2640/388/470
f 19/199/473 437/197/474 2633/382/464 501/391/475
f 437/197/474 436/196/476 2634/383/465 2633/382/464
f 436/196/476 435/195/477 2635/386/468 2634/383/465
f 435/195/477 18/194/478 495/375/479 2635/386/468
f 2635/386/468 495/375/479 496/381/480 2638/387/469
f 2638/387/469 496/381/480 497/379/481 2641/390/472
f 2641/390/472 497/379/481 26/380/482 504/392/483
f 2640/388/470 2641/390/472 504/392/483 505/393/484
f 2639/389/471 2640/388/470 505/393/484 506/394/485
f 503/395/486 2639/389/471 506/394/485 27/396/487
f 502/397/488 2636/385/467 2639/389/471 503/395/486
f 501/391/475 2633/382/464 2636/385/467 502/397/488
f 2642/398/489 2643/399/490 2646/400/491 2645/401/492
f 2643/399/490 2644/402/493 2647/403/494 2646/400/491
f 2645/401/492 2646/400/491 2649/404/495 2648/405/496
f 2646/400/491 2647/403/494 2650/406/497 2649/404/495
f 20/219/498 443/217/499 2642/398/489 507/407/500
f 443/217/499 442/216/501 2643/399/490 2642/398/489
f 442/216/501 441/215/502 2644/402/493 2643/399/490
f 441/215/502 19/214/503 501/408/504 2644/402/493
f 2644/402/493 501/408/504 502/409/505 2647/403/494
f 2647/403/494 502/409/505 503/410/506 2650/406/497
f 2650/406/497 503/410/506 27/411/507 510/412/508
f 2649/404/495 2650/406/497 510/412/508 511/413/509
f 2648/405/496 2649/404/495 511/413/509 512/414/510
f 509/415/511 2648/405/496 512/414/510 28/416/512
f 508/417/513 2645/401/492 2648/405/496 509/415/511
f 507/407/500 2642/398/489 2645/401/492 508/417/513
f 2652/418/514 2653/419/515 2651/420/516 2657/421/517
f 2654/422/518 2655/423/519 2651/420/516 2653/424/515
f 2656/425/520 2657/426/517 2651/420/516 2655/427/519
f 4/428/521 444/429/522 2652/418/514 513/430/523
f 444/429/522 445/431/524 2653/419/515 2652/418/514
f 513/430/523 2652/418/514 2657/421/517 514/432/525
f 20/219/526 507/433/527 2654/422/518 446/434/528
f 507/433/527 508/435/529 2655/423/519 2654/422/518
f 446/434/528 2654/422/518 2653/424/515 445/436/524
f 28/416/530 515/437/531 2656/425/520 509/438/532
f 515/437/531 514/432/525 2657/426/517 2656/425/520
f 509/438/532 2656/425/520 2655/427/519 508/439/529
f 2658/440/533 2659/441/534 2662/442/535 2661/443/536
f 2659/441/534 2660/444/537 2663/445/538 2662/442/535
f 2661/443/536 2662/442/535 2665/446/539 2664/447/540
f 2662/442/535 2663/445/538 2666/448/541 2665/446/539
f 14/260/542 455/258/543 2658/440/533 516/449/544
f 455/258/543 454/257/545 2659/441/534 2658/440/533
f 454/257/545 453/256/546 2660/444/537 2659/441/534
f 453/256/546 13/255/547 519/450/548 2660/444/537
f 2660/444/537 519/450/548 520/451/549 2663/445/538
f 2663/445/538 520/451/549 521/452/550 2666/448/541
f 2666/448/541 521/452/550 21/453/551 522/454/552
f 2665/446/539 2666/448/541 522/454/552 523/455/553
f 2664/447/540 2665/446/539 523/455/553 524/456/554
f 518/457/555 2664/447/540 524/456/554 22/458/556
f 517/459/557 2661/443/536 2664/447/540 518/457/555
f 516/449/544 2658/440/533 2661/443/536 517/459/557
f 2667/460/558 2668/461/559 2671/462/560 2670/463/561
f 2668/461/559 2669/464/562 2672/465/563 2671/462/560
f 2670/463/561 2671/462/560 2674/466/564 2673/467/565
f 2671/462/560 2672/465/563 2675/468/566 2674/466/564
f 261/280/567 461/278/568 2667/460/558 525/469/569
f 461/278/568 460/277/570 2668/461/559 2667/460/558
f 460/277/570 459/276/571 2669/464/562 2668/461/559
f 459/276/571 14/275/572 516/470/573 2669/464/562
f 2669/464/562 516/470/573 517/459/574 2672/465/563
f 2672/465/563 517/459/574 518/471/575 2675/468/566
f 2675/468/566 518/471/575 22/472/576 528/473/577
f 2674/466/564 2675/468/566 528/473/577 529/474/578
f 2673/467/565 2674/466/564 529/474/578 530/475/579
f 527/476/580 2673/467/565 530/475/579 264/477/581
f 526/478/582 2670/463/561 2673/467/565 527/476/580
f 525/469/569 2667/460/558 2670/463/561 526/478/582
f 2676/479/583 2677/480/584 2680/481/585 2679/482/586
f 2677/480/584 2678/483/587 2681/484/588 2680/481/585
f 2679/482/586 2680/481/585 2683/485/589 2682/486/590
f 2680/481/585 2681/484/588 2684/487/591 2683/485/589
f 28/416/592 512/414/593 2676/479/583 531/488/594
f 512/414/593 511/413/595 2677/480/584 2676/479/583
f 511/413/595 510/412/596 2678/483/587 2677/480/584
f 510/412/596 27/411/597 534/489/598 2678/483/587
f 2678/483/587 534/489/598 535/490/599 2681/484/588
f 2681/484/588 535/490/599 536/491/600 2684/487/591
f 2684/487/591 536/491/600 35/492/601 537/493/602
f 2683/485/589 2684/487/591 537/493/602 538/494/603
f 2682/486/590 2683/485/589 538/494/603 539/495/604
f 533/496/605 2682/486/590 539/495/604 36/497/606
f 532/498/607 2679/482/586 2682/486/590 533/496/605
f 531/488/594 2676/479/583 2679/482/586 532/498/607
f 2686/499/608 2687/500/609 2685/501/610 2691/502/611
f 2688/503/612 2689/504/613 2685/501/610 2687/505/609
f 2690/506/614 2691/507/611 2685/501/610 2689/508/613
f 4/509/615 513/510/616 2686/499/608 540/511/617
f 513/510/616 514/512/618 2687/500/609 2686/499/608
f 540/511/617 2686/499/608 2691/502/611 541/513/619
f 28/416/620 531/514/621 2688/503/612 515/515/622
f 531/514/621 532/516/623 2689/504/613 2688/503/612
f 515/515/622 2688/503/612 2687/505/609 514/517/618
f 36/497/624 542/518/625 2690/506/614 533/496/626
f 542/518/625 541/519/619 2691/507/611 2690/506/614
f 533/496/626 2690/506/614 2689/508/613 532/520/623
f 2692/521/627 2693/522/628 2696/523/629 2695/524/630
f 2693/522/628 2694/525/631 2697/526/632 2696/523/629
f 2695/524/630 2696/523/629 2699/527/633 2698/528/634
f 2696/523/629 2697/526/632 2700/529/635 2699/527/633
f 22/458/636 524/456/637 2692/521/627 543/530/638
f 524/456/637 523/455/639 2693/522/628 2692/521/627
f 523/455/639 522/454/640 2694/525/631 2693/522/628
f 522/454/640 21/453/641 546/531/642 2694/525/631
f 2694/525/631 546/531/642 547/532/643 2697/526/632
f 2697/526/632 547/532/643 548/533/644 2700/529/635
f 2700/529/635 548/533/644 29/534/645 549/535/646
f 2699/527/633 2700/529/635 549/535/646 550/536/647
f 2698/528/634 2699/527/633 550/536/647 551/537/648
f 545/538/649 2698/528/634 551/537/648 30/539/650
f 544/540/651 2695/524/630 2698/528/634 545/538/649
f 543/530/638 2692/521/627 2695/524/630 544/540/651
f 2701/541/652 2702/542/653 2705/543/654 2704/544/655
f 2702/542/653 2703/545/656 2706/546/657 2705/543/654
f 2704/544/655 2705/543/654 2708/547/658 2707/548/659
f 2705/543/654 2706/546/657 2709/549/660 2708/547/658
f 264/477/661 530/475/662 2701/541/652 552/550/663
f 530/475/662 529/474/664 2702/542/653 2701/541/652
f 529/474/664 528/473/665 2703/545/656 2702/542/653
f 528/473/665 22/472/666 543/551/667 2703/545/656
f 2703/545/656 543/551/667 544/552/668 2706/546/657
f 2706/546/657 544/552/668 545/553/669 2709/549/660
f 2709/549/660 545/553/669 30/554/670 555/555/671
f 2708/547/658 2709/549/660 555/555/671 556/556/672
f 2707/548/659 2708/547/658 556/556/672 557/557/673
f 554/558/674 2707/548/659 557/557/673 267/559/675
f 553/560/676 2704/544/655 2707/548/659 554/558/674
f 552/550/663 2701/541/652 2704/544/655 553/560/676
f 2710/561/677 2711/562/678 2714/563/679 2713/564/680
f 2711/562/678 2712/565/681 2715/566/682 2714/563/679
f 2713/564/680 2714/563/679 2717/567/683 2716/568/684
f 2714/563/679 2715/566/682 2718/569/685 2717/567/683
f 24/348/686 488/346/687 2710/561/677 558/570/688
f 488/346/687 487/345/689 2711/562/678 2710/561/677
f 487/345/689 486/344/690 2712/565/681 2711/562/678
f 486/344/690 23/343/691 561/571/692 2712/565/681
f 2712/565/681 561/571/692 562/572/693 2715/566/682
f 2715/566/682 562/572/693 563/573/694 2718/569/685
f 2718/569/685 563/573/694 31/574/695 564/575/696
f 2717/567/683 2718/569/685 564/575/696 565/576/697
f 2716/568/684 2717/567/683 565/576/697 566/577/698
f 560/578/699 2716/568/684 566/577/698 32/579/700
f 559/580/701 2713/564/680 2716/568/684 560/578/699
f 558/570/688 2710/561/677 2713/564/680 559/580/701
f 2719/581/702 2720/582/703 2723/583/704 2722/584/705
f 2720/582/703 2721/585/706 2724/586/707 2723/583/704
f 2722/584/705 2723/583/704 2726/587/708 2725/588/709
f 2723/583/704 2724/586/707 2727/589/710 2726/587/708
f 25/364/711 494/362/712 2719/581/702 567/590/713
f 494/362/712 493/361/714 2720/582/703 2719/581/702
f 493/361/714 492/360/715 2721/585/706 2720/582/703
f 492/360/715 24/348/716 558/570/717 2721/585/706
f 2721/585/706 558/570/717 559/580/718 2724/586/707
f 2724/586/707 559/580/718 560/578/719 2727/589/710
f 2727/589/710 560/578/719 32/579/720 570/591/721
f 2726/587/708 2727/589/710 570/591/721 571/592/722
f 2725/588/709 2726/587/708 571/592/722 572/593/723
f 569/594/724 2725/588/709 572/593/723 33/595/725
f 568/596/726 2722/584/705 2725/588/709 569/594/724
f 567/590/713 2719/581/702 2722/584/705 568/596/726
f 2728/597/727 2729/598/728 2732/599/729 2731/600/730
f 2729/598/728 2730/601/731 2733/602/732 2732/599/729
f 2731/600/730 2732/599/729 2735/603/733 2734/604/734
f 2732/599/729 2733/602/732 2736/605/735 2735/603/733
f 26/380/736 500/378/737 2728/597/727 573/606/738
f 500/378/737 499/377/739 2729/598/728 2728/597/727
f 499/377/739 498/376/740 2730/601/731 2729/598/728
f 498/376/740 25/364/741 567/590/742 2730/601/731
f 2730/601/731 567/590/742 568/596/743 2733/602/732
f 2733/602/732 568/596/743 569/594/744 2736/605/735
f 2736/605/735 569/594/744 33/595/745 576/607/746
f 2735/603/733 2736/605/735 576/607/746 577/608/747
f 2734/604/734 2735/603/733 577/608/747 578/609/748
f 575/610/749 2734/604/734 578/609/748 34/611/750
f 574/612/751 2731/600/730 2734/604/734 575/610/749
f 573/606/738 2728/597/727 2731/600/730 574/612/751
f 2737/613/752 2738/614/753 2741/615/754 2740/616/755
f 2738/614/753 2739/617/756 2742/618/757 2741/615/754
f 2740/616/755 2741/615/754 2744/619/758 2743/620/759
f 2741/615/754 2742/618/757 2745/621/760 2744/619/758
f 27/396/761 506/394/762 2737/613/752 534/489/763
f 506/394/762 505/393/764 2738/614/753 2737/613/752
f 505/393/764 504/392/765 2739/617/756 2738/614/753
f 504/392/765 26/380/766 573/606/767 2739/617/756
f 2739/617/756 573/606/767 574/612/768 2742/618/757
f 2742/618/757 574/612/768 575/610/769 2745/621/760
f 2745/621/760 575/610/769 34/611/770 579/622/771
f 2744/619/758 2745/621/760 579/622/771 580/623/772
f 2743/620/759 2744/619/758 580/623/772 581/624/773
f 536/625/774 2743/620/759 581/624/773 35/626/775
f 535/627/776 2740/616/755 2743/620/759 536/625/774
f 534/489/763 2737/613/752 2740/616/755 535/627/776
f 2746/628/777 2747/629/778 2750/630/779 2749/631/780
f 2747/629/778 2748/632/781 2751/633/782 2750/630/779
f 2749/631/780 2750/630/779 2753/634/783 2752/635/784
f 2750/630/779 2751/633/782 2754/636/785 2753/634/783
f 32/579/786 566/577/787 2746/628/777 582/637/788
f 566/577/787 565/576/789 2747/629/778 2746/628/777
f 565/576/789 564/575/790 2748/632/781 2747/629/778
f 564/575/790 31/574/791 585/638/792 2748/632/781
f 2748/632/781 585/638/792 586/639/793 2751/633/782
f 2751/633/782 586/639/793 587/640/794 2754/636/785
f 2754/636/785 587/640/794 39/641/795 588/642/796
f 2753/634/783 2754/636/785 588/642/796 589/643/797
f 2752/635/784 2753/634/783 589/643/797 590/644/798
f 584/645/799 2752/635/784 590/644/798 40/646/800
f 583/647/801 2749/631/780 2752/635/784 584/645/799
f 582/637/788 2746/628/777 2749/631/780 583/647/801
f 2755/648/802 2756/649/803 2759/650/804 2758/651/805
f 2756/649/803 2757/652/806 2760/653/807 2759/650/804
f 2758/651/805 2759/650/804 2762/654/808 2761/655/809
f 2759/650/804 2760/653/807 2763/656/810 2762/654/808
f 33/595/811 572/593/812 2755/648/802 591/657/813
f 572/593/812 571/592/814 2756/649/803 2755/648/802
f 571/592/814 570/591/815 2757/652/806 2756/649/803
f 570/591/815 32/579/816 582/637/817 2757/652/806
f 2757/652/806 582/637/817 583/647/818 2760/653/807
f 2760/653/807 583/647/818 584/645/819 2763/656/810
f 2763/656/810 584/645/819 40/646/820 594/658/821
f 2762/654/808 2763/656/810 594/658/821 595/659/822
f 2761/655/809 2762/654/808 595/659/822 596/660/823
f 593/661/824 2761/655/809 596/660/823 41/662/825
f 592/663/826 2758/651/805 2761/655/809 593/661/824
f 591/657/813 2755/648/802 2758/651/805 592/663/826
f 2764/664/827 2765/665/828 2768/666/829 2767/667/830
f 2765/665/828 2766/668/831 2769/669/832 2768/666/829
f 2767/667/830 2768/666/829 2771/670/833 2770/671/834
f 2768/666/829 2769/669/832 2772/672/835 2771/670/833
f 34/611/836 578/609/837 2764/664/827 597/673/838
f 578/609/837 577/608/839 2765/665/828 2764/664/827
f 577/608/839 576/607/840 2766/668/831 2765/665/828
f 576/607/840 33/595/841 591/657/842 2766/668/831
f 2766/668/831 591/657/842 592/663/843 2769/669/832
f 2769/669/832 592/663/843 593/661/844 2772/672/835
f 2772/672/835 593/661/844 41/662/845 600/674/846
f 2771/670/833 2772/672/835 600/674/846 601/675/847
f 2770/671/834 2771/670/833 601/675/847 602/676/848
f 599/677/849 2770/671/834 602/676/848 42/678/850
f 598/679/851 2767/667/830 2770/671/834 599/677/849
f 597/673/838 2764/664/827 2767/667/830 598/679/851
f 2773/680/852 2774/681/853 2777/682/854 2776/683/855
f 2774/681/853 2775/684/856 2778/685/857 2777/682/854
f 2776/683/855 2777/682/854 2780/686/858 2779/687/859
f 2777/682/854 2778/685/857 2781/688/860 2780/686/858
f 35/626/861 581/624/862 2773/680/852 603/689/863
f 581/624/862 580/623/864 2774/681/853 2773/680/852
f 580/623/864 579/622/865 2775/684/856 2774/681/853
f 579/622/865 34/611/866 597/673/867 2775/684/856
f 2775/684/856 597/673/867 598/679/868 2778/685/857
f 2778/685/857 598/679/868 599/677/869 2781/688/860
f 2781/688/860 599/677/869 42/678/870 606/690/871
f 2780/686/858 2781/688/860 606/690/871 607/691/872
f 2779/687/859 2780/686/858 607/691/872 608/692/873
f 605/693/874 2779/687/859 608/692/873 43/694/875
f 604/695/876 2776/683/855 2779/687/859 605/693/874
f 603/689/863 2773/680/852 2776/683/855 604/695/876
f 2782/696/877 2783/697/878 2786/698/879 2785/699/880
f 2783/697/878 2784/700/881 2787/701/882 2786/698/879
f 2785/699/880 2786/698/879 2789/702/883 2788/703/884
f 2786/698/879 2787/701/882 2790/704/885 2789/702/883
f 36/497/886 539/495/887 2782/696/877 609/705/888
f 539/495/887 538/494/889 2783/697/878 2782/696/877
f 538/494/889 537/493/890 2784/700/881 2783/697/878
f 537/493/890 35/492/891 603/689/892 2784/700/881
f 2784/700/881 603/689/892 604/706/893 2787/701/882
f 2787/701/882 604/706/893 605/707/894 2790/704/885
f 2790/704/885 605/707/894 43/708/895 612/709/896
f 2789/702/883 2790/704/885 612/709/896 613/710/897
f 2788/703/884 2789/702/883 613/710/897 614/711/898
f 611/712/899 2788/703/884 614/711/898 44/713/900
f 610/714/901 2785/699/880 2788/703/884 611/712/899
f 609/705/888 2782/696/877 2785/699/880 610/714/901
f 2792/715/902 2793/716/903 2791/717/904 2797/718/905
f 2794/719/906 2795/720/907 2791/717/904 2793/721/903
f 2796/722/908 2797/723/905 2791/717/904 2795/724/907
f 4/725/909 540/726/910 2792/715/902 615/727/911
f 540/726/910 541/728/912 2793/716/903 2792/715/902
f 615/727/911 2792/715/902 2797/718/905 616/729/913
f 36/497/914 609/730/915 2794/719/906 542/731/916
f 609/730/915 610/732/917 2795/720/907 2794/719/906
f 542/731/916 2794/719/906 2793/721/903 541/728/912
f 44/713/918 617/733/919 2796/722/908 611/734/920
f 617/733/919 616/735/913 2797/723/905 2796/722/908
f 611/734/920 2796/722/908 2795/724/907 610/736/917
f 2798/737/921 2799/738/922 2802/739/923 2801/740/924
f 2799/738/922 2800/741/925 2803/742/926 2802/739/923
f 2801/740/924 2802/739/923 2805/743/927 2804/744/928
f 2802/739/923 2803/742/926 2806/745/929 2805/743/927
f 30/539/930 551/537/931 2798/737/921 618/746/932
f 551/537/931 550/536/933 2799/738/922 2798/737/921
f 550/536/933 549/535/934 2800/741/925 2799/738/922
f 549/535/934 29/534/935 621/747/936 2800/741/925
f 2800/741/925 621/747/936 622/748/937 2803/742/926
f 2803/742/926 622/748/937 623/749/938 2806/745/929
f 2806/745/929 623/749/938 37/750/939 624/751/940
f 2805/743/927 2806/745/929 624/751/940 625/752/941
f 2804/744/928 2805/743/927 625/752/941 626/753/942
f 620/754/943 2804/744/928 626/753/942 38/755/944
f 619/756/945 2801/740/924 2804/744/928 620/754/943
f 618/746/932 2798/737/921 2801/740/924 619/756/945
f 2807/757/946 2808/758/947 2811/759/948 2810/760/949
f 2808/758/947 2809/761/950 2812/762/951 2811/759/948
f 2810/760/949 2811/759/948 2814/763/952 2813/764/953
f 2811/759/948 2812/762/951 2815/765/954 2814/763/952
f 267/559/955 557/557/956 2807/757/946 627/766/957
f 557/557/956 556/556/958 2808/758/947 2807/757/946
f 556/556/958 555/555/959 2809/761/950 2808/758/947
f 555/555/959 30/554/960 618/767/961 2809/761/950
f 2809/761/950 618/767/961 619/756/962 2812/762/951
f 2812/762/951 619/756/962 620/768/963 2815/765/954
f 2815/765/954 620/768/963 38/769/964 630/770/965
f 2814/763/952 2815/765/954 630/770/965 631/771/966
f 2813/764/953 2814/763/952 631/771/966 632/772/967
f 629/773/968 2813/764/953 632/772/967 270/774/969
f 628/775/970 2810/760/949 2813/764/953 629/773/968
f 627/766/957 2807/757/946 2810/760/949 628/775/970
f 2816/776/971 2817/777/972 2820/778/973 2819/779/974
f 2817/777/972 2818/780/975 2821/781/976 2820/778/973
f 2819/779/974 2820/778/973 2823/782/977 2822/783/978
f 2820/778/973 2821/781/976 2824/784/979 2823/782/977
f 44/713/980 614/711/981 2816/776/971 633/785/982
f 614/711/981 613/710/983 2817/777/972 2816/776/971
f 613/710/983 612/709/984 2818/780/975 2817/777/972
f 612/709/984 43/708/985 636/786/986 2818/780/975
f 2818/780/975 636/786/986 637/787/987 2821/781/976
f 2821/781/976 637/787/987 638/788/988 2824/784/979
f 2824/784/979 638/788/988 51/789/989 639/790/990
f 2823/782/977 2824/784/979 639/790/990 640/791/991
f 2822/783/978 2823/782/977 640/791/991 641/792/992
f 635/793/993 2822/783/978 641/792/992 52/794/994
f 634/795/995 2819/779/974 2822/783/978 635/793/993
f 633/785/982 2816/776/971 2819/779/974 634/795/995
f 2826/796/996 2827/797/997 2825/798/998 2831/799/999
f 2828/800/1000 2829/801/1001 2825/798/998 2827/797/997
f 2830/802/1002 2831/803/999 2825/798/998 2829/804/1001
f 4/805/1003 615/806/1004 2826/796/996 642/807/1005
f 615/806/1004 616/808/1006 2827/797/997 2826/796/996
f 642/807/1005 2826/796/996 2831/799/999 643/809/1007
f 44/713/1008 633/810/1009 2828/800/1000 617/811/1010
f 633/810/1009 634/812/1011 2829/801/1001 2828/800/1000
f 617/811/1010 2828/800/1000 2827/797/997 616/813/1006
f 52/794/1012 644/814/1013 2830/802/1002 635/815/1014
f 644/814/1013 643/809/1007 2831/803/999 2830/802/1002
f 635/815/1014 2830/802/1002 2829/804/1001 634/816/1011
f 2832/817/1015 2833/818/1016 2836/819/1017 2835/820/1018
f 2833/818/1016 2834/821/1019 2837/822/1020 2836/819/1017
f 2835/820/1018 2836/819/1017 2839/823/1021 2838/824/1022
f 2836/819/1017 2837/822/1020 2840/825/1023 2839/823/1021
f 38/755/1024 626/753/1025 2832/817/1015 645/826/1026
f 626/753/1025 625/752/1027 2833/818/1016 2832/817/1015
f 625/752/1027 624/751/1028 2834/821/1019 2833/818/1016
f 624/751/1028 37/750/1029 648/827/1030 2834/821/1019
f 2834/821/1019 648/827/1030 649/828/1031 2837/822/1020
f 2837/822/1020 649/828/1031 650/829/1032 2840/825/1023
f 2840/825/1023 650/829/1032 45/830/1033 651/831/1034
f 2839/823/1021 2840/825/1023 651/831/1034 652/832/1035
f 2838/824/1022 2839/823/1021 652/832/1035 653/833/1036
f 647/834/1037 2838/824/1022 653/833/1036 46/835/1038
f 646/836/1039 2835/820/1018 2838/824/1022 647/834/1037
f 645/826/1026 2832/817/1015 2835/820/1018 646/836/1039
f 2841/837/1040 2842/838/1041 2845/839/1042 2844/840/1043
f 2842/838/1041 2843/841/1044 2846/842/1045 2845/839/1042
f 2844/840/1043 2845/839/1042 2848/843/1046 2847/844/1047
f 2845/839/1042 2846/842/1045 2849/845/1048 2848/843/1046
f 270/774/1049 632/772/1050 2841/837/1040 654/846/1051
f 632/772/1050 631/771/1052 2842/838/1041 2841/837/1040
f 631/771/1052 630/770/1053 2843/841/1044 2842/838/1041
f 630/770/1053 38/769/1054 645/847/1055 2843/841/1044
f 2843/841/1044 645/847/1055 646/848/1056 2846/842/1045
f 2846/842/1045 646/848/1056 647/849/1057 2849/845/1048
f 2849/845/1048 647/849/1057 46/850/1058 657/851/1059
f 2848/843/1046 2849/845/1048 657/851/1059 658/852/1060
f 2847/844/1047 2848/843/1046 658/852/1060 659/853/1061
f 656/854/1062 2847/844/1047 659/853/1061 273/855/1063
f 655/856/1064 2844/840/1043 2847/844/1047 656/854/1062
f 654/846/1051 2841/837/1040 2844/840/1043 655/856/1064
f 2850/857/1065 2851/858/1066 2854/859/1067 2853/860/1068
f 2851/858/1066 2852/861/1069 2855/862/1070 2854/859/1067
f 2853/860/1068 2854/859/1067 2857/863/1071 2856/864/1072
f 2854/859/1067 2855/862/1070 2858/865/1073 2857/863/1071
f 40/646/1074 590/644/1075 2850/857/1065 660/866/1076
f 590/644/1075 589/643/1077 2851/858/1066 2850/857/1065
f 589/643/1077 588/642/1078 2852/861/1069 2851/858/1066
f 588/642/1078 39/641/1079 663/867/1080 2852/861/1069
f 2852/861/1069 663/867/1080 664/868/1081 2855/862/1070
f 2855/862/1070 664/868/1081 665/869/1082 2858/865/1073
f 2858/865/1073 665/869/1082 47/870/1083 666/871/1084
f 2857/863/1071 2858/865/1073 666/871/1084 667/872/1085
f 2856/864/1072 2857/863/1071 667/872/1085 668/873/1086
f 662/874/1087 2856/864/1072 668/873/1086 48/875/1088
f 661/876/1089 2853/860/1068 2856/864/1072 662/874/1087
f 660/866/1076 2850/857/1065 2853/860/1068 661/876/1089
f 2859/877/1090 2860/878/1091 2863/879/1092 2862/880/1093
f 2860/878/1091 2861/881/1094 2864/882/1095 2863/879/1092
f 2862/880/1093 2863/879/1092 2866/883/1096 2865/884/1097
f 2863/879/1092 2864/882/1095 2867/885/1098 2866/883/1096
f 41/662/1099 596/660/1100 2859/877/1090 669/886/1101
f 596/660/1100 595/659/1102 2860/878/1091 2859/877/1090
f 595/659/1102 594/658/1103 2861/881/1094 2860/878/1091
f 594/658/1103 40/646/1104 660/866/1105 2861/881/1094
f 2861/881/1094 660/866/1105 661/876/1106 2864/882/1095
f 2864/882/1095 661/876/1106 662/874/1107 2867/885/1098
f 2867/885/1098 662/874/1107 48/875/1108 672/887/1109
f 2866/883/1096 2867/885/1098 672/887/1109 673/888/1110
f 2865/884/1097 2866/883/1096 673/888/1110 674/889/1111
f 671/890/1112 2865/884/1097 674/889/1111 49/891/1113
f 670/892/1114 2862/880/1093 2865/884/1097 671/890/1112
f 669/886/1101 2859/877/1090 2862/880/1093 670/892/1114
f 2868/893/1115 2869/894/1116 2872/895/1117 2871/896/1118
f 2869/894/1116 2870/897/1119 2873/898/1120 2872/895/1117
f 2871/896/1118 2872/895/1117 2875/899/1121 2874/900/1122
f 2872/895/1117 2873/898/1120 2876/901/1123 2875/899/1121
f 42/678/1124 602/676/1125 2868/893/1115 675/902/1126
f 602/676/1125 601/675/1127 2869/894/1116 2868/893/1115
f 601/675/1127 600/674/1128 2870/897/1119 2869/894/1116
f 600/674/1128 41/662/1129 669/886/1130 2870/897/1119
f 2870/897/1119 669/886/1130 670/892/1131 2873/898/1120
f 2873/898/1120 670/892/1131 671/890/1132 2876/901/1123
f 2876/901/1123 671/890/1132 49/891/1133 678/903/1134
f 2875/899/1121 2876/901/1123 678/903/1134 679/904/1135
f 2874/900/1122 2875/899/1121 679/904/1135 680/905/1136
f 677/906/1137 2874/900/1122 680/905/1136 50/907/1138
f 676/908/1139 2871/896/1118 2874/900/1122 677/906/1137
f 675/902/1126 2868/893/1115 2871/896/1118 676/908/1139
f 2877/909/1140 2878/910/1141 2881/911/1142 2880/912/1143
f 2878/910/1141 2879/913/1144 2882/914/1145 2881/911/1142
f 2880/912/1143 2881/911/1142 2884/915/1146 2883/916/1147
f 2881/911/1142 2882/914/1145 2885/917/1148 2884/915/1146
f 43/694/1149 608/692/1150 2877/909/1140 636/918/1151
f 608/692/1150 607/691/1152 2878/910/1141 2877/909/1140
f 607/691/1152 606/690/1153 2879/913/1144 2878/910/1141
f 606/690/1153 42/678/1154 675/902/1155 2879/913/1144
f 2879/913/1144 675/902/1155 676/908/1156 2882/914/1145
f 2882/914/1145 676/908/1156 677/906/1157 2885/917/1148
f 2885/917/1148 677/906/1157 50/907/1158 681/919/1159
f 2884/915/1146 2885/917/1148 681/919/1159 682/920/1160
f 2883/916/1147 2884/915/1146 682/920/1160 683/921/1161
f 638/922/1162 2883/916/1147 683/921/1161 51/923/1163
f 637/924/1164 2880/912/1143 2883/916/1147 638/922/1162
f 636/918/1151 2877/909/1140 2880/912/1143 637/924/1164
f 2886/925/1165 2887/926/1166 2890/927/1167 2889/928/1168
f 2887/926/1166 2888/929/1169 2891/930/1170 2890/927/1167
f 2889/928/1168 2890/927/1167 2893/931/1171 2892/932/1172
f 2890/927/1167 2891/930/1170 2894/933/1173 2893/931/1171
f 49/891/1174 674/889/1175 2886/925/1165 684/934/1176
f 674/889/1175 673/888/1177 2887/926/1166 2886/925/1165
f 673/888/1177 672/887/1178 2888/929/1169 2887/926/1166
f 672/887/1178 48/875/1179 687/935/1180 2888/929/1169
f 2888/929/1169 687/935/1180 688/936/1181 2891/930/1170
f 2891/930/1170 688/936/1181 689/937/1182 2894/933/1173
f 2894/933/1173 689/937/1182 56/938/1183 690/939/1184
f 2893/931/1171 2894/933/1173 690/939/1184 691/940/1185
f 2892/932/1172 2893/931/1171 691/940/1185 692/941/1186
f 686/942/1187 2892/932/1172 692/941/1186 57/943/1188
f 685/944/1189 2889/928/1168 2892/932/1172 686/942/1187
f 684/934/1176 2886/925/1165 2889/928/1168 685/944/1189
f 2895/945/1190 2896/946/1191 2899/947/1192 2898/948/1193
f 2896/946/1191 2897/949/1194 2900/950/1195 2899/947/1192
f 2898/948/1193 2899/947/1192 2902/951/1196 2901/952/1197
f 2899/947/1192 2900/950/1195 2903/953/1198 2902/951/1196
f 50/907/1199 680/905/1200 2895/945/1190 693/954/1201
f 680/905/1200 679/904/1202 2896/946/1191 2895/945/1190
f 679/904/1202 678/903/1203 2897/949/1194 2896/946/1191
f 678/903/1203 49/891/1204 684/934/1205 2897/949/1194
f 2897/949/1194 684/934/1205 685/944/1206 2900/950/1195
f 2900/950/1195 685/944/1206 686/942/1207 2903/953/1198
f 2903/953/1198 686/942/1207 57/943/1208 696/955/1209
f 2902/951/1196 2903/953/1198 696/955/1209 697/956/1210
f 2901/952/1197 2902/951/1196 697/956/1210 698/957/1211
f 695/958/1212 2901/952/1197 698/957/1211 58/959/1213
f 694/960/1214 2898/948/1193 2901/952/1197 695/958/1212
f 693/954/1201 2895/945/1190 2898/948/1193 694/960/1214
f 2904/961/1215 2905/962/1216 2908/963/1217 2907/964/1218
f 2905/962/1216 2906/965/1219 2909/966/1220 2908/963/1217
f 2907/964/1218 2908/963/1217 2911/967/1221 2910/968/1222
f 2908/963/1217 2909/966/1220 2912/969/1223 2911/967/1221
f 51/923/1224 683/921/1225 2904/961/1215 699/970/1226
f 683/921/1225 682/920/1227 2905/962/1216 2904/961/1215
f 682/920/1227 681/919/1228 2906/965/1219 2905/962/1216
f 681/919/1228 50/907/1229 693/954/1230 2906/965/1219
f 2906/965/1219 693/954/1230 694/960/1231 2909/966/1220
f 2909/966/1220 694/960/1231 695/958/1232 2912/969/1223
f 2912/969/1223 695/958/1232 58/959/1233 702/971/1234
f 2911/967/1221 2912/969/1223 702/971/1234 703/972/1235
f 2910/968/1222 2911/967/1221 703/972/1235 704/973/1236
f 701/974/1237 2910/968/1222 704/973/1236 59/975/1238
f 700/976/1239 2907/964/1218 2910/968/1222 701/974/1237
f 699/970/1226 2904/961/1215 2907/964/1218 700/976/1239
f 2913/977/1240 2914/978/1241 2917/979/1242 2916/980/1243
f 2914/978/1241 2915/981/1244 2918/982/1245 2917/979/1242
f 2916/980/1243 2917/979/1242 2920/983/1246 2919/984/1247
f 2917/979/1242 2918/982/1245 2921/985/1248 2920/983/1246
f 52/794/1249 641/792/1250 2913/977/1240 705/986/1251
f 641/792/1250 640/791/1252 2914/978/1241 2913/977/1240
f 640/791/1252 639/790/1253 2915/981/1244 2914/978/1241
f 639/790/1253 51/789/1254 699/970/1255 2915/981/1244
f 2915/981/1244 699/970/1255 700/987/1256 2918/982/1245
f 2918/982/1245 700/987/1256 701/988/1257 2921/985/1248
f 2921/985/1248 701/988/1257 59/989/1258 708/990/1259
f 2920/983/1246 2921/985/1248 708/990/1259 709/991/1260
f 2919/984/1247 2920/983/1246 709/991/1260 710/992/1261
f 707/993/1262 2919/984/1247 710/992/1261 60/994/1263
f 706/995/1264 2916/980/1243 2919/984/1247 707/993/1262
f 705/986/1251 2913/977/1240 2916/980/1243 706/995/1264
f 2923/996/1265 2924/997/1266 2922/998/1267 2928/999/1268
f 2925/1000/1269 2926/1001/1270 2922/998/1267 2924/1002/1266
f 2927/1003/1271 2928/1004/1268 2922/998/1267 2926/1005/1270
f 4/1006/1272 642/1007/1273 2923/996/1265 711/1008/1274
f 642/1007/1273 643/1009/1275 2924/997/1266 2923/996/1265
f 711/1008/1274 2923/996/1265 2928/999/1268 712/1010/1276
f 52/794/1277 705/1011/1278 2925/1000/1269 644/1012/1279
f 705/1011/1278 706/1013/1280 2926/1001/1270 2925/1000/1269
f 644/1012/1279 2925/1000/1269 2924/1002/1266 643/1009/1275
f 60/994/1281 713/1014/1282 2927/1003/1271 707/1015/1283
f 713/1014/1282 712/1010/1276 2928/1004/1268 2927/1003/1271
f 707/1015/1283 2927/1003/1271 2926/1005/1270 706/1016/1280
f 2929/1017/1284 2930/1018/1285 2933/1019/1286 2932/1020/1287
f 2930/1018/1285 2931/1021/1288 2934/1022/1289 2933/1019/1286
f 2932/1020/1287 2933/1019/1286 2936/1023/1290 2935/1024/1291
f 2933/1019/1286 2934/1022/1289 2937/1025/1292 2936/1023/1290
f 46/835/1293 653/833/1294 2929/1017/1284 714/1026/1295
f 653/833/1294 652/832/1296 2930/1018/1285 2929/1017/1284
f 652/832/1296 651/831/1297 2931/1021/1288 2930/1018/1285
f 651/831/1297 45/830/1298 717/1027/1299 2931/1021/1288
f 2931/1021/1288 717/1027/1299 718/1028/1300 2934/1022/1289
f 2934/1022/1289 718/1028/1300 719/1029/1301 2937/1025/1292
f 2937/1025/1292 719/1029/1301 53/1030/1302 720/1031/1303
f 2936/1023/1290 2937/1025/1292 720/1031/1303 721/1032/1304
f 2935/1024/1291 2936/1023/1290 721/1032/1304 722/1033/1305
f 716/1034/1306 2935/1024/1291 722/1033/1305 54/1035/1307
f 715/1036/1308 2932/1020/1287 2935/1024/1291 716/1034/1306
f 714/1026/1295 2929/1017/1284 2932/1020/1287 715/1036/1308
f 2938/1037/1309 2939/1038/1310 2942/1039/1311 2941/1040/1312
f 2939/1038/1310 2940/1041/1313 2943/1042/1314 2942/1039/1311
f 2941/1040/1312 2942/1039/1311 2945/1043/1315 2944/1044/1316
f 2942/1039/1311 2943/1042/1314 2946/1045/1317 2945/1043/1315
f 273/855/1318 659/853/1319 2938/1037/1309 723/1046/1320
f 659/853/1319 658/852/1321 2939/1038/1310 2938/1037/1309
f 658/852/1321 657/851/1322 2940/1041/1313 2939/1038/1310
f 657/851/1322 46/850/1323 714/1047/1324 2940/1041/1313
f 2940/1041/1313 714/1047/1324 715/1036/1325 2943/1042/1314
f 2943/1042/1314 715/1036/1325 716/1048/1326 2946/1045/1317
f 2946/1045/1317 716/1048/1326 54/1049/1327 726/1050/1328
f 2945/1043/1315 2946/1045/1317 726/1050/1328 727/1051/1329
f 2944/1044/1316 2945/1043/1315 727/1051/1329 728/1052/1330
f 725/1053/1331 2944/1044/1316 728/1052/1330 276/1054/1332
f 724/1055/1333 2941/1040/1312 2944/1044/1316 725/1053/1331
f 723/1046/1320 2938/1037/1309 2941/1040/1312 724/1055/1333
f 2947/1056/1334 2948/1057/1335 2951/1058/1336 2950/1059/1337
f 2948/1057/1335 2949/1060/1338 2952/1061/1339 2951/1058/1336
f 2950/1059/1337 2951/1058/1336 2954/1062/1340 2953/1063/1341
f 2951/1058/1336 2952/1061/1339 2955/1064/1342 2954/1062/1340
f 48/875/1343 668/873/1344 2947/1056/1334 687/935/1345
f 668/873/1344 667/872/1346 2948/1057/1335 2947/1056/1334
f 667/872/1346 666/871/1347 2949/1060/1338 2948/1057/1335
f 666/871/1347 47/870/1348 729/1065/1349 2949/1060/1338
f 2949/1060/1338 729/1065/1349 730/1066/1350 2952/1061/1339
f 2952/1061/1339 730/1066/1350 731/1067/1351 2955/1064/1342
f 2955/1064/1342 731/1067/1351 55/1068/1352 732/1069/1353
f 2954/1062/1340 2955/1064/1342 732/1069/1353 733/1070/1354
f 2953/1063/1341 2954/1062/1340 733/1070/1354 734/1071/1355
f 689/937/1356 2953/1063/1341 734/1071/1355 56/938/1357
f 688/936/1358 2950/1059/1337 2953/1063/1341 689/937/1356
f 687/935/1345 2947/1056/1334 2950/1059/1337 688/936/1358
f 2957/1072/1359 2958/1073/1360 2956/1074/1361 2962/1075/1362
f 2959/1076/1363 2960/1077/1364 2956/1074/1361 2958/1073/1360
f 2961/1078/1365 2962/1079/1362 2956/1074/1361 2960/1080/1364
f 4/1081/1366 711/1082/1367 2957/1072/1359 735/1083/1368
f 711/1082/1367 712/1084/1369 2958/1073/1360 2957/1072/1359
f 735/1083/1368 2957/1072/1359 2962/1075/1362 736/1085/1370
f 60/994/1371 738/1086/1372 2959/1076/1363 713/1087/1373
f 738/1086/1372 739/1088/1374 2960/1077/1364 2959/1076/1363
f 713/1087/1373 2959/1076/1363 2958/1073/1360 712/1084/1369
f 68/1089/1375 737/1090/1376 2961/1078/1365 740/1091/1377
f 737/1090/1376 736/1085/1370 2962/1079/1362 2961/1078/1365
f 740/1091/1377 2961/1078/1365 2960/1080/1364 739/1088/1374
f 2963/1092/1378 2964/1093/1379 2967/1094/1380 2966/1095/1381
f 2964/1093/1379 2965/1096/1382 2968/1097/1383 2967/1094/1380
f 2966/1095/1381 2967/1094/1380 2970/1098/1384 2969/1099/1385
f 2967/1094/1380 2968/1097/1383 2971/1100/1386 2970/1098/1384
f 54/1035/1387 722/1033/1388 2963/1092/1378 741/1101/1389
f 722/1033/1388 721/1032/1390 2964/1093/1379 2963/1092/1378
f 721/1032/1390 720/1031/1391 2965/1096/1382 2964/1093/1379
f 720/1031/1391 53/1030/1392 744/1102/1393 2965/1096/1382
f 2965/1096/1382 744/1102/1393 745/1103/1394 2968/1097/1383
f 2968/1097/1383 745/1103/1394 746/1104/1395 2971/1100/1386
f 2971/1100/1386 746/1104/1395 61/1105/1396 747/1106/1397
f 2970/1098/1384 2971/1100/1386 747/1106/1397 748/1107/1398
f 2969/1099/1385 2970/1098/1384 748/1107/1398 749/1108/1399
f 743/1109/1400 2969/1099/1385 749/1108/1399 62/1110/1401
f 742/1111/1402 2966/1095/1381 2969/1099/1385 743/1109/1400
f 741/1101/1389 2963/1092/1378 2966/1095/1381 742/1111/1402
f 2972/1112/1403 2973/1113/1404 2976/1114/1405 2975/1115/1406
f 2973/1113/1404 2974/1116/1407 2977/1117/1408 2976/1114/1405
f 2975/1115/1406 2976/1114/1405 2979/1118/1409 2978/1119/1410
f 2976/1114/1405 2977/1117/1408 2980/1120/1411 2979/1118/1409
f 276/1054/1412 728/1052/1413 2972/1112/1403 750/1121/1414
f 728/1052/1413 727/1051/1415 2973/1113/1404 2972/1112/1403
f 727/1051/1415 726/1050/1416 2974/1116/1407 2973/1113/1404
f 726/1050/1416 54/1049/1417 741/1122/1418 2974/1116/1407
f 2974/1116/1407 741/1122/1418 742/1123/1419 2977/1117/1408
f 2977/1117/1408 742/1123/1419 743/1124/1420 2980/1120/1411
f 2980/1120/1411 743/1124/1420 62/1125/1421 753/1126/1422
f 2979/1118/1409 2980/1120/1411 753/1126/1422 754/1127/1423
f 2978/1119/1410 2979/1118/1409 754/1127/1423 755/1128/1424
f 752/1129/1425 2978/1119/1410 755/1128/1424 279/1130/1426
f 751/1131/1427 2975/1115/1406 2978/1119/1410 752/1129/1425
f 750/1121/1414 2972/1112/1403 2975/1115/1406 751/1131/1427
f 2981/1132/1428 2982/1133/1429 2985/1134/1430 2984/1135/1431
f 2982/1133/1429 2983/1136/1432 2986/1137/1433 2985/1134/1430
f 2984/1135/1431 2985/1134/1430 2988/1138/1434 2987/1139/1435
f 2985/1134/1430 2986/1137/1433 2989/1140/1436 2988/1138/1434
f 56/938/1437 734/1071/1438 2981/1132/1428 756/1141/1439
f 734/1071/1438 733/1070/1440 2982/1133/1429 2981/1132/1428
f 733/1070/1440 732/1069/1441 2983/1136/1432 2982/1133/1429
f 732/1069/1441 55/1068/1442 759/1142/1443 2983/1136/1432
f 2983/1136/1432 759/1142/1443 760/1143/1444 2986/1137/1433
f 2986/1137/1433 760/1143/1444 761/1144/1445 2989/1140/1436
f 2989/1140/1436 761/1144/1445 63/1145/1446 762/1146/1447
f 2988/1138/1434 2989/1140/1436 762/1146/1447 763/1147/1448
f 2987/1139/1435 2988/1138/1434 763/1147/1448 764/1148/1449
f 758/1149/1450 2987/1139/1435 764/1148/1449 64/1150/1451
f 757/1151/1452 2984/1135/1431 2987/1139/1435 758/1149/1450
f 756/1141/1439 2981/1132/1428 2984/1135/1431 757/1151/1452
f 2990/1152/1453 2991/1153/1454 2994/1154/1455 2993/1155/1456
f 2991/1153/1454 2992/1156/1457 2995/1157/1458 2994/1154/1455
f 2993/1155/1456 2994/1154/1455 2997/1158/1459 2996/1159/1460
f 2994/1154/1455 2995/1157/1458 2998/1160/1461 2997/1158/1459
f 57/943/1462 692/941/1463 2990/1152/1453 765/1161/1464
f 692/941/1463 691/940/1465 2991/1153/1454 2990/1152/1453
f 691/940/1465 690/939/1466 2992/1156/1457 2991/1153/1454
f 690/939/1466 56/938/1467 756/1141/1468 2992/1156/1457
f 2992/1156/1457 756/1141/1468 757/1151/1469 2995/1157/1458
f 2995/1157/1458 757/1151/1469 758/1149/1470 2998/1160/1461
f 2998/1160/1461 758/1149/1470 64/1150/1471 768/1162/1472
f 2997/1158/1459 2998/1160/1461 768/1162/1472 769/1163/1473
f 2996/1159/1460 2997/1158/1459 769/1163/1473 770/1164/1474
f 767/1165/1475 2996/1159/1460 770/1164/1474 65/1166/1476
f 766/1167/1477 2993/1155/1456 2996/1159/1460 767/1165/1475
f 765/1161/1464 2990/1152/1453 2993/1155/1456 766/1167/1477
f 2999/1168/1478 3000/1169/1479 3003/1170/1480 3002/1171/1481
f 3000/1169/1479 3001/1172/1482 3004/1173/1483 3003/1170/1480
f 3002/1171/1481 3003/1170/1480 3006/1174/1484 3005/1175/1485
f 3003/1170/1480 3004/1173/1483 3007/1176/1486 3006/1174/1484
f 58/959/1487 698/957/1488 2999/1168/1478 771/1177/1489
f 698/957/1488 697/956/1490 3000/1169/1479 2999/1168/1478
f 697/956/1490 696/955/1491 3001/1172/1482 3000/1169/1479
f 696/955/1491 57/943/1492 765/1161/1493 3001/1172/1482
f 3001/1172/1482 765/1161/1493 766/1167/1494 3004/1173/1483
f 3004/1173/1483 766/1167/1494 767/1165/1495 3007/1176/1486
f 3007/1176/1486 767/1165/1495 65/1166/1496 774/1178/1497
f 3006/1174/1484 3007/1176/1486 774/1178/1497 775/1179/1498
f 3005/1175/1485 3006/1174/1484 775/1179/1498 776/1180/1499
f 773/1181/1500 3005/1175/1485 776/1180/1499 66/1182/1501
f 772/1183/1502 3002/1171/1481 3005/1175/1485 773/1181/1500
f 771/1177/1489 2999/1168/1478 3002/1171/1481 772/1183/1502
f 3008/1184/1503 3009/1185/1504 3012/1186/1505 3011/1187/1506
f 3009/1185/1504 3010/1188/1507 3013/1189/1508 3012/1186/1505
f 3011/1187/1506 3012/1186/1505 3015/1190/1509 3014/1191/1510
f 3012/1186/1505 3013/1189/1508 3016/1192/1511 3015/1190/1509
f 59/975/1512 704/973/1513 3008/1184/1503 777/1193/1514
f 704/973/1513 703/972/1515 3009/1185/1504 3008/1184/1503
f 703/972/1515 702/971/1516 3010/1188/1507 3009/1185/1504
f 702/971/1516 58/959/1517 771/1177/1518 3010/1188/1507
f 3010/1188/1507 771/1177/1518 772/1183/1519 3013/1189/1508
f 3013/1189/1508 772/1183/1519 773/1181/1520 3016/1192/1511
f 3016/1192/1511 773/1181/1520 66/1182/1521 780/1194/1522
f 3015/1190/1509 3016/1192/1511 780/1194/1522 781/1195/1523
f 3014/1191/1510 3015/1190/1509 781/1195/1523 782/1196/1524
f 779/1197/1525 3014/1191/1510 782/1196/1524 67/1198/1526
f 778/1199/1527 3011/1187/1506 3014/1191/1510 779/1197/1525
f 777/1193/1514 3008/1184/1503 3011/1187/1506 778/1199/1527
f 3017/1200/1528 3018/1201/1529 3021/1202/1530 3020/1203/1531
f 3018/1201/1529 3019/1204/1532 3022/1205/1533 3021/1202/1530
f 3020/1203/1531 3021/1202/1530 3024/1206/1534 3023/1207/1535
f 3021/1202/1530 3022/1205/1533 3025/1208/1536 3024/1206/1534
f 60/994/1537 710/992/1538 3017/1200/1528 738/1086/1539
f 710/992/1538 709/991/1540 3018/1201/1529 3017/1200/1528
f 709/991/1540 708/990/1541 3019/1204/1532 3018/1201/1529
f 708/990/1541 59/989/1542 777/1209/1543 3019/1204/1532
f 3019/1204/1532 777/1209/1543 778/1210/1544 3022/1205/1533
f 3022/1205/1533 778/1210/1544 779/1211/1545 3025/1208/1536
f 3025/1208/1536 779/1211/1545 67/1212/1546 783/1213/1547
f 3024/1206/1534 3025/1208/1536 783/1213/1547 784/1214/1548
f 3023/1207/1535 3024/1206/1534 784/1214/1548 785/1215/1549
f 740/1216/1550 3023/1207/1535 785/1215/1549 68/1089/1551
f 739/1217/1552 3020/1203/1531 3023/1207/1535 740/1216/1550
f 738/1086/1539 3017/1200/1528 3020/1203/1531 739/1217/1552
f 3026/1218/1553 3027/1219/1554 3030/1220/1555 3029/1221/1556
f 3027/1219/1554 3028/1222/1557 3031/1223/1558 3030/1220/1555
f 3029/1221/1556 3030/1220/1555 3033/1224/1559 3032/1225/1560
f 3030/1220/1555 3031/1223/1558 3034/1226/1561 3033/1224/1559
f 66/1182/1562 776/1180/1563 3026/1218/1553 786/1227/1564
f 776/1180/1563 775/1179/1565 3027/1219/1554 3026/1218/1553
f 775/1179/1565 774/1178/1566 3028/1222/1557 3027/1219/1554
f 774/1178/1566 65/1166/1567 789/1228/1568 3028/1222/1557
f 3028/1222/1557 789/1228/1568 790/1229/1569 3031/1223/1558
f 3031/1223/1558 790/1229/1569 791/1230/1570 3034/1226/1561
f 3034/1226/1561 791/1230/1570 73/1231/1571 792/1232/1572
f 3033/1224/1559 3034/1226/1561 792/1232/1572 793/1233/1573
f 3032/1225/1560 3033/1224/1559 793/1233/1573 794/1234/1574
f 788/1235/1575 3032/1225/1560 794/1234/1574 74/1236/1576
f 787/1237/1577 3029/1221/1556 3032/1225/1560 788/1235/1575
f 786/1227/1564 3026/1218/1553 3029/1221/1556 787/1237/1577
f 3035/1238/1578 3036/1239/1579 3039/1240/1580 3038/1241/1581
f 3036/1239/1579 3037/1242/1582 3040/1243/1583 3039/1240/1580
f 3038/1241/1581 3039/1240/1580 3042/1244/1584 3041/1245/1585
f 3039/1240/1580 3040/1243/1583 3043/1246/1586 3042/1244/1584
f 67/1198/1587 782/1196/1588 3035/1238/1578 795/1247/1589
f 782/1196/1588 781/1195/1590 3036/1239/1579 3035/1238/1578
f 781/1195/1590 780/1194/1591 3037/1242/1582 3036/1239/1579
f 780/1194/1591 66/1182/1592 786/1227/1593 3037/1242/1582
f 3037/1242/1582 786/1227/1593 787/1237/1594 3040/1243/1583
f 3040/1243/1583 787/1237/1594 788/1235/1595 3043/1246/1586
f 3043/1246/1586 788/1235/1595 74/1236/1596 798/1248/1597
f 3042/1244/1584 3043/1246/1586 798/1248/1597 799/1249/1598
f 3041/1245/1585 3042/1244/1584 799/1249/1598 800/1250/1599
f 797/1251/1600 3041/1245/1585 800/1250/1599 75/1252/1601
f 796/1253/1602 3038/1241/1581 3041/1245/1585 797/1251/1600
f 795/1247/1589 3035/1238/1578 3038/1241/1581 796/1253/1602
f 3044/1254/1603 3045/1255/1604 3048/1256/1605 3047/1257/1606
f 3045/1255/1604 3046/1258/1607 3049/1259/1608 3048/1256/1605
f 3047/1257/1606 3048/1256/1605 3051/1260/1609 3050/1261/1610
f 3048/1256/1605 3049/1259/1608 3052/1262/1611 3051/1260/1609
f 68/1089/1612 785/1215/1613 3044/1254/1603 801/1263/1614
f 785/1215/1613 784/1214/1615 3045/1255/1604 3044/1254/1603
f 784/1214/1615 783/1213/1616 3046/1258/1607 3045/1255/1604
f 783/1213/1616 67/1212/1617 795/1264/1618 3046/1258/1607
f 3046/1258/1607 795/1264/1618 796/1265/1619 3049/1259/1608
f 3049/1259/1608 796/1265/1619 797/1266/1620 3052/1262/1611
f 3052/1262/1611 797/1266/1620 75/1267/1621 804/1268/1622
f 3051/1260/1609 3052/1262/1611 804/1268/1622 805/1269/1623
f 3050/1261/1610 3051/1260/1609 805/1269/1623 806/1270/1624
f 803/1271/1625 3050/1261/1610 806/1270/1624 76/1272/1626
f 802/1273/1627 3047/1257/1606 3050/1261/1610 803/1271/1625
f 801/1263/1614 3044/1254/1603 3047/1257/1606 802/1273/1627
f 3054/1274/1628 3055/1275/1629 3053/1276/1630 3059/1277/1631
f 3056/1278/1632 3057/1279/1633 3053/1276/1630 3055/1275/1629
f 3058/1280/1634 3059/1281/1631 3053/1276/1630 3057/1282/1633
f 4/1283/1635 735/1284/1636 3054/1274/1628 807/1285/1637
f 735/1284/1636 736/1286/1638 3055/1275/1629 3054/1274/1628
f 807/1285/1637 3054/1274/1628 3059/1277/1631 808/1287/1639
f 68/1089/1640 801/1288/1641 3056/1278/1632 737/1289/1642
f 801/1288/1641 802/1290/1643 3057/1279/1633 3056/1278/1632
f 737/1289/1642 3056/1278/1632 3055/1275/1629 736/1286/1638
f 76/1272/1644 809/1291/1645 3058/1280/1634 803/1271/1646
f 809/1291/1645 808/1287/1639 3059/1281/1631 3058/1280/1634
f 803/1271/1646 3058/1280/1634 3057/1282/1633 802/1290/1643
f 3060/1292/1647 3061/1293/1648 3064/1294/1649 3063/1295/1650
f 3061/1293/1648 3062/1296/1651 3065/1297/1652 3064/1294/1649
f 3063/1295/1650 3064/1294/1649 3067/1298/1653 3066/1299/1654
f 3064/1294/1649 3065/1297/1652 3068/1300/1655 3067/1298/1653
f 62/1110/1656 749/1108/1657 3060/1292/1647 810/1301/1658
f 749/1108/1657 748/1107/1659 3061/1293/1648 3060/1292/1647
f 748/1107/1659 747/1106/1660 3062/1296/1651 3061/1293/1648
f 747/1106/1660 61/1105/1661 813/1302/1662 3062/1296/1651
f 3062/1296/1651 813/1302/1662 814/1303/1663 3065/1297/1652
f 3065/1297/1652 814/1303/1663 815/1304/1664 3068/1300/1655
f 3068/1300/1655 815/1304/1664 69/1305/1665 816/1306/1666
f 3067/1298/1653 3068/1300/1655 816/1306/1666 817/1307/1667
f 3066/1299/1654 3067/1298/1653 817/1307/1667 818/1308/1668
f 812/1309/1669 3066/1299/1654 818/1308/1668 70/1310/1670
f 811/1311/1671 3063/1295/1650 3066/1299/1654 812/1309/1669
f 810/1301/1658 3060/1292/1647 3063/1295/1650 811/1311/1671
f 3069/1312/1672 3070/1313/1673 3073/1314/1674 3072/1315/1675
f 3070/1313/1673 3071/1316/1676 3074/1317/1677 3073/1314/1674
f 3072/1315/1675 3073/1314/1674 3076/1318/1678 3075/1319/1679
f 3073/1314/1674 3074/1317/1677 3077/1320/1680 3076/1318/1678
f 279/1130/1681 755/1128/1682 3069/1312/1672 819/1321/1683
f 755/1128/1682 754/1127/1684 3070/1313/1673 3069/1312/1672
f 754/1127/1684 753/1126/1685 3071/1316/1676 3070/1313/1673
f 753/1126/1685 62/1125/1686 810/1322/1687 3071/1316/1676
f 3071/1316/1676 810/1322/1687 811/1323/1688 3074/1317/1677
f 3074/1317/1677 811/1323/1688 812/1324/1689 3077/1320/1680
f 3077/1320/1680 812/1324/1689 70/1325/1690 822/1326/1691
f 3076/1318/1678 3077/1320/1680 822/1326/1691 823/1327/1692
f 3075/1319/1679 3076/1318/1678 823/1327/1692 824/1328/1693
f 821/1329/1694 3075/1319/1679 824/1328/1693 282/1330/1695
f 820/1331/1696 3072/1315/1675 3075/1319/1679 821/1329/1694
f 819/1321/1683 3069/1312/1672 3072/1315/1675 820/1331/1696
f 3078/1332/1697 3079/1333/1698 3082/1334/1699 3081/1335/1700
f 3079/1333/1698 3080/1336/1701 3083/1337/1702 3082/1334/1699
f 3081/1335/1700 3082/1334/1699 3085/1338/1703 3084/1339/1704
f 3082/1334/1699 3083/1337/1702 3086/1340/1705 3085/1338/1703
f 64/1150/1706 764/1148/1707 3078/1332/1697 825/1341/1708
f 764/1148/1707 763/1147/1709 3079/1333/1698 3078/1332/1697
f 763/1147/1709 762/1146/1710 3080/1336/1701 3079/1333/1698
f 762/1146/1710 63/1145/1711 828/1342/1712 3080/1336/1701
f 3080/1336/1701 828/1342/1712 829/1343/1713 3083/1337/1702
f 3083/1337/1702 829/1343/1713 830/1344/1714 3086/1340/1705
f 3086/1340/1705 830/1344/1714 71/1345/1715 831/1346/1716
f 3085/1338/1703 3086/1340/1705 831/1346/1716 832/1347/1717
f 3084/1339/1704 3085/1338/1703 832/1347/1717 833/1348/1718
f 827/1349/1719 3084/1339/1704 833/1348/1718 72/1350/1720
f 826/1351/1721 3081/1335/1700 3084/1339/1704 827/1349/1719
f 825/1341/1708 3078/1332/1697 3081/1335/1700 826/1351/1721
f 3087/1352/1722 3088/1353/1723 3091/1354/1724 3090/1355/1725
f 3088/1353/1723 3089/1356/1726 3092/1357/1727 3091/1354/1724
f 3090/1355/1725 3091/1354/1724 3094/1358/1728 3093/1359/1729
f 3091/1354/1724 3092/1357/1727 3095/1360/1730 3094/1358/1728
f 65/1166/1731 770/1164/1732 3087/1352/1722 789/1228/1733
f 770/1164/1732 769/1163/1734 3088/1353/1723 3087/1352/1722
f 769/1163/1734 768/1162/1735 3089/1356/1726 3088/1353/1723
f 768/1162/1735 64/1150/1736 825/1341/1737 3089/1356/1726
f 3089/1356/1726 825/1341/1737 826/1351/1738 3092/1357/1727
f 3092/1357/1727 826/1351/1738 827/1349/1739 3095/1360/1730
f 3095/1360/1730 827/1349/1739 72/1350/1740 834/1361/1741
f 3094/1358/1728 3095/1360/1730 834/1361/1741 835/1362/1742
f 3093/1359/1729 3094/1358/1728 835/1362/1742 836/1363/1743
f 791/1230/1744 3093/1359/1729 836/1363/1743 73/1231/1745
f 790/1229/1746 3090/1355/1725 3093/1359/1729 791/1230/1744
f 789/1228/1733 3087/1352/1722 3090/1355/1725 790/1229/1746
f 3096/1364/1747 3097/1365/1748 3100/1366/1749 3099/1367/1750
f 3097/1365/1748 3098/1368/1751 3101/1369/1752 3100/1366/1749
f 3099/1367/1750 3100/1366/1749 3103/1370/1753 3102/1371/1754
f 3100/1366/1749 3101/1369/1752 3104/1372/1755 3103/1370/1753
f 70/1310/1756 818/1308/1757 3096/1364/1747 837/1373/1758
f 818/1308/1757 817/1307/1759 3097/1365/1748 3096/1364/1747
f 817/1307/1759 816/1306/1760 3098/1368/1751 3097/1365/1748
f 816/1306/1760 69/1305/1761 840/1374/1762 3098/1368/1751
f 3098/1368/1751 840/1374/1762 841/1375/1763 3101/1369/1752
f 3101/1369/1752 841/1375/1763 842/1376/1764 3104/1372/1755
f 3104/1372/1755 842/1376/1764 77/1377/1765 843/1378/1766
f 3103/1370/1753 3104/1372/1755 843/1378/1766 844/1379/1767
f 3102/1371/1754 3103/1370/1753 844/1379/1767 845/1380/1768
f 839/1381/1769 3102/1371/1754 845/1380/1768 78/1382/1770
f 838/1383/1771 3099/1367/1750 3102/1371/1754 839/1381/1769
f 837/1373/1758 3096/1364/1747 3099/1367/1750 838/1383/1771
f 3105/1384/1772 3106/1385/1773 3109/1386/1774 3108/1387/1775
f 3106/1385/1773 3107/1388/1776 3110/1389/1777 3109/1386/1774
f 3108/1387/1775 3109/1386/1774 3112/1390/1778 3111/1391/1779
f 3109/1386/1774 3110/1389/1777 3113/1392/1780 3112/1390/1778
f 282/1330/1781 824/1328/1782 3105/1384/1772 846/1393/1783
f 824/1328/1782 823/1327/1784 3106/1385/1773 3105/1384/1772
f 823/1327/1784 822/1326/1785 3107/1388/1776 3106/1385/1773
f 822/1326/1785 70/1325/1786 837/1394/1787 3107/1388/1776
f 3107/1388/1776 837/1394/1787 838/1395/1788 3110/1389/1777
f 3110/1389/1777 838/1395/1788 839/1396/1789 3113/1392/1780
f 3113/1392/1780 839/1396/1789 78/1397/1790 849/1398/1791
f 3112/1390/1778 3113/1392/1780 849/1398/1791 850/1399/1792
f 3111/1391/1779 3112/1390/1778 850/1399/1792 851/1400/1793
f 848/1401/1794 3111/1391/1779 851/1400/1793 285/1402/1795
f 847/1403/1796 3108/1387/1775 3111/1391/1779 848/1401/1794
f 846/1393/1783 3105/1384/1772 3108/1387/1775 847/1403/1796
f 3114/1404/1797 3115/1405/1798 3118/1406/1799 3117/1407/1800
f 3115/1405/1798 3116/1408/1801 3119/1409/1802 3118/1406/1799
f 3117/1407/1800 3118/1406/1799 3121/1410/1803 3120/1411/1804
f 3118/1406/1799 3119/1409/1802 3122/1412/1805 3121/1410/1803
f 72/1350/1806 833/1348/1807 3114/1404/1797 852/1413/1808
f 833/1348/1807 832/1347/1809 3115/1405/1798 3114/1404/1797
f 832/1347/1809 831/1346/1810 3116/1408/1801 3115/1405/1798
f 831/1346/1810 71/1345/1811 855/1414/1812 3116/1408/1801
f 3116/1408/1801 855/1414/1812 856/1415/1813 3119/1409/1802
f 3119/1409/1802 856/1415/1813 857/1416/1814 3122/1412/1805
f 3122/1412/1805 857/1416/1814 79/1417/1815 858/1418/1816
f 3121/1410/1803 3122/1412/1805 858/1418/1816 859/1419/1817
f 3120/1411/1804 3121/1410/1803 859/1419/1817 860/1420/1818
f 854/1421/1819 3120/1411/1804 860/1420/1818 80/1422/1820
f 853/1423/1821 3117/1407/1800 3120/1411/1804 854/1421/1819
f 852/1413/1808 3114/1404/1797 3117/1407/1800 853/1423/1821
f 3123/1424/1822 3124/1425/1823 3127/1426/1824 3126/1427/1825
f 3124/1425/1823 3125/1428/1826 3128/1429/1827 3127/1426/1824
f 3126/1427/1825 3127/1426/1824 3130/1430/1828 3129/1431/1829
f 3127/1426/1824 3128/1429/1827 3131/1432/1830 3130/1430/1828
f 73/1231/1831 836/1363/1832 3123/1424/1822 861/1433/1833
f 836/1363/1832 835/1362/1834 3124/1425/1823 3123/1424/1822
f 835/1362/1834 834/1361/1835 3125/1428/1826 3124/1425/1823
f 834/1361/1835 72/1350/1836 852/1413/1837 3125/1428/1826
f 3125/1428/1826 852/1413/1837 853/1423/1838 3128/1429/1827
f 3128/1429/1827 853/1423/1838 854/1421/1839 3131/1432/1830
f 3131/1432/1830 854/1421/1839 80/1422/1840 864/1434/1841
f 3130/1430/1828 3131/1432/1830 864/1434/1841 865/1435/1842
f 3129/1431/1829 3130/1430/1828 865/1435/1842 866/1436/1843
f 863/1437/1844 3129/1431/1829 866/1436/1843 81/1438/1845
f 862/1439/1846 3126/1427/1825 3129/1431/1829 863/1437/1844
f 861/1433/1833 3123/1424/1822 3126/1427/1825 862/1439/1846
f 3132/1440/1847 3133/1441/1848 3136/1442/1849 3135/1443/1850
f 3133/1441/1848 3134/1444/1851 3137/1445/1852 3136/1442/1849
f 3135/1443/1850 3136/1442/1849 3139/1446/1853 3138/1447/1854
f 3136/1442/1849 3137/1445/1852 3140/1448/1855 3139/1446/1853
f 74/1236/1856 794/1234/1857 3132/1440/1847 867/1449/1858
f 794/1234/1857 793/1233/1859 3133/1441/1848 3132/1440/1847
f 793/1233/1859 792/1232/1860 3134/1444/1851 3133/1441/1848
f 792/1232/1860 73/1231/1861 861/1433/1862 3134/1444/1851
f 3134/1444/1851 861/1433/1862 862/1439/1863 3137/1445/1852
f 3137/1445/1852 862/1439/1863 863/1437/1864 3140/1448/1855
f 3140/1448/1855 863/1437/1864 81/1438/1865 870/1450/1866
f 3139/1446/1853 3140/1448/1855 870/1450/1866 871/1451/1867
f 3138/1447/1854 3139/1446/1853 871/1451/1867 872/1452/1868
f 869/1453/1869 3138/1447/1854 872/1452/1868 82/1454/1870
f 868/1455/1871 3135/1443/1850 3138/1447/1854 869/1453/1869
f 867/1449/1858 3132/1440/1847 3135/1443/1850 868/1455/1871
f 3141/1456/1872 3142/1457/1873 3145/1458/1874 3144/1459/1875
f 3142/1457/1873 3143/1460/1876 3146/1461/1877 3145/1458/1874
f 3144/1459/1875 3145/1458/1874 3148/1462/1878 3147/1463/1879
f 3145/1458/1874 3146/1461/1877 3149/1464/1880 3148/1462/1878
f 75/1252/1881 800/1250/1882 3141/1456/1872 873/1465/1883
f 800/1250/1882 799/1249/1884 3142/1457/1873 3141/1456/1872
f 799/1249/1884 798/1248/1885 3143/1460/1876 3142/1457/1873
f 798/1248/1885 74/1236/1886 867/1449/1887 3143/1460/1876
f 3143/1460/1876 867/1449/1887 868/1455/1888 3146/1461/1877
f 3146/1461/1877 868/1455/1888 869/1453/1889 3149/1464/1880
f 3149/1464/1880 869/1453/1889 82/1454/1890 876/1466/1891
f 3148/1462/1878 3149/1464/1880 876/1466/1891 877/1467/1892
f 3147/1463/1879 3148/1462/1878 877/1467/1892 878/1468/1893
f 875/1469/1894 3147/1463/1879 878/1468/1893 83/1470/1895
f 874/1471/1896 3144/1459/1875 3147/1463/1879 875/1469/1894
f 873/1465/1883 3141/1456/1872 3144/1459/1875 874/1471/1896
f 3150/1472/1897 3151/1473/1898 3154/1474/1899 3153/1475/1900
f 3151/1473/1898 3152/1476/1901 3155/1477/1902 3154/1474/1899
f 3153/1475/1900 3154/1474/1899 3157/1478/1903 3156/1479/1904
f 3154/1474/1899 3155/1477/1902 3158/1480/1905 3157/1478/1903
f 76/1272/1906 806/1270/1907 3150/1472/1897 879/1481/1908
f 806/1270/1907 805/1269/1909 3151/1473/1898 3150/1472/1897
f 805/1269/1909 804/1268/1910 3152/1476/1901 3151/1473/1898
f 804/1268/1910 75/1267/1911 873/1482/1912 3152/1476/1901
f 3152/1476/1901 873/1482/1912 874/1483/1913 3155/1477/1902
f 3155/1477/1902 874/1483/1913 875/1484/1914 3158/1480/1905
f 3158/1480/1905 875/1484/1914 83/1485/1915 882/1486/1916
f 3157/1478/1903 3158/1480/1905 882/1486/1916 883/1487/1917
f 3156/1479/1904 3157/1478/1903 883/1487/1917 884/1488/1918
f 881/1489/1919 3156/1479/1904 884/1488/1918 84/1490/1920
f 880/1491/1921 3153/1475/1900 3156/1479/1904 881/1489/1919
f 879/1481/1908 3150/1472/1897 3153/1475/1900 880/1491/1921
f 3160/1492/1922 3161/1493/1923 3159/1494/1924 3165/1495/1925
f 3162/1496/1926 3163/1497/1927 3159/1494/1924 3161/1498/1923
f 3164/1499/1928 3165/1500/1925 3159/1494/1924 3163/1501/1927
f 4/1502/1929 807/1503/1930 3160/1492/1922 885/1504/1931
f 807/1503/1930 808/1505/1932 3161/1493/1923 3160/1492/1922
f 885/1504/1931 3160/1492/1922 3165/1495/1925 886/1506/1933
f 76/1272/1934 879/1507/1935 3162/1496/1926 809/1508/1936
f 879/1507/1935 880/1509/1937 3163/1497/1927 3162/1496/1926
f 809/1508/1936 3162/1496/1926 3161/1498/1923 808/1505/1932
f 84/1490/1938 887/1510/1939 3164/1499/1928 881/1489/1940
f 887/1510/1939 886/1506/1933 3165/1500/1925 3164/1499/1928
f 881/1489/1940 3164/1499/1928 3163/1501/1927 880/1511/1937
f 3166/1512/1941 3167/1513/1942 3170/1514/1943 3169/1515/1944
f 3167/1513/1942 3168/1516/1945 3171/1517/1946 3170/1514/1943
f 3169/1515/1944 3170/1514/1943 3173/1518/1947 3172/1519/1948
f 3170/1514/1943 3171/1517/1946 3174/1520/1949 3173/1518/1947
f 82/1454/1950 872/1452/1951 3166/1512/1941 888/1521/1952
f 872/1452/1951 871/1451/1953 3167/1513/1942 3166/1512/1941
f 871/1451/1953 870/1450/1954 3168/1516/1945 3167/1513/1942
f 870/1450/1954 81/1438/1955 891/1522/1956 3168/1516/1945
f 3168/1516/1945 891/1522/1956 892/1523/1957 3171/1517/1946
f 3171/1517/1946 892/1523/1957 893/1524/1958 3174/1520/1949
f 3174/1520/1949 893/1524/1958 89/1525/1959 894/1526/1960
f 3173/1518/1947 3174/1520/1949 894/1526/1960 895/1527/1961
f 3172/1519/1948 3173/1518/1947 895/1527/1961 896/1528/1962
f 890/1529/1963 3172/1519/1948 896/1528/1962 90/1530/1964
f 889/1531/1965 3169/1515/1944 3172/1519/1948 890/1529/1963
f 888/1521/1952 3166/1512/1941 3169/1515/1944 889/1531/1965
f 3175/1532/1966 3176/1533/1967 3179/1534/1968 3178/1535/1969
f 3176/1533/1967 3177/1536/1970 3180/1537/1971 3179/1534/1968
f 3178/1535/1969 3179/1534/1968 3182/1538/1972 3181/1539/1973
f 3179/1534/1968 3180/1537/1971 3183/1540/1974 3182/1538/1972
f 83/1470/1975 878/1468/1976 3175/1532/1966 897/1541/1977
f 878/1468/1976 877/1467/1978 3176/1533/1967 3175/1532/1966
f 877/1467/1978 876/1466/1979 3177/1536/1970 3176/1533/1967
f 876/1466/1979 82/1454/1980 888/1521/1981 3177/1536/1970
f 3177/1536/1970 888/1521/1981 889/1531/1982 3180/1537/1971
f 3180/1537/1971 889/1531/1982 890/1529/1983 3183/1540/1974
f 3183/1540/1974 890/1529/1983 90/1530/1984 900/1542/1985
f 3182/1538/1972 3183/1540/1974 900/1542/1985 901/1543/1986
f 3181/1539/1973 3182/1538/1972 901/1543/1986 902/1544/1987
f 899/1545/1988 3181/1539/1973 902/1544/1987 91/1546/1989
f 898/1547/1990 3178/1535/1969 3181/1539/1973 899/1545/1988
f 897/1541/1977 3175/1532/1966 3178/1535/1969 898/1547/1990
f 3184/1548/1991 3185/1549/1992 3188/1550/1993 3187/1551/1994
f 3185/1549/1992 3186/1552/1995 3189/1553/1996 3188/1550/1993
f 3187/1551/1994 3188/1550/1993 3191/1554/1997 3190/1555/1998
f 3188/1550/1993 3189/1553/1996 3192/1556/1999 3191/1554/1997
f 84/1490/2000 884/1488/2001 3184/1548/1991 903/1557/2002
f 884/1488/2001 883/1487/2003 3185/1549/1992 3184/1548/1991
f 883/1487/2003 882/1486/2004 3186/1552/1995 3185/1549/1992
f 882/1486/2004 83/1485/2005 897/1558/2006 3186/1552/1995
f 3186/1552/1995 897/1558/2006 898/1559/2007 3189/1553/1996
f 3189/1553/1996 898/1559/2007 899/1560/2008 3192/1556/1999
f 3192/1556/1999 899/1560/2008 91/1561/2009 906/1562/2010
f 3191/1554/1997 3192/1556/1999 906/1562/2010 907/1563/2011
f 3190/1555/1998 3191/1554/1997 907/1563/2011 908/1564/2012
f 905/1565/2013 3190/1555/1998 908/1564/2012 92/1566/2014
f 904/1567/2015 3187/1551/1994 3190/1555/1998 905/1565/2013
f 903/1557/2002 3184/1548/1991 3187/1551/1994 904/1567/2015
f 3194/1568/2016 3195/1569/2017 3193/1570/2018 3199/1571/2019
f 3196/1572/2020 3197/1573/2021 3193/1570/2018 3195/1574/2017
f 3198/1575/2022 3199/1576/2019 3193/1570/2018 3197/1577/2021
f 4/1578/2023 885/1579/2024 3194/1568/2016 909/1580/2025
f 885/1579/2024 886/1581/2026 3195/1569/2017 3194/1568/2016
f 909/1580/2025 3194/1568/2016 3199/1571/2019 910/1582/2027
f 84/1490/2028 903/1557/2029 3196/1572/2020 887/1583/2030
f 903/1557/2029 904/1584/2031 3197/1573/2021 3196/1572/2020
f 887/1583/2030 3196/1572/2020 3195/1574/2017 886/1581/2026
f 92/1566/2032 911/1585/2033 3198/1575/2022 905/1586/2034
f 911/1585/2033 910/1582/2027 3199/1576/2019 3198/1575/2022
f 905/1586/2034 3198/1575/2022 3197/1577/2021 904/1587/2031
f 3200/1588/2035 3201/1589/2036 3204/1590/2037 3203/1591/2038
f 3201/1589/2036 3202/1592/2039 3205/1593/2040 3204/1590/2037
f 3203/1591/2038 3204/1590/2037 3207/1594/2041 3206/1595/2042
f 3204/1590/2037 3205/1593/2040 3208/1596/2043 3207/1594/2041
f 78/1382/2044 845/1380/2045 3200/1588/2035 912/1597/2046
f 845/1380/2045 844/1379/2047 3201/1589/2036 3200/1588/2035
f 844/1379/2047 843/1378/2048 3202/1592/2039 3201/1589/2036
f 843/1378/2048 77/1377/2049 915/1598/2050 3202/1592/2039
f 3202/1592/2039 915/1598/2050 916/1599/2051 3205/1593/2040
f 3205/1593/2040 916/1599/2051 917/1600/2052 3208/1596/2043
f 3208/1596/2043 917/1600/2052 85/1601/2053 918/1602/2054
f 3207/1594/2041 3208/1596/2043 918/1602/2054 919/1603/2055
f 3206/1595/2042 3207/1594/2041 919/1603/2055 920/1604/2056
f 914/1605/2057 3206/1595/2042 920/1604/2056 86/1606/2058
f 913/1607/2059 3203/1591/2038 3206/1595/2042 914/1605/2057
f 912/1597/2046 3200/1588/2035 3203/1591/2038 913/1607/2059
f 3209/1608/2060 3210/1609/2061 3213/1610/2062 3212/1611/2063
f 3210/1609/2061 3211/1612/2064 3214/1613/2065 3213/1610/2062
f 3212/1611/2063 3213/1610/2062 3216/1614/2066 3215/1615/2067
f 3213/1610/2062 3214/1613/2065 3217/1616/2068 3216/1614/2066
f 285/1402/2069 851/1400/2070 3209/1608/2060 921/1617/2071
f 851/1400/2070 850/1399/2072 3210/1609/2061 3209/1608/2060
f 850/1399/2072 849/1398/2073 3211/1612/2064 3210/1609/2061
f 849/1398/2073 78/1397/2074 912/1618/2075 3211/1612/2064
f 3211/1612/2064 912/1618/2075 913/1619/2076 3214/1613/2065
f 3214/1613/2065 913/1619/2076 914/1620/2077 3217/1616/2068
f 3217/1616/2068 914/1620/2077 86/1621/2078 924/1622/2079
f 3216/1614/2066 3217/1616/2068 924/1622/2079 925/1623/2080
f 3215/1615/2067 3216/1614/2066 925/1623/2080 926/1624/2081
f 923/1625/2082 3215/1615/2067 926/1624/2081 288/1626/2083
f 922/1627/2084 3212/1611/2063 3215/1615/2067 923/1625/2082
f 921/1617/2071 3209/1608/2060 3212/1611/2063 922/1627/2084
f 3218/1628/2085 3219/1629/2086 3222/1630/2087 3221/1631/2088
f 3219/1629/2086 3220/1632/2089 3223/1633/2090 3222/1630/2087
f 3221/1631/2088 3222/1630/2087 3225/1634/2091 3224/1635/2092
f 3222/1630/2087 3223/1633/2090 3226/1636/2093 3225/1634/2091
f 80/1422/2094 860/1420/2095 3218/1628/2085 927/1637/2096
f 860/1420/2095 859/1419/2097 3219/1629/2086 3218/1628/2085
f 859/1419/2097 858/1418/2098 3220/1632/2089 3219/1629/2086
f 858/1418/2098 79/1417/2099 930/1638/2100 3220/1632/2089
f 3220/1632/2089 930/1638/2100 931/1639/2101 3223/1633/2090
f 3223/1633/2090 931/1639/2101 932/1640/2102 3226/1636/2093
f 3226/1636/2093 932/1640/2102 87/1641/2103 933/1642/2104
f 3225/1634/2091 3226/1636/2093 933/1642/2104 934/1643/2105
f 3224/1635/2092 3225/1634/2091 934/1643/2105 935/1644/2106
f 929/1645/2107 3224/1635/2092 935/1644/2106 88/1646/2108
f 928/1647/2109 3221/1631/2088 3224/1635/2092 929/1645/2107
f 927/1637/2096 3218/1628/2085 3221/1631/2088 928/1647/2109
f 3227/1648/2110 3228/1649/2111 3231/1650/2112 3230/1651/2113
f 3228/1649/2111 3229/1652/2114 3232/1653/2115 3231/1650/2112
f 3230/1651/2113 3231/1650/2112 3234/1654/2116 3233/1655/2117
f 3231/1650/2112 3232/1653/2115 3235/1656/2118 3234/1654/2116
f 81/1438/2119 866/1436/2120 3227/1648/2110 891/1522/2121
f 866/1436/2120 865/1435/2122 3228/1649/2111 3227/1648/2110
f 865/1435/2122 864/1434/2123 3229/1652/2114 3228/1649/2111
f 864/1434/2123 80/1422/2124 927/1637/2125 3229/1652/2114
f 3229/1652/2114 927/1637/2125 928/1647/2126 3232/1653/2115
f 3232/1653/2115 928/1647/2126 929/1645/2127 3235/1656/2118
f 3235/1656/2118 929/1645/2127 88/1646/2128 936/1657/2129
f 3234/1654/2116 3235/1656/2118 936/1657/2129 937/1658/2130
f 3233/1655/2117 3234/1654/2116 937/1658/2130 938/1659/2131
f 893/1524/2132 3233/1655/2117 938/1659/2131 89/1525/2133
f 892/1523/2134 3230/1651/2113 3233/1655/2117 893/1524/2132
f 891/1522/2121 3227/1648/2110 3230/1651/2113 892/1523/2134
f 3236/1660/2135 3237/1661/2136 3240/1662/2137 3239/1663/2138
f 3237/1661/2136 3238/1664/2139 3241/1665/2140 3240/1662/2137
f 3239/1663/2138 3240/1662/2137 3243/1666/2141 3242/1667/2142
f 3240/1662/2137 3241/1665/2140 3244/1668/2143 3243/1666/2141
f 288/1626/2144 926/1624/2145 3236/1660/2135 939/1669/2146
f 926/1624/2145 925/1623/2147 3237/1661/2136 3236/1660/2135
f 925/1623/2147 924/1622/2148 3238/1664/2139 3237/1661/2136
f 924/1622/2148 86/1621/2149 942/1670/2150 3238/1664/2139
f 3238/1664/2139 942/1670/2150 943/1671/2151 3241/1665/2140
f 3241/1665/2140 943/1671/2151 944/1672/2152 3244/1668/2143
f 3244/1668/2143 944/1672/2152 94/1673/2153 945/1674/2154
f 3243/1666/2141 3244/1668/2143 945/1674/2154 946/1675/2155
f 3242/1667/2142 3243/1666/2141 946/1675/2155 947/1676/2156
f 941/1677/2157 3242/1667/2142 947/1676/2156 291/1678/2158
f 940/1679/2159 3239/1663/2138 3242/1667/2142 941/1677/2157
f 939/1669/2146 3236/1660/2135 3239/1663/2138 940/1679/2159
f 3245/1680/2160 3246/1681/2161 3249/1682/2162 3248/1683/2163
f 3246/1681/2161 3247/1684/2164 3250/1685/2165 3249/1682/2162
f 3248/1683/2163 3249/1682/2162 3252/1686/2166 3251/1687/2167
f 3249/1682/2162 3250/1685/2165 3253/1688/2168 3252/1686/2166
f 88/1646/2169 935/1644/2170 3245/1680/2160 948/1689/2171
f 935/1644/2170 934/1643/2172 3246/1681/2161 3245/1680/2160
f 934/1643/2172 933/1642/2173 3247/1684/2164 3246/1681/2161
f 933/1642/2173 87/1641/2174 951/1690/2175 3247/1684/2164
f 3247/1684/2164 951/1690/2175 952/1691/2176 3250/1685/2165
f 3250/1685/2165 952/1691/2176 953/1692/2177 3253/1688/2168
f 3253/1688/2168 953/1692/2177 95/1693/2178 954/1694/2179
f 3252/1686/2166 3253/1688/2168 954/1694/2179 955/1695/2180
f 3251/1687/2167 3252/1686/2166 955/1695/2180 956/1696/2181
f 950/1697/2182 3251/1687/2167 956/1696/2181 96/1698/2183
f 949/1699/2184 3248/1683/2163 3251/1687/2167 950/1697/2182
f 948/1689/2171 3245/1680/2160 3248/1683/2163 949/1699/2184
f 3254/1700/2185 3255/1701/2186 3258/1702/2187 3257/1703/2188
f 3255/1701/2186 3256/1704/2189 3259/1705/2190 3258/1702/2187
f 3257/1703/2188 3258/1702/2187 3261/1706/2191 3260/1707/2192
f 3258/1702/2187 3259/1705/2190 3262/1708/2193 3261/1706/2191
f 89/1525/2194 938/1659/2195 3254/1700/2185 957/1709/2196
f 938/1659/2195 937/1658/2197 3255/1701/2186 3254/1700/2185
f 937/1658/2197 936/1657/2198 3256/1704/2189 3255/1701/2186
f 936/1657/2198 88/1646/2199 948/1689/2200 3256/1704/2189
f 3256/1704/2189 948/1689/2200 949/1699/2201 3259/1705/2190
f 3259/1705/2190 949/1699/2201 950/1697/2202 3262/1708/2193
f 3262/1708/2193 950/1697/2202 96/1698/2203 960/1710/2204
f 3261/1706/2191 3262/1708/2193 960/1710/2204 961/1711/2205
f 3260/1707/2192 3261/1706/2191 961/1711/2205 962/1712/2206
f 959/1713/2207 3260/1707/2192 962/1712/2206 97/1714/2208
f 958/1715/2209 3257/1703/2188 3260/1707/2192 959/1713/2207
f 957/1709/2196 3254/1700/2185 3257/1703/2188 958/1715/2209
f 3263/1716/2210 3264/1717/2211 3267/1718/2212 3266/1719/2213
f 3264/1717/2211 3265/1720/2214 3268/1721/2215 3267/1718/2212
f 3266/1719/2213 3267/1718/2212 3270/1722/2216 3269/1723/2217
f 3267/1718/2212 3268/1721/2215 3271/1724/2218 3270/1722/2216
f 90/1530/2219 896/1528/2220 3263/1716/2210 963/1725/2221
f 896/1528/2220 895/1527/2222 3264/1717/2211 3263/1716/2210
f 895/1527/2222 894/1526/2223 3265/1720/2214 3264/1717/2211
f 894/1526/2223 89/1525/2224 957/1709/2225 3265/1720/2214
f 3265/1720/2214 957/1709/2225 958/1715/2226 3268/1721/2215
f 3268/1721/2215 958/1715/2226 959/1713/2227 3271/1724/2218
f 3271/1724/2218 959/1713/2227 97/1714/2228 966/1726/2229
f 3270/1722/2216 3271/1724/2218 966/1726/2229 967/1727/2230
f 3269/1723/2217 3270/1722/2216 967/1727/2230 968/1728/2231
f 965/1729/2232 3269/1723/2217 968/1728/2231 98/1730/2233
f 964/1731/2234 3266/1719/2213 3269/1723/2217 965/1729/2232
f 963/1725/2221 3263/1716/2210 3266/1719/2213 964/1731/2234
f 3272/1732/2235 3273/1733/2236 3276/1734/2237 3275/1735/2238
f 3273/1733/2236 3274/1736/2239 3277/1737/2240 3276/1734/2237
f 3275/1735/2238 3276/1734/2237 3279/1738/2241 3278/1739/2242
f 3276/1734/2237 3277/1737/2240 3280/1740/2243 3279/1738/2241
f 91/1546/2244 902/1544/2245 3272/1732/2235 969/1741/2246
f 902/1544/2245 901/1543/2247 3273/1733/2236 3272/1732/2235
f 901/1543/2247 900/1542/2248 3274/1736/2239 3273/1733/2236
f 900/1542/2248 90/1530/2249 963/1725/2250 3274/1736/2239
f 3274/1736/2239 963/1725/2250 964/1731/2251 3277/1737/2240
f 3277/1737/2240 964/1731/2251 965/1729/2252 3280/1740/2243
f 3280/1740/2243 965/1729/2252 98/1730/2253 972/1742/2254
f 3279/1738/2241 3280/1740/2243 972/1742/2254 973/1743/2255
f 3278/1739/2242 3279/1738/2241 973/1743/2255 974/1744/2256
f 971/1745/2257 3278/1739/2242 974/1744/2256 99/1746/2258
f 970/1747/2259 3275/1735/2238 3278/1739/2242 971/1745/2257
f 969/1741/2246 3272/1732/2235 3275/1735/2238 970/1747/2259
f 3281/1748/2260 3282/1749/2261 3285/1750/2262 3284/1751/2263
f 3282/1749/2261 3283/1752/2264 3286/1753/2265 3285/1750/2262
f 3284/1751/2263 3285/1750/2262 3288/1754/2266 3287/1755/2267
f 3285/1750/2262 3286/1753/2265 3289/1756/2268 3288/1754/2266
f 92/1566/2269 908/1564/2270 3281/1748/2260 975/1757/2271
f 908/1564/2270 907/1563/2272 3282/1749/2261 3281/1748/2260
f 907/1563/2272 906/1562/2273 3283/1752/2264 3282/1749/2261
f 906/1562/2273 91/1561/2274 969/1758/2275 3283/1752/2264
f 3283/1752/2264 969/1758/2275 970/1759/2276 3286/1753/2265
f 3286/1753/2265 970/1759/2276 971/1760/2277 3289/1756/2268
f 3289/1756/2268 971/1760/2277 99/1761/2278 978/1762/2279
f 3288/1754/2266 3289/1756/2268 978/1762/2279 979/1763/2280
f 3287/1755/2267 3288/1754/2266 979/1763/2280 980/1764/2281
f 977/1765/2282 3287/1755/2267 980/1764/2281 100/1766/2283
f 976/1767/2284 3284/1751/2263 3287/1755/2267 977/1765/2282
f 975/1757/2271 3281/1748/2260 3284/1751/2263 976/1767/2284
f 3291/1768/2285 3292/1769/2286 3290/1770/2287 3296/1771/2288
f 3293/1772/2289 3294/1773/2290 3290/1770/2287 3292/1774/2286
f 3295/1775/2291 3296/1776/2288 3290/1770/2287 3294/1777/2290
f 4/1778/2292 909/1779/2293 3291/1768/2285 981/1780/2294
f 909/1779/2293 910/1781/2295 3292/1769/2286 3291/1768/2285
f 981/1780/2294 3291/1768/2285 3296/1771/2288 982/1782/2296
f 92/1566/2297 975/1757/2298 3293/1772/2289 911/1783/2299
f 975/1757/2298 976/1784/2300 3294/1773/2290 3293/1772/2289
f 911/1783/2299 3293/1772/2289 3292/1774/2286 910/1785/2295
f 100/1766/2301 983/1786/2302 3295/1775/2291 977/1787/2303
f 983/1786/2302 982/1782/2296 3296/1776/2288 3295/1775/2291
f 977/1787/2303 3295/1775/2291 3294/1777/2290 976/1788/2300
f 3297/1789/2304 3298/1790/2305 3301/1791/2306 3300/1792/2307
f 3298/1790/2305 3299/1793/2308 3302/1794/2309 3301/1791/2306
f 3300/1792/2307 3301/1791/2306 3304/1795/2310 3303/1796/2311
f 3301/1791/2306 3302/1794/2309 3305/1797/2312 3304/1795/2310
f 86/1606/2313 920/1604/2314 3297/1789/2304 942/1798/2315
f 920/1604/2314 919/1603/2316 3298/1790/2305 3297/1789/2304
f 919/1603/2316 918/1602/2317 3299/1793/2308 3298/1790/2305
f 918/1602/2317 85/1601/2318 984/1799/2319 3299/1793/2308
f 3299/1793/2308 984/1799/2319 985/1800/2320 3302/1794/2309
f 3302/1794/2309 985/1800/2320 986/1801/2321 3305/1797/2312
f 3305/1797/2312 986/1801/2321 93/1802/2322 987/1803/2323
f 3304/1795/2310 3305/1797/2312 987/1803/2323 988/1804/2324
f 3303/1796/2311 3304/1795/2310 988/1804/2324 989/1805/2325
f 944/1806/2326 3303/1796/2311 989/1805/2325 94/1807/2327
f 943/1671/2328 3300/1792/2307 3303/1796/2311 944/1806/2326
f 942/1798/2315 3297/1789/2304 3300/1792/2307 943/1671/2328
f 3306/1808/2329 3307/1809/2330 3310/1810/2331 3309/1811/2332
f 3307/1809/2330 3308/1812/2333 3311/1813/2334 3310/1810/2331
f 3309/1811/2332 3310/1810/2331 3313/1814/2335 3312/1815/2336
f 3310/1810/2331 3311/1813/2334 3314/1816/2337 3313/1814/2335
f 99/1746/2338 974/1744/2339 3306/1808/2329 990/1817/2340
f 974/1744/2339 973/1743/2341 3307/1809/2330 3306/1808/2329
f 973/1743/2341 972/1742/2342 3308/1812/2333 3307/1809/2330
f 972/1742/2342 98/1730/2343 993/1818/2344 3308/1812/2333
f 3308/1812/2333 993/1818/2344 994/1819/2345 3311/1813/2334
f 3311/1813/2334 994/1819/2345 995/1820/2346 3314/1816/2337
f 3314/1816/2337 995/1820/2346 106/1821/2347 996/1822/2348
f 3313/1814/2335 3314/1816/2337 996/1822/2348 997/1823/2349
f 3312/1815/2336 3313/1814/2335 997/1823/2349 998/1824/2350
f 992/1825/2351 3312/1815/2336 998/1824/2350 107/1826/2352
f 991/1827/2353 3309/1811/2332 3312/1815/2336 992/1825/2351
f 990/1817/2340 3306/1808/2329 3309/1811/2332 991/1827/2353
f 3315/1828/2354 3316/1829/2355 3319/1830/2356 3318/1831/2357
f 3316/1829/2355 3317/1832/2358 3320/1833/2359 3319/1830/2356
f 3318/1831/2357 3319/1830/2356 3322/1834/2360 3321/1835/2361
f 3319/1830/2356 3320/1833/2359 3323/1836/2362 3322/1834/2360
f 100/1766/2363 980/1764/2364 3315/1828/2354 999/1837/2365
f 980/1764/2364 979/1763/2366 3316/1829/2355 3315/1828/2354
f 979/1763/2366 978/1762/2367 3317/1832/2358 3316/1829/2355
f 978/1762/2367 99/1761/2368 990/1838/2369 3317/1832/2358
f 3317/1832/2358 990/1838/2369 991/1839/2370 3320/1833/2359
f 3320/1833/2359 991/1839/2370 992/1840/2371 3323/1836/2362
f 3323/1836/2362 992/1840/2371 107/1841/2372 1002/1842/2373
f 3322/1834/2360 3323/1836/2362 1002/1842/2373 1003/1843/2374
f 3321/1835/2361 3322/1834/2360 1003/1843/2374 1004/1844/2375
f 1001/1845/2376 3321/1835/2361 1004/1844/2375 108/1846/2377
f 1000/1847/2378 3318/1831/2357 3321/1835/2361 1001/1845/2376
f 999/1837/2365 3315/1828/2354 3318/1831/2357 1000/1847/2378
f 3325/1848/2379 3326/1849/2380 3324/1850/2381 3330/1851/2382
f 3327/1852/2383 3328/1853/2384 3324/1850/2381 3326/1849/2380
f 3329/1854/2385 3330/1855/2382 3324/1850/2381 3328/1856/2384
f 4/1857/2386 981/1858/2387 3325/1848/2379 1005/1859/2388
f 981/1858/2387 982/1860/2389 3326/1849/2380 3325/1848/2379
f 1005/1859/2388 3325/1848/2379 3330/1851/2382 1006/1861/2390
f 100/1766/2391 999/1862/2392 3327/1852/2383 983/1863/2393
f 999/1862/2392 1000/1864/2394 3328/1853/2384 3327/1852/2383
f 983/1863/2393 3327/1852/2383 3326/1849/2380 982/1865/2389
f 108/1846/2395 1007/1866/2396 3329/1854/2385 1001/1845/2397
f 1007/1866/2396 1006/1861/2390 3330/1855/2382 3329/1854/2385
f 1001/1845/2397 3329/1854/2385 3328/1856/2384 1000/1867/2394
f 3331/1868/2398 3332/1869/2399 3335/1870/2400 3334/1871/2401
f 3332/1869/2399 3333/1872/2402 3336/1873/2403 3335/1870/2400
f 3334/1871/2401 3335/1870/2400 3338/1874/2404 3337/1875/2405
f 3335/1870/2400 3336/1873/2403 3339/1876/2406 3338/1874/2404
f 94/1807/2407 989/1805/2408 3331/1868/2398 1008/1877/2409
f 989/1805/2408 988/1804/2410 3332/1869/2399 3331/1868/2398
f 988/1804/2410 987/1803/2411 3333/1872/2402 3332/1869/2399
f 987/1803/2411 93/1802/2412 1011/1878/2413 3333/1872/2402
f 3333/1872/2402 1011/1878/2413 1012/1879/2414 3336/1873/2403
f 3336/1873/2403 1012/1879/2414 1013/1880/2415 3339/1876/2406
f 3339/1876/2406 1013/1880/2415 101/1881/2416 1014/1882/2417
f 3338/1874/2404 3339/1876/2406 1014/1882/2417 1015/1883/2418
f 3337/1875/2405 3338/1874/2404 1015/1883/2418 1016/1884/2419
f 1010/1885/2420 3337/1875/2405 1016/1884/2419 102/1886/2421
f 1009/1887/2422 3334/1871/2401 3337/1875/2405 1010/1885/2420
f 1008/1877/2409 3331/1868/2398 3334/1871/2401 1009/1887/2422
f 3340/1888/2423 3341/1889/2424 3344/1890/2425 3343/1891/2426
f 3341/1889/2424 3342/1892/2427 3345/1893/2428 3344/1890/2425
f 3343/1891/2426 3344/1890/2425 3347/1894/2429 3346/1895/2430
f 3344/1890/2425 3345/1893/2428 3348/1896/2431 3347/1894/2429
f 291/1678/2432 947/1676/2433 3340/1888/2423 1017/1897/2434
f 947/1676/2433 946/1675/2435 3341/1889/2424 3340/1888/2423
f 946/1675/2435 945/1674/2436 3342/1892/2427 3341/1889/2424
f 945/1674/2436 94/1673/2437 1008/1898/2438 3342/1892/2427
f 3342/1892/2427 1008/1898/2438 1009/1899/2439 3345/1893/2428
f 3345/1893/2428 1009/1899/2439 1010/1900/2440 3348/1896/2431
f 3348/1896/2431 1010/1900/2440 102/1901/2441 1020/1902/2442
f 3347/1894/2429 3348/1896/2431 1020/1902/2442 1021/1903/2443
f 3346/1895/2430 3347/1894/2429 1021/1903/2443 1022/1904/2444
f 1019/1905/2445 3346/1895/2430 1022/1904/2444 294/1906/2446
f 1018/1907/2447 3343/1891/2426 3346/1895/2430 1019/1905/2445
f 1017/1897/2434 3340/1888/2423 3343/1891/2426 1018/1907/2447
f 3349/1908/2448 3350/1909/2449 3353/1910/2450 3352/1911/2451
f 3350/1909/2449 3351/1912/2452 3354/1913/2453 3353/1910/2450
f 3352/1911/2451 3353/1910/2450 3356/1914/2454 3355/1915/2455
f 3353/1910/2450 3354/1913/2453 3357/1916/2456 3356/1914/2454
f 96/1698/2457 956/1696/2458 3349/1908/2448 1023/1917/2459
f 956/1696/2458 955/1695/2460 3350/1909/2449 3349/1908/2448
f 955/1695/2460 954/1694/2461 3351/1912/2452 3350/1909/2449
f 954/1694/2461 95/1693/2462 1026/1918/2463 3351/1912/2452
f 3351/1912/2452 1026/1918/2463 1027/1919/2464 3354/1913/2453
f 3354/1913/2453 1027/1919/2464 1028/1920/2465 3357/1916/2456
f 3357/1916/2456 1028/1920/2465 103/1921/2466 1029/1922/2467
f 3356/1914/2454 3357/1916/2456 1029/1922/2467 1030/1923/2468
f 3355/1915/2455 3356/1914/2454 1030/1923/2468 1031/1924/2469
f 1025/1925/2470 3355/1915/2455 1031/1924/2469 104/1926/2471
f 1024/1927/2472 3352/1911/2451 3355/1915/2455 1025/1925/2470
f 1023/1917/2459 3349/1908/2448 3352/1911/2451 1024/1927/2472
f 3358/1928/2473 3359/1929/2474 3362/1930/2475 3361/1931/2476
f 3359/1929/2474 3360/1932/2477 3363/1933/2478 3362/1930/2475
f 3361/1931/2476 3362/1930/2475 3365/1934/2479 3364/1935/2480
f 3362/1930/2475 3363/1933/2478 3366/1936/2481 3365/1934/2479
f 97/1714/2482 962/1712/2483 3358/1928/2473 1032/1937/2484
f 962/1712/2483 961/1711/2485 3359/1929/2474 3358/1928/2473
f 961/1711/2485 960/1710/2486 3360/1932/2477 3359/1929/2474
f 960/1710/2486 96/1698/2487 1023/1917/2488 3360/1932/2477
f 3360/1932/2477 1023/1917/2488 1024/1927/2489 3363/1933/2478
f 3363/1933/2478 1024/1927/2489 1025/1925/2490 3366/1936/2481
f 3366/1936/2481 1025/1925/2490 104/1926/2491 1035/1938/2492
f 3365/1934/2479 3366/1936/2481 1035/1938/2492 1036/1939/2493
f 3364/1935/2480 3365/1934/2479 1036/1939/2493 1037/1940/2494
f 1034/1941/2495 3364/1935/2480 1037/1940/2494 105/1942/2496
f 1033/1943/2497 3361/1931/2476 3364/1935/2480 1034/1941/2495
f 1032/1937/2484 3358/1928/2473 3361/1931/2476 1033/1943/2497
f 3367/1944/2498 3368/1945/2499 3371/1946/2500 3370/1947/2501
f 3368/1945/2499 3369/1948/2502 3372/1949/2503 3371/1946/2500
f 3370/1947/2501 3371/1946/2500 3374/1950/2504 3373/1951/2505
f 3371/1946/2500 3372/1949/2503 3375/1952/2506 3374/1950/2504
f 98/1730/2507 968/1728/2508 3367/1944/2498 993/1818/2509
f 968/1728/2508 967/1727/2510 3368/1945/2499 3367/1944/2498
f 967/1727/2510 966/1726/2511 3369/1948/2502 3368/1945/2499
f 966/1726/2511 97/1714/2512 1032/1937/2513 3369/1948/2502
f 3369/1948/2502 1032/1937/2513 1033/1943/2514 3372/1949/2503
f 3372/1949/2503 1033/1943/2514 1034/1941/2515 3375/1952/2506
f 3375/1952/2506 1034/1941/2515 105/1942/2516 1038/1953/2517
f 3374/1950/2504 3375/1952/2506 1038/1953/2517 1039/1954/2518
f 3373/1951/2505 3374/1950/2504 1039/1954/2518 1040/1955/2519
f 995/1820/2520 3373/1951/2505 1040/1955/2519 106/1821/2521
f 994/1819/2522 3370/1947/2501 3373/1951/2505 995/1820/2520
f 993/1818/2509 3367/1944/2498 3370/1947/2501 994/1819/2522
f 3376/1956/2523 3377/1957/2524 3380/1958/2525 3379/1959/2526
f 3377/1957/2524 3378/1960/2527 3381/1961/2528 3380/1958/2525
f 3379/1959/2526 3380/1958/2525 3383/1962/2529 3382/1963/2530
f 3380/1958/2525 3381/1961/2528 3384/1964/2531 3383/1962/2529
f 294/1906/2532 1022/1904/2533 3376/1956/2523 1041/1965/2534
f 1022/1904/2533 1021/1903/2535 3377/1957/2524 3376/1956/2523
f 1021/1903/2535 1020/1902/2536 3378/1960/2527 3377/1957/2524
f 1020/1902/2536 102/1901/2537 1044/1966/2538 3378/1960/2527
f 3378/1960/2527 1044/1966/2538 1045/1967/2539 3381/1961/2528
f 3381/1961/2528 1045/1967/2539 1046/1968/2540 3384/1964/2531
f 3384/1964/2531 1046/1968/2540 110/1969/2541 1047/1970/2542
f 3383/1962/2529 3384/1964/2531 1047/1970/2542 1048/1971/2543
f 3382/1963/2530 3383/1962/2529 1048/1971/2543 1049/1972/2544
f 1043/1973/2545 3382/1963/2530 1049/1972/2544 297/1974/2546
f 1042/1975/2547 3379/1959/2526 3382/1963/2530 1043/1973/2545
f 1041/1965/2534 3376/1956/2523 3379/1959/2526 1042/1975/2547
f 3385/1976/2548 3386/1977/2549 3389/1978/2550 3388/1979/2551
f 3386/1977/2549 3387/1980/2552 3390/1981/2553 3389/1978/2550
f 3388/1979/2551 3389/1978/2550 3392/1982/2554 3391/1983/2555
f 3389/1978/2550 3390/1981/2553 3393/1984/2556 3392/1982/2554
f 104/1926/2557 1031/1924/2558 3385/1976/2548 1050/1985/2559
f 1031/1924/2558 1030/1923/2560 3386/1977/2549 3385/1976/2548
f 1030/1923/2560 1029/1922/2561 3387/1980/2552 3386/1977/2549
f 1029/1922/2561 103/1921/2562 1053/1986/2563 3387/1980/2552
f 3387/1980/2552 1053/1986/2563 1054/1987/2564 3390/1981/2553
f 3390/1981/2553 1054/1987/2564 1055/1988/2565 3393/1984/2556
f 3393/1984/2556 1055/1988/2565 111/1989/2566 1056/1990/2567
f 3392/1982/2554 3393/1984/2556 1056/1990/2567 1057/1991/2568
f 3391/1983/2555 3392/1982/2554 1057/1991/2568 1058/1992/2569
f 1052/1993/2570 3391/1983/2555 1058/1992/2569 112/1994/2571
f 1051/1995/2572 3388/1979/2551 3391/1983/2555 1052/1993/2570
f 1050/1985/2559 3385/1976/2548 3388/1979/2551 1051/1995/2572
f 3394/1996/2573 3395/1997/2574 3398/1998/2575 3397/1999/2576
f 3395/1997/2574 3396/2000/2577 3399/2001/2578 3398/1998/2575
f 3397/1999/2576 3398/1998/2575 3401/2002/2579 3400/2003/2580
f 3398/1998/2575 3399/2001/2578 3402/2004/2581 3401/2002/2579
f 105/1942/2582 1037/1940/2583 3394/1996/2573 1059/2005/2584
f 1037/1940/2583 1036/1939/2585 3395/1997/2574 3394/1996/2573
f 1036/1939/2585 1035/1938/2586 3396/2000/2577 3395/1997/2574
f 1035/1938/2586 104/1926/2587 1050/1985/2588 3396/2000/2577
f 3396/2000/2577 1050/1985/2588 1051/1995/2589 3399/2001/2578
f 3399/2001/2578 1051/1995/2589 1052/1993/2590 3402/2004/2581
f 3402/2004/2581 1052/1993/2590 112/1994/2591 1062/2006/2592
f 3401/2002/2579 3402/2004/2581 1062/2006/2592 1063/2007/2593
f 3400/2003/2580 3401/2002/2579 1063/2007/2593 1064/2008/2594
f 1061/2009/2595 3400/2003/2580 1064/2008/2594 113/2010/2596
f 1060/2011/2597 3397/1999/2576 3400/2003/2580 1061/2009/2595
f 1059/2005/2584 3394/1996/2573 3397/1999/2576 1060/2011/2597
f 3403/2012/2598 3404/2013/2599 3407/2014/2600 3406/2015/2601
f 3404/2013/2599 3405/2016/2602 3408/2017/2603 3407/2014/2600
f 3406/2015/2601 3407/2014/2600 3410/2018/2604 3409/2019/2605
f 3407/2014/2600 3408/2017/2603 3411/2020/2606 3410/2018/2604
f 106/1821/2607 1040/1955/2608 3403/2012/2598 1065/2021/2609
f 1040/1955/2608 1039/1954/2610 3404/2013/2599 3403/2012/2598
f 1039/1954/2610 1038/1953/2611 3405/2016/2602 3404/2013/2599
f 1038/1953/2611 105/1942/2612 1059/2005/2613 3405/2016/2602
f 3405/2016/2602 1059/2005/2613 1060/2011/2614 3408/2017/2603
f 3408/2017/2603 1060/2011/2614 1061/2009/2615 3411/2020/2606
f 3411/2020/2606 1061/2009/2615 113/2010/2616 1068/2022/2617
f 3410/2018/2604 3411/2020/2606 1068/2022/2617 1069/2023/2618
f 3409/2019/2605 3410/2018/2604 1069/2023/2618 1070/2024/2619
f 1067/2025/2620 3409/2019/2605 1070/2024/2619 114/2026/2621
f 1066/2027/2622 3406/2015/2601 3409/2019/2605 1067/2025/2620
f 1065/2021/2609 3403/2012/2598 3406/2015/2601 1066/2027/2622
f 3412/2028/2623 3413/2029/2624 3416/2030/2625 3415/2031/2626
f 3413/2029/2624 3414/2032/2627 3417/2033/2628 3416/2030/2625
f 3415/2031/2626 3416/2030/2625 3419/2034/2629 3418/2035/2630
f 3416/2030/2625 3417/2033/2628 3420/2036/2631 3419/2034/2629
f 107/1826/2632 998/1824/2633 3412/2028/2623 1071/2037/2634
f 998/1824/2633 997/1823/2635 3413/2029/2624 3412/2028/2623
f 997/1823/2635 996/1822/2636 3414/2032/2627 3413/2029/2624
f 996/1822/2636 106/1821/2637 1065/2021/2638 3414/2032/2627
f 3414/2032/2627 1065/2021/2638 1066/2027/2639 3417/2033/2628
f 3417/2033/2628 1066/2027/2639 1067/2025/2640 3420/2036/2631
f 3420/2036/2631 1067/2025/2640 114/2026/2641 1074/2038/2642
f 3419/2034/2629 3420/2036/2631 1074/2038/2642 1075/2039/2643
f 3418/2035/2630 3419/2034/2629 1075/2039/2643 1076/2040/2644
f 1073/2041/2645 3418/2035/2630 1076/2040/2644 115/2042/2646
f 1072/2043/2647 3415/2031/2626 3418/2035/2630 1073/2041/2645
f 1071/2037/2634 3412/2028/2623 3415/2031/2626 1072/2043/2647
f 3421/2044/2648 3422/2045/2649 3425/2046/2650 3424/2047/2651
f 3422/2045/2649 3423/2048/2652 3426/2049/2653 3425/2046/2650
f 3424/2047/2651 3425/2046/2650 3428/2050/2654 3427/2051/2655
f 3425/2046/2650 3426/2049/2653 3429/2052/2656 3428/2050/2654
f 108/1846/2657 1004/1844/2658 3421/2044/2648 1077/2053/2659
f 1004/1844/2658 1003/1843/2660 3422/2045/2649 3421/2044/2648
f 1003/1843/2660 1002/1842/2661 3423/2048/2652 3422/2045/2649
f 1002/1842/2661 107/1841/2662 1071/2054/2663 3423/2048/2652
f 3423/2048/2652 1071/2054/2663 1072/2055/2664 3426/2049/2653
f 3426/2049/2653 1072/2055/2664 1073/2056/2665 3429/2052/2656
f 3429/2052/2656 1073/2056/2665 115/2057/2666 1080/2058/2667
f 3428/2050/2654 3429/2052/2656 1080/2058/2667 1081/2059/2668
f 3427/2051/2655 3428/2050/2654 1081/2059/2668 1082/2060/2669
f 1079/2061/2670 3427/2051/2655 1082/2060/2669 116/2062/2671
f 1078/2063/2672 3424/2047/2651 3427/2051/2655 1079/2061/2670
f 1077/2053/2659 3421/2044/2648 3424/2047/2651 1078/2063/2672
f 3431/2064/2673 3432/2065/2674 3430/2066/2675 3436/2067/2676
f 3433/2068/2677 3434/2069/2678 3430/2066/2675 3432/2070/2674
f 3435/2071/2679 3436/2072/2676 3430/2066/2675 3434/2073/2678
f 4/2074/2680 1005/2075/2681 3431/2064/2673 1083/2076/2682
f 1005/2075/2681 1006/2077/2683 3432/2065/2674 3431/2064/2673
f 1083/2076/2682 3431/2064/2673 3436/2067/2676 1084/2078/2684
f 108/1846/2685 1077/2079/2686 3433/2068/2677 1007/2080/2687
f 1077/2079/2686 1078/2081/2688 3434/2069/2678 3433/2068/2677
f 1007/2080/2687 3433/2068/2677 3432/2070/2674 1006/2082/2683
f 116/2062/2689 1085/2083/2690 3435/2071/2679 1079/2084/2691
f 1085/2083/2690 1084/2078/2684 3436/2072/2676 3435/2071/2679
f 1079/2084/2691 3435/2071/2679 3434/2073/2678 1078/2085/2688
f 3437/2086/2692 3438/2087/2693 3441/2088/2694 3440/2089/2695
f 3438/2087/2693 3439/2090/2696 3442/2091/2697 3441/2088/2694
f 3440/2089/2695 3441/2088/2694 3444/2092/2698 3443/2093/2699
f 3441/2088/2694 3442/2091/2697 3445/2094/2700 3444/2092/2698
f 102/1886/2701 1016/1884/2702 3437/2086/2692 1044/2095/2703
f 1016/1884/2702 1015/1883/2704 3438/2087/2693 3437/2086/2692
f 1015/1883/2704 1014/1882/2705 3439/2090/2696 3438/2087/2693
f 1014/1882/2705 101/1881/2706 1086/2096/2707 3439/2090/2696
f 3439/2090/2696 1086/2096/2707 1087/2097/2708 3442/2091/2697
f 3442/2091/2697 1087/2097/2708 1088/2098/2709 3445/2094/2700
f 3445/2094/2700 1088/2098/2709 109/2099/2710 1089/2100/2711
f 3444/2092/2698 3445/2094/2700 1089/2100/2711 1090/2101/2712
f 3443/2093/2699 3444/2092/2698 1090/2101/2712 1091/2102/2713
f 1046/2103/2714 3443/2093/2699 1091/2102/2713 110/2104/2715
f 1045/2105/2716 3440/2089/2695 3443/2093/2699 1046/2103/2714
f 1044/2095/2703 3437/2086/2692 3440/2089/2695 1045/2105/2716
f 3446/2106/2717 3447/2107/2718 3450/2108/2719 3449/2109/2720
f 3447/2107/2718 3448/2110/2721 3451/2111/2722 3450/2108/2719
f 3449/2109/2720 3450/2108/2719 3453/2112/2723 3452/2113/2724
f 3450/2108/2719 3451/2111/2722 3454/2114/2725 3453/2112/2723
f 115/2042/2726 1076/2040/2727 3446/2106/2717 1092/2115/2728
f 1076/2040/2727 1075/2039/2729 3447/2107/2718 3446/2106/2717
f 1075/2039/2729 1074/2038/2730 3448/2110/2721 3447/2107/2718
f 1074/2038/2730 114/2026/2731 1095/2116/2732 3448/2110/2721
f 3448/2110/2721 1095/2116/2732 1096/2117/2733 3451/2111/2722
f 3451/2111/2722 1096/2117/2733 1097/2118/2734 3454/2114/2725
f 3454/2114/2725 1097/2118/2734 122/2119/2735 1098/2120/2736
f 3453/2112/2723 3454/2114/2725 1098/2120/2736 1099/2121/2737
f 3452/2113/2724 3453/2112/2723 1099/2121/2737 1100/2122/2738
f 1094/2123/2739 3452/2113/2724 1100/2122/2738 123/2124/2740
f 1093/2125/2741 3449/2109/2720 3452/2113/2724 1094/2123/2739
f 1092/2115/2728 3446/2106/2717 3449/2109/2720 1093/2125/2741
f 3455/2126/2742 3456/2127/2743 3459/2128/2744 3458/2129/2745
f 3456/2127/2743 3457/2130/2746 3460/2131/2747 3459/2128/2744
f 3458/2129/2745 3459/2128/2744 3462/2132/2748 3461/2133/2749
f 3459/2128/2744 3460/2131/2747 3463/2134/2750 3462/2132/2748
f 116/2062/2751 1082/2060/2752 3455/2126/2742 1101/2135/2753
f 1082/2060/2752 1081/2059/2754 3456/2127/2743 3455/2126/2742
f 1081/2059/2754 1080/2058/2755 3457/2130/2746 3456/2127/2743
f 1080/2058/2755 115/2057/2756 1092/2115/2757 3457/2130/2746
f 3457/2130/2746 1092/2115/2757 1093/2136/2758 3460/2131/2747
f 3460/2131/2747 1093/2136/2758 1094/2137/2759 3463/2134/2750
f 3463/2134/2750 1094/2137/2759 123/2138/2760 1104/2139/2761
f 3462/2132/2748 3463/2134/2750 1104/2139/2761 1105/2140/2762
f 3461/2133/2749 3462/2132/2748 1105/2140/2762 1106/2141/2763
f 1103/2142/2764 3461/2133/2749 1106/2141/2763 124/2143/2765
f 1102/2144/2766 3458/2129/2745 3461/2133/2749 1103/2142/2764
f 1101/2135/2753 3455/2126/2742 3458/2129/2745 1102/2144/2766
f 3465/2145/2767 3466/2146/2768 3464/2147/2769 3470/2148/2770
f 3467/2149/2771 3468/2150/2772 3464/2147/2769 3466/2146/2768
f 3469/2151/2773 3470/2152/2770 3464/2147/2769 3468/2153/2772
f 4/2154/2774 1083/2155/2775 3465/2145/2767 1107/2156/2776
f 1083/2155/2775 1084/2157/2777 3466/2146/2768 3465/2145/2767
f 1107/2156/2776 3465/2145/2767 3470/2148/2770 1108/2158/2778
f 116/2062/2779 1101/2135/2780 3467/2149/2771 1085/2159/2781
f 1101/2135/2780 1102/2160/2782 3468/2150/2772 3467/2149/2771
f 1085/2159/2781 3467/2149/2771 3466/2146/2768 1084/2161/2777
f 124/2143/2783 1109/2162/2784 3469/2151/2773 1103/2142/2785
f 1109/2162/2784 1108/2163/2778 3470/2152/2770 3469/2151/2773
f 1103/2142/2785 3469/2151/2773 3468/2153/2772 1102/2160/2782
f 3471/2164/2786 3472/2165/2787 3475/2166/2788 3474/2167/2789
f 3472/2165/2787 3473/2168/2790 3476/2169/2791 3475/2166/2788
f 3474/2167/2789 3475/2166/2788 3478/2170/2792 3477/2171/2793
f 3475/2166/2788 3476/2169/2791 3479/2172/2794 3478/2170/2792
f 110/2104/2795 1091/2102/2796 3471/2164/2786 1110/2173/2797
f 1091/2102/2796 1090/2101/2798 3472/2165/2787 3471/2164/2786
f 1090/2101/2798 1089/2100/2799 3473/2168/2790 3472/2165/2787
f 1089/2100/2799 109/2099/2800 1113/2174/2801 3473/2168/2790
f 3473/2168/2790 1113/2174/2801 1114/2175/2802 3476/2169/2791
f 3476/2169/2791 1114/2175/2802 1115/2176/2803 3479/2172/2794
f 3479/2172/2794 1115/2176/2803 117/2177/2804 1116/2178/2805
f 3478/2170/2792 3479/2172/2794 1116/2178/2805 1117/2179/2806
f 3477/2171/2793 3478/2170/2792 1117/2179/2806 1118/2180/2807
f 1112/2181/2808 3477/2171/2793 1118/2180/2807 118/2182/2809
f 1111/2183/2810 3474/2167/2789 3477/2171/2793 1112/2181/2808
f 1110/2173/2797 3471/2164/2786 3474/2167/2789 1111/2183/2810
f 3480/2184/2811 3481/2185/2812 3484/2186/2813 3483/2187/2814
f 3481/2185/2812 3482/2188/2815 3485/2189/2816 3484/2186/2813
f 3483/2187/2814 3484/2186/2813 3487/2190/2817 3486/2191/2818
f 3484/2186/2813 3485/2189/2816 3488/2192/2819 3487/2190/2817
f 297/1974/2820 1049/1972/2821 3480/2184/2811 1119/2193/2822
f 1049/1972/2821 1048/1971/2823 3481/2185/2812 3480/2184/2811
f 1048/1971/2823 1047/1970/2824 3482/2188/2815 3481/2185/2812
f 1047/1970/2824 110/1969/2825 1110/2194/2826 3482/2188/2815
f 3482/2188/2815 1110/2194/2826 1111/2183/2827 3485/2189/2816
f 3485/2189/2816 1111/2183/2827 1112/2195/2828 3488/2192/2819
f 3488/2192/2819 1112/2195/2828 118/2196/2829 1122/2197/2830
f 3487/2190/2817 3488/2192/2819 1122/2197/2830 1123/2198/2831
f 3486/2191/2818 3487/2190/2817 1123/2198/2831 1124/2199/2832
f 1121/2200/2833 3486/2191/2818 1124/2199/2832 300/2201/2834
f 1120/2202/2835 3483/2187/2814 3486/2191/2818 1121/2200/2833
f 1119/2193/2822 3480/2184/2811 3483/2187/2814 1120/2202/2835
f 3489/2203/2836 3490/2204/2837 3493/2205/2838 3492/2206/2839
f 3490/2204/2837 3491/2207/2840 3494/2208/2841 3493/2205/2838
f 3492/2206/2839 3493/2205/2838 3496/2209/2842 3495/2210/2843
f 3493/2205/2838 3494/2208/2841 3497/2211/2844 3496/2209/2842
f 112/1994/2845 1058/1992/2846 3489/2203/2836 1125/2212/2847
f 1058/1992/2846 1057/1991/2848 3490/2204/2837 3489/2203/2836
f 1057/1991/2848 1056/1990/2849 3491/2207/2840 3490/2204/2837
f 1056/1990/2849 111/1989/2850 1128/2213/2851 3491/2207/2840
f 3491/2207/2840 1128/2213/2851 1129/2214/2852 3494/2208/2841
f 3494/2208/2841 1129/2214/2852 1130/2215/2853 3497/2211/2844
f 3497/2211/2844 1130/2215/2853 119/2216/2854 1131/2217/2855
f 3496/2209/2842 3497/2211/2844 1131/2217/2855 1132/2218/2856
f 3495/2210/2843 3496/2209/2842 1132/2218/2856 1133/2219/2857
f 1127/2220/2858 3495/2210/2843 1133/2219/2857 120/2221/2859
f 1126/2222/2860 3492/2206/2839 3495/2210/2843 1127/2220/2858
f 1125/2212/2847 3489/2203/2836 3492/2206/2839 1126/2222/2860
f 3498/2223/2861 3499/2224/2862 3502/2225/2863 3501/2226/2864
f 3499/2224/2862 3500/2227/2865 3503/2228/2866 3502/2225/2863
f 3501/2226/2864 3502/2225/2863 3505/2229/2867 3504/2230/2868
f 3502/2225/2863 3503/2228/2866 3506/2231/2869 3505/2229/2867
f 113/2010/2870 1064/2008/2871 3498/2223/2861 1134/2232/2872
f 1064/2008/2871 1063/2007/2873 3499/2224/2862 3498/2223/2861
f 1063/2007/2873 1062/2006/2874 3500/2227/2865 3499/2224/2862
f 1062/2006/2874 112/1994/2875 1125/2212/2876 3500/2227/2865
f 3500/2227/2865 1125/2212/2876 1126/2222/2877 3503/2228/2866
f 3503/2228/2866 1126/2222/2877 1127/2220/2878 3506/2231/2869
f 3506/2231/2869 1127/2220/2878 120/2221/2879 1137/2233/2880
f 3505/2229/2867 3506/2231/2869 1137/2233/2880 1138/2234/2881
f 3504/2230/2868 3505/2229/2867 1138/2234/2881 1139/2235/2882
f 1136/2236/2883 3504/2230/2868 1139/2235/2882 121/2237/2884
f 1135/2238/2885 3501/2226/2864 3504/2230/2868 1136/2236/2883
f 1134/2232/2872 3498/2223/2861 3501/2226/2864 1135/2238/2885
f 3507/2239/2886 3508/2240/2887 3511/2241/2888 3510/2242/2889
f 3508/2240/2887 3509/2243/2890 3512/2244/2891 3511/2241/2888
f 3510/2242/2889 3511/2241/2888 3514/2245/2892 3513/2246/2893
f 3511/2241/2888 3512/2244/2891 3515/2247/2894 3514/2245/2892
f 114/2026/2895 1070/2024/2896 3507/2239/2886 1095/2116/2897
f 1070/2024/2896 1069/2023/2898 3508/2240/2887 3507/2239/2886
f 1069/2023/2898 1068/2022/2899 3509/2243/2890 3508/2240/2887
f 1068/2022/2899 113/2010/2900 1134/2232/2901 3509/2243/2890
f 3509/2243/2890 1134/2232/2901 1135/2238/2902 3512/2244/2891
f 3512/2244/2891 1135/2238/2902 1136/2236/2903 3515/2247/2894
f 3515/2247/2894 1136/2236/2903 121/2237/2904 1140/2248/2905
f 3514/2245/2892 3515/2247/2894 1140/2248/2905 1141/2249/2906
f 3513/2246/2893 3514/2245/2892 1141/2249/2906 1142/2250/2907
f 1097/2118/2908 3513/2246/2893 1142/2250/2907 122/2119/2909
f 1096/2117/2910 3510/2242/2889 3513/2246/2893 1097/2118/2908
f 1095/2116/2897 3507/2239/2886 3510/2242/2889 1096/2117/2910
f 3516/2251/2911 3517/2252/2912 3520/2253/2913 3519/2254/2914
f 3517/2252/2912 3518/2255/2915 3521/2256/2916 3520/2253/2913
f 3519/2254/2914 3520/2253/2913 3523/2257/2917 3522/2258/2918
f 3520/2253/2913 3521/2256/2916 3524/2259/2919 3523/2257/2917
f 120/2221/2920 1133/2219/2921 3516/2251/2911 1143/2260/2922
f 1133/2219/2921 1132/2218/2923 3517/2252/2912 3516/2251/2911
f 1132/2218/2923 1131/2217/2924 3518/2255/2915 3517/2252/2912
f 1131/2217/2924 119/2216/2925 1146/2261/2926 3518/2255/2915
f 3518/2255/2915 1146/2261/2926 1147/2262/2927 3521/2256/2916
f 3521/2256/2916 1147/2262/2927 1148/2263/2928 3524/2259/2919
f 3524/2259/2919 1148/2263/2928 127/2264/2929 1149/2265/2930
f 3523/2257/2917 3524/2259/2919 1149/2265/2930 1150/2266/2931
f 3522/2258/2918 3523/2257/2917 1150/2266/2931 1151/2267/2932
f 1145/2268/2933 3522/2258/2918 1151/2267/2932 128/2269/2934
f 1144/2270/2935 3519/2254/2914 3522/2258/2918 1145/2268/2933
f 1143/2260/2922 3516/2251/2911 3519/2254/2914 1144/2270/2935
f 3525/2271/2936 3526/2272/2937 3529/2273/2938 3528/2274/2939
f 3526/2272/2937 3527/2275/2940 3530/2276/2941 3529/2273/2938
f 3528/2274/2939 3529/2273/2938 3532/2277/2942 3531/2278/2943
f 3529/2273/2938 3530/2276/2941 3533/2279/2944 3532/2277/2942
f 121/2237/2945 1139/2235/2946 3525/2271/2936 1152/2280/2947
f 1139/2235/2946 1138/2234/2948 3526/2272/2937 3525/2271/2936
f 1138/2234/2948 1137/2233/2949 3527/2275/2940 3526/2272/2937
f 1137/2233/2949 120/2221/2950 1143/2260/2951 3527/2275/2940
f 3527/2275/2940 1143/2260/2951 1144/2270/2952 3530/2276/2941
f 3530/2276/2941 1144/2270/2952 1145/2268/2953 3533/2279/2944
f 3533/2279/2944 1145/2268/2953 128/2269/2954 1155/2281/2955
f 3532/2277/2942 3533/2279/2944 1155/2281/2955 1156/2282/2956
f 3531/2278/2943 3532/2277/2942 1156/2282/2956 1157/2283/2957
f 1154/2284/2958 3531/2278/2943 1157/2283/2957 129/2285/2959
f 1153/2286/2960 3528/2274/2939 3531/2278/2943 1154/2284/2958
f 1152/2280/2947 3525/2271/2936 3528/2274/2939 1153/2286/2960
f 3534/2287/2961 3535/2288/2962 3538/2289/2963 3537/2290/2964
f 3535/2288/2962 3536/2291/2965 3539/2292/2966 3538/2289/2963
f 3537/2290/2964 3538/2289/2963 3541/2293/2967 3540/2294/2968
f 3538/2289/2963 3539/2292/2966 3542/2295/2969 3541/2293/2967
f 122/2119/2970 1142/2250/2971 3534/2287/2961 1158/2296/2972
f 1142/2250/2971 1141/2249/2973 3535/2288/2962 3534/2287/2961
f 1141/2249/2973 1140/2248/2974 3536/2291/2965 3535/2288/2962
f 1140/2248/2974 121/2237/2975 1152/2280/2976 3536/2291/2965
f 3536/2291/2965 1152/2280/2976 1153/2286/2977 3539/2292/2966
f 3539/2292/2966 1153/2286/2977 1154/2284/2978 3542/2295/2969
f 3542/2295/2969 1154/2284/2978 129/2285/2979 1161/2297/2980
f 3541/2293/2967 3542/2295/2969 1161/2297/2980 1162/2298/2981
f 3540/2294/2968 3541/2293/2967 1162/2298/2981 1163/2299/2982
f 1160/2300/2983 3540/2294/2968 1163/2299/2982 130/2301/2984
f 1159/2302/2985 3537/2290/2964 3540/2294/2968 1160/2300/2983
f 1158/2296/2972 3534/2287/2961 3537/2290/2964 1159/2302/2985
f 3543/2303/2986 3544/2304/2987 3547/2305/2988 3546/2306/2989
f 3544/2304/2987 3545/2307/2990 3548/2308/2991 3547/2305/2988
f 3546/2306/2989 3547/2305/2988 3550/2309/2992 3549/2310/2993
f 3547/2305/2988 3548/2308/2991 3551/2311/2994 3550/2309/2992
f 123/2124/2995 1100/2122/2996 3543/2303/2986 1164/2312/2997
f 1100/2122/2996 1099/2121/2998 3544/2304/2987 3543/2303/2986
f 1099/2121/2998 1098/2120/2999 3545/2307/2990 3544/2304/2987
f 1098/2120/2999 122/2119/3000 1158/2296/3001 3545/2307/2990
f 3545/2307/2990 1158/2296/3001 1159/2302/3002 3548/2308/2991
f 3548/2308/2991 1159/2302/3002 1160/2300/3003 3551/2311/2994
f 3551/2311/2994 1160/2300/3003 130/2301/3004 1167/2313/3005
f 3550/2309/2992 3551/2311/2994 1167/2313/3005 1168/2314/3006
f 3549/2310/2993 3550/2309/2992 1168/2314/3006 1169/2315/3007
f 1166/2316/3008 3549/2310/2993 1169/2315/3007 131/2317/3009
f 1165/2318/3010 3546/2306/2989 3549/2310/2993 1166/2316/3008
f 1164/2312/2997 3543/2303/2986 3546/2306/2989 1165/2318/3010
f 3552/2319/3011 3553/2320/3012 3556/2321/3013 3555/2322/3014
f 3553/2320/3012 3554/2323/3015 3557/2324/3016 3556/2321/3013
f 3555/2322/3014 3556/2321/3013 3559/2325/3017 3558/2326/3018
f 3556/2321/3013 3557/2324/3016 3560/2327/3019 3559/2325/3017
f 124/2143/3020 1106/2141/3021 3552/2319/3011 1170/2328/3022
f 1106/2141/3021 1105/2140/3023 3553/2320/3012 3552/2319/3011
f 1105/2140/3023 1104/2139/3024 3554/2323/3015 3553/2320/3012
f 1104/2139/3024 123/2138/3025 1164/2329/3026 3554/2323/3015
f 3554/2323/3015 1164/2329/3026 1165/2330/3027 3557/2324/3016
f 3557/2324/3016 1165/2330/3027 1166/2331/3028 3560/2327/3019
f 3560/2327/3019 1166/2331/3028 131/2332/3029 1173/2333/3030
f 3559/2325/3017 3560/2327/3019 1173/2333/3030 1174/2334/3031
f 3558/2326/3018 3559/2325/3017 1174/2334/3031 1175/2335/3032
f 1172/2336/3033 3558/2326/3018 1175/2335/3032 132/2337/3034
f 1171/2338/3035 3555/2322/3014 3558/2326/3018 1172/2336/3033
f 1170/2328/3022 3552/2319/3011 3555/2322/3014 1171/2338/3035
f 3562/2339/3036 3563/2340/3037 3561/2341/3038 3567/2342/3039
f 3564/2343/3040 3565/2344/3041 3561/2341/3038 3563/2340/3037
f 3566/2345/3042 3567/2346/3039 3561/2341/3038 3565/2347/3041
f 4/2348/3043 1107/2349/3044 3562/2339/3036 1176/2350/3045
f 1107/2349/3044 1108/2351/3046 3563/2340/3037 3562/2339/3036
f 1176/2350/3045 3562/2339/3036 3567/2342/3039 1177/2352/3047
f 124/2143/3048 1170/2328/3049 3564/2343/3040 1109/2353/3050
f 1170/2328/3049 1171/2354/3051 3565/2344/3041 3564/2343/3040
f 1109/2353/3050 3564/2343/3040 3563/2340/3037 1108/2351/3046
f 132/2337/3052 1178/2355/3053 3566/2345/3042 1172/2356/3054
f 1178/2355/3053 1177/2352/3047 3567/2346/3039 3566/2345/3042
f 1172/2356/3054 3566/2345/3042 3565/2347/3041 1171/2354/3051
f 3568/2357/3055 3569/2358/3056 3572/2359/3057 3571/2360/3058
f 3569/2358/3056 3570/2361/3059 3573/2362/3060 3572/2359/3057
f 3571/2360/3058 3572/2359/3057 3575/2363/3061 3574/2364/3062
f 3572/2359/3057 3573/2362/3060 3576/2365/3063 3575/2363/3061
f 118/2182/3064 1118/2180/3065 3568/2357/3055 1179/2366/3066
f 1118/2180/3065 1117/2179/3067 3569/2358/3056 3568/2357/3055
f 1117/2179/3067 1116/2178/3068 3570/2361/3059 3569/2358/3056
f 1116/2178/3068 117/2177/3069 1182/2367/3070 3570/2361/3059
f 3570/2361/3059 1182/2367/3070 1183/2368/3071 3573/2362/3060
f 3573/2362/3060 1183/2368/3071 1184/2369/3072 3576/2365/3063
f 3576/2365/3063 1184/2369/3072 125/2370/3073 1185/2371/3074
f 3575/2363/3061 3576/2365/3063 1185/2371/3074 1186/2372/3075
f 3574/2364/3062 3575/2363/3061 1186/2372/3075 1187/2373/3076
f 1181/2374/3077 3574/2364/3062 1187/2373/3076 126/2375/3078
f 1180/2376/3079 3571/2360/3058 3574/2364/3062 1181/2374/3077
f 1179/2366/3066 3568/2357/3055 3571/2360/3058 1180/2376/3079
f 3577/2377/3080 3578/2378/3081 3581/2379/3082 3580/2380/3083
f 3578/2378/3081 3579/2381/3084 3582/2382/3085 3581/2379/3082
f 3580/2380/3083 3581/2379/3082 3584/2383/3086 3583/2384/3087
f 3581/2379/3082 3582/2382/3085 3585/2385/3088 3584/2383/3086
f 300/2201/3089 1124/2199/3090 3577/2377/3080 1188/2386/3091
f 1124/2199/3090 1123/2198/3092 3578/2378/3081 3577/2377/3080
f 1123/2198/3092 1122/2197/3093 3579/2381/3084 3578/2378/3081
f 1122/2197/3093 118/2196/3094 1179/2387/3095 3579/2381/3084
f 3579/2381/3084 1179/2387/3095 1180/2388/3096 3582/2382/3085
f 3582/2382/3085 1180/2388/3096 1181/2389/3097 3585/2385/3088
f 3585/2385/3088 1181/2389/3097 126/2390/3098 1191/2391/3099
f 3584/2383/3086 3585/2385/3088 1191/2391/3099 1192/2392/3100
f 3583/2384/3087 3584/2383/3086 1192/2392/3100 1193/2393/3101
f 1190/2394/3102 3583/2384/3087 1193/2393/3101 303/2395/3103
f 1189/2396/3104 3580/2380/3083 3583/2384/3087 1190/2394/3102
f 1188/2386/3091 3577/2377/3080 3580/2380/3083 1189/2396/3104
f 3586/2397/3105 3587/2398/3106 3590/2399/3107 3589/2400/3108
f 3587/2398/3106 3588/2401/3109 3591/2402/3110 3590/2399/3107
f 3589/2400/3108 3590/2399/3107 3593/2403/3111 3592/2404/3112
f 3590/2399/3107 3591/2402/3110 3594/2405/3113 3593/2403/3111
f 132/2337/3114 1175/2335/3115 3586/2397/3105 1194/2406/3116
f 1175/2335/3115 1174/2334/3117 3587/2398/3106 3586/2397/3105
f 1174/2334/3117 1173/2333/3118 3588/2401/3109 3587/2398/3106
f 1173/2333/3118 131/2332/3119 1197/2407/3120 3588/2401/3109
f 3588/2401/3109 1197/2407/3120 1198/2408/3121 3591/2402/3110
f 3591/2402/3110 1198/2408/3121 1199/2409/3122 3594/2405/3113
f 3594/2405/3113 1199/2409/3122 139/2410/3123 1200/2411/3124
f 3593/2403/3111 3594/2405/3113 1200/2411/3124 1201/2412/3125
f 3592/2404/3112 3593/2403/3111 1201/2412/3125 1202/2413/3126
f 1196/2414/3127 3592/2404/3112 1202/2413/3126 140/2415/3128
f 1195/2416/3129 3589/2400/3108 3592/2404/3112 1196/2414/3127
f 1194/2406/3116 3586/2397/3105 3589/2400/3108 1195/2416/3129
f 3596/2417/3130 3597/2418/3131 3595/2419/3132 3601/2420/3133
f 3598/2421/3134 3599/2422/3135 3595/2419/3132 3597/2423/3131
f 3600/2424/3136 3601/2425/3133 3595/2419/3132 3599/2426/3135
f 4/2427/3137 1176/2428/3138 3596/2417/3130 1203/2429/3139
f 1176/2428/3138 1177/2430/3140 3597/2418/3131 3596/2417/3130
f 1203/2429/3139 3596/2417/3130 3601/2420/3133 1204/2431/3141
f 132/2337/3142 1194/2432/3143 3598/2421/3134 1178/2433/3144
f 1194/2432/3143 1195/2434/3145 3599/2422/3135 3598/2421/3134
f 1178/2433/3144 3598/2421/3134 3597/2423/3131 1177/2430/3140
f 140/2415/3146 1205/2435/3147 3600/2424/3136 1196/2414/3148
f 1205/2435/3147 1204/2431/3141 3601/2425/3133 3600/2424/3136
f 1196/2414/3148 3600/2424/3136 3599/2426/3135 1195/2436/3145
f 3602/2437/3149 3603/2438/3150 3606/2439/3151 3605/2440/3152
f 3603/2438/3150 3604/2441/3153 3607/2442/3154 3606/2439/3151
f 3605/2440/3152 3606/2439/3151 3609/2443/3155 3608/2444/3156
f 3606/2439/3151 3607/2442/3154 3610/2445/3157 3609/2443/3155
f 126/2375/3158 1187/2373/3159 3602/2437/3149 1206/2446/3160
f 1187/2373/3159 1186/2372/3161 3603/2438/3150 3602/2437/3149
f 1186/2372/3161 1185/2371/3162 3604/2441/3153 3603/2438/3150
f 1185/2371/3162 125/2370/3163 1209/2447/3164 3604/2441/3153
f 3604/2441/3153 1209/2447/3164 1210/2448/3165 3607/2442/3154
f 3607/2442/3154 1210/2448/3165 1211/2449/3166 3610/2445/3157
f 3610/2445/3157 1211/2449/3166 133/2450/3167 1212/2451/3168
f 3609/2443/3155 3610/2445/3157 1212/2451/3168 1213/2452/3169
f 3608/2444/3156 3609/2443/3155 1213/2452/3169 1214/2453/3170
f 1208/2454/3171 3608/2444/3156 1214/2453/3170 134/2455/3172
f 1207/2456/3173 3605/2440/3152 3608/2444/3156 1208/2454/3171
f 1206/2446/3160 3602/2437/3149 3605/2440/3152 1207/2456/3173
f 3611/2457/3174 3612/2458/3175 3615/2459/3176 3614/2460/3177
f 3612/2458/3175 3613/2461/3178 3616/2462/3179 3615/2459/3176
f 3614/2460/3177 3615/2459/3176 3618/2463/3180 3617/2464/3181
f 3615/2459/3176 3616/2462/3179 3619/2465/3182 3618/2463/3180
f 303/2395/3183 1193/2393/3184 3611/2457/3174 1215/2466/3185
f 1193/2393/3184 1192/2392/3186 3612/2458/3175 3611/2457/3174
f 1192/2392/3186 1191/2391/3187 3613/2461/3178 3612/2458/3175
f 1191/2391/3187 126/2390/3188 1206/2467/3189 3613/2461/3178
f 3613/2461/3178 1206/2467/3189 1207/2456/3190 3616/2462/3179
f 3616/2462/3179 1207/2456/3190 1208/2468/3191 3619/2465/3182
f 3619/2465/3182 1208/2468/3191 134/2469/3192 1218/2470/3193
f 3618/2463/3180 3619/2465/3182 1218/2470/3193 1219/2471/3194
f 3617/2464/3181 3618/2463/3180 1219/2471/3194 1220/2472/3195
f 1217/2473/3196 3617/2464/3181 1220/2472/3195 306/2474/3197
f 1216/2475/3198 3614/2460/3177 3617/2464/3181 1217/2473/3196
f 1215/2466/3185 3611/2457/3174 3614/2460/3177 1216/2475/3198
f 3620/2476/3199 3621/2477/3200 3624/2478/3201 3623/2479/3202
f 3621/2477/3200 3622/2480/3203 3625/2481/3204 3624/2478/3201
f 3623/2479/3202 3624/2478/3201 3627/2482/3205 3626/2483/3206
f 3624/2478/3201 3625/2481/3204 3628/2484/3207 3627/2482/3205
f 128/2269/3208 1151/2267/3209 3620/2476/3199 1221/2485/3210
f 1151/2267/3209 1150/2266/3211 3621/2477/3200 3620/2476/3199
f 1150/2266/3211 1149/2265/3212 3622/2480/3203 3621/2477/3200
f 1149/2265/3212 127/2264/3213 1224/2486/3214 3622/2480/3203
f 3622/2480/3203 1224/2486/3214 1225/2487/3215 3625/2481/3204
f 3625/2481/3204 1225/2487/3215 1226/2488/3216 3628/2484/3207
f 3628/2484/3207 1226/2488/3216 135/2489/3217 1227/2490/3218
f 3627/2482/3205 3628/2484/3207 1227/2490/3218 1228/2491/3219
f 3626/2483/3206 3627/2482/3205 1228/2491/3219 1229/2492/3220
f 1223/2493/3221 3626/2483/3206 1229/2492/3220 136/2494/3222
f 1222/2495/3223 3623/2479/3202 3626/2483/3206 1223/2493/3221
f 1221/2485/3210 3620/2476/3199 3623/2479/3202 1222/2495/3223
f 3629/2496/3224 3630/2497/3225 3633/2498/3226 3632/2499/3227
f 3630/2497/3225 3631/2500/3228 3634/2501/3229 3633/2498/3226
f 3632/2499/3227 3633/2498/3226 3636/2502/3230 3635/2503/3231
f 3633/2498/3226 3634/2501/3229 3637/2504/3232 3636/2502/3230
f 129/2285/3233 1157/2283/3234 3629/2496/3224 1230/2505/3235
f 1157/2283/3234 1156/2282/3236 3630/2497/3225 3629/2496/3224
f 1156/2282/3236 1155/2281/3237 3631/2500/3228 3630/2497/3225
f 1155/2281/3237 128/2269/3238 1221/2485/3239 3631/2500/3228
f 3631/2500/3228 1221/2485/3239 1222/2495/3240 3634/2501/3229
f 3634/2501/3229 1222/2495/3240 1223/2493/3241 3637/2504/3232
f 3637/2504/3232 1223/2493/3241 136/2494/3242 1233/2506/3243
f 3636/2502/3230 3637/2504/3232 1233/2506/3243 1234/2507/3244
f 3635/2503/3231 3636/2502/3230 1234/2507/3244 1235/2508/3245
f 1232/2509/3246 3635/2503/3231 1235/2508/3245 137/2510/3247
f 1231/2511/3248 3632/2499/3227 3635/2503/3231 1232/2509/3246
f 1230/2505/3235 3629/2496/3224 3632/2499/3227 1231/2511/3248
f 3638/2512/3249 3639/2513/3250 3642/2514/3251 3641/2515/3252
f 3639/2513/3250 3640/2516/3253 3643/2517/3254 3642/2514/3251
f 3641/2515/3252 3642/2514/3251 3645/2518/3255 3644/2519/3256
f 3642/2514/3251 3643/2517/3254 3646/2520/3257 3645/2518/3255
f 130/2301/3258 1163/2299/3259 3638/2512/3249 1236/2521/3260
f 1163/2299/3259 1162/2298/3261 3639/2513/3250 3638/2512/3249
f 1162/2298/3261 1161/2297/3262 3640/2516/3253 3639/2513/3250
f 1161/2297/3262 129/2285/3263 1230/2505/3264 3640/2516/3253
f 3640/2516/3253 1230/2505/3264 1231/2511/3265 3643/2517/3254
f 3643/2517/3254 1231/2511/3265 1232/2509/3266 3646/2520/3257
f 3646/2520/3257 1232/2509/3266 137/2510/3267 1239/2522/3268
f 3645/2518/3255 3646/2520/3257 1239/2522/3268 1240/2523/3269
f 3644/2519/3256 3645/2518/3255 1240/2523/3269 1241/2524/3270
f 1238/2525/3271 3644/2519/3256 1241/2524/3270 138/2526/3272
f 1237/2527/3273 3641/2515/3252 3644/2519/3256 1238/2525/3271
f 1236/2521/3260 3638/2512/3249 3641/2515/3252 1237/2527/3273
f 3647/2528/3274 3648/2529/3275 3651/2530/3276 3650/2531/3277
f 3648/2529/3275 3649/2532/3278 3652/2533/3279 3651/2530/3276
f 3650/2531/3277 3651/2530/3276 3654/2534/3280 3653/2535/3281
f 3651/2530/3276 3652/2533/3279 3655/2536/3282 3654/2534/3280
f 131/2317/3283 1169/2315/3284 3647/2528/3274 1197/2537/3285
f 1169/2315/3284 1168/2314/3286 3648/2529/3275 3647/2528/3274
f 1168/2314/3286 1167/2313/3287 3649/2532/3278 3648/2529/3275
f 1167/2313/3287 130/2301/3288 1236/2521/3289 3649/2532/3278
f 3649/2532/3278 1236/2521/3289 1237/2527/3290 3652/2533/3279
f 3652/2533/3279 1237/2527/3290 1238/2525/3291 3655/2536/3282
f 3655/2536/3282 1238/2525/3291 138/2526/3292 1242/2538/3293
f 3654/2534/3280 3655/2536/3282 1242/2538/3293 1243/2539/3294
f 3653/2535/3281 3654/2534/3280 1243/2539/3294 1244/2540/3295
f 1199/2541/3296 3653/2535/3281 1244/2540/3295 139/2542/3297
f 1198/2543/3298 3650/2531/3277 3653/2535/3281 1199/2541/3296
f 1197/2537/3285 3647/2528/3274 3650/2531/3277 1198/2543/3298
f 3656/2544/3299 3657/2545/3300 3660/2546/3301 3659/2547/3302
f 3657/2545/3300 3658/2548/3303 3661/2549/3304 3660/2546/3301
f 3659/2547/3302 3660/2546/3301 3663/2550/3305 3662/2551/3306
f 3660/2546/3301 3661/2549/3304 3664/2552/3307 3663/2550/3305
f 137/2510/3308 1235/2508/3309 3656/2544/3299 1245/2553/3310
f 1235/2508/3309 1234/2507/3311 3657/2545/3300 3656/2544/3299
f 1234/2507/3311 1233/2506/3312 3658/2548/3303 3657/2545/3300
f 1233/2506/3312 136/2494/3313 1248/2554/3314 3658/2548/3303
f 3658/2548/3303 1248/2554/3314 1249/2555/3315 3661/2549/3304
f 3661/2549/3304 1249/2555/3315 1250/2556/3316 3664/2552/3307
f 3664/2552/3307 1250/2556/3316 144/2557/3317 1251/2558/3318
f 3663/2550/3305 3664/2552/3307 1251/2558/3318 1252/2559/3319
f 3662/2551/3306 3663/2550/3305 1252/2559/3319 1253/2560/3320
f 1247/2561/3321 3662/2551/3306 1253/2560/3320 145/2562/3322
f 1246/2563/3323 3659/2547/3302 3662/2551/3306 1247/2561/3321
f 1245/2553/3310 3656/2544/3299 3659/2547/3302 1246/2563/3323
f 3665/2564/3324 3666/2565/3325 3669/2566/3326 3668/2567/3327
f 3666/2565/3325 3667/2568/3328 3670/2569/3329 3669/2566/3326
f 3668/2567/3327 3669/2566/3326 3672/2570/3330 3671/2571/3331
f 3669/2566/3326 3670/2569/3329 3673/2572/3332 3672/2570/3330
f 138/2526/3333 1241/2524/3334 3665/2564/3324 1254/2573/3335
f 1241/2524/3334 1240/2523/3336 3666/2565/3325 3665/2564/3324
f 1240/2523/3336 1239/2522/3337 3667/2568/3328 3666/2565/3325
f 1239/2522/3337 137/2510/3338 1245/2553/3339 3667/2568/3328
f 3667/2568/3328 1245/2553/3339 1246/2563/3340 3670/2569/3329
f 3670/2569/3329 1246/2563/3340 1247/2561/3341 3673/2572/3332
f 3673/2572/3332 1247/2561/3341 145/2562/3342 1257/2574/3343
f 3672/2570/3330 3673/2572/3332 1257/2574/3343 1258/2575/3344
f 3671/2571/3331 3672/2570/3330 1258/2575/3344 1259/2576/3345
f 1256/2577/3346 3671/2571/3331 1259/2576/3345 146/2578/3347
f 1255/2579/3348 3668/2567/3327 3671/2571/3331 1256/2577/3346
f 1254/2573/3335 3665/2564/3324 3668/2567/3327 1255/2579/3348
f 3674/2580/3349 3675/2581/3350 3678/2582/3351 3677/2583/3352
f 3675/2581/3350 3676/2584/3353 3679/2585/3354 3678/2582/3351
f 3677/2583/3352 3678/2582/3351 3681/2586/3355 3680/2587/3356
f 3678/2582/3351 3679/2585/3354 3682/2588/3357 3681/2586/3355
f 139/2542/3358 1244/2540/3359 3674/2580/3349 1260/2589/3360
f 1244/2540/3359 1243/2539/3361 3675/2581/3350 3674/2580/3349
f 1243/2539/3361 1242/2538/3362 3676/2584/3353 3675/2581/3350
f 1242/2538/3362 138/2526/3363 1254/2573/3364 3676/2584/3353
f 3676/2584/3353 1254/2573/3364 1255/2579/3365 3679/2585/3354
f 3679/2585/3354 1255/2579/3365 1256/2577/3366 3682/2588/3357
f 3682/2588/3357 1256/2577/3366 146/2578/3367 1263/2590/3368
f 3681/2586/3355 3682/2588/3357 1263/2590/3368 1264/2591/3369
f 3680/2587/3356 3681/2586/3355 1264/2591/3369 1265/2592/3370
f 1262/2593/3371 3680/2587/3356 1265/2592/3370 147/2594/3372
f 1261/2595/3373 3677/2583/3352 3680/2587/3356 1262/2593/3371
f 1260/2589/3360 3674/2580/3349 3677/2583/3352 1261/2595/3373
f 3683/2596/3374 3684/2597/3375 3687/2598/3376 3686/2599/3377
f 3684/2597/3375 3685/2600/3378 3688/2601/3379 3687/2598/3376
f 3686/2599/3377 3687/2598/3376 3690/2602/3380 3689/2603/3381
f 3687/2598/3376 3688/2601/3379 3691/2604/3382 3690/2602/3380
f 140/2415/3383 1202/2413/3384 3683/2596/3374 1266/2605/3385
f 1202/2413/3384 1201/2412/3386 3684/2597/3375 3683/2596/3374
f 1201/2412/3386 1200/2411/3387 3685/2600/3378 3684/2597/3375
f 1200/2411/3387 139/2410/3388 1260/2606/3389 3685/2600/3378
f 3685/2600/3378 1260/2606/3389 1261/2607/3390 3688/2601/3379
f 3688/2601/3379 1261/2607/3390 1262/2608/3391 3691/2604/3382
f 3691/2604/3382 1262/2608/3391 147/2609/3392 1269/2610/3393
f 3690/2602/3380 3691/2604/3382 1269/2610/3393 1270/2611/3394
f 3689/2603/3381 3690/2602/3380 1270/2611/3394 1271/2612/3395
f 1268/2613/3396 3689/2603/3381 1271/2612/3395 148/2614/3397
f 1267/2615/3398 3686/2599/3377 3689/2603/3381 1268/2613/3396
f 1266/2605/3385 3683/2596/3374 3686/2599/3377 1267/2615/3398
f 3693/2616/3399 3694/2617/3400 3692/2618/3401 3698/2619/3402
f 3695/2620/3403 3696/2621/3404 3692/2618/3401 3694/2617/3400
f 3697/2622/3405 3698/2623/3402 3692/2618/3401 3696/2624/3404
f 4/2625/3406 1203/2626/3407 3693/2616/3399 1272/2627/3408
f 1203/2626/3407 1204/2628/3409 3694/2617/3400 3693/2616/3399
f 1272/2627/3408 3693/2616/3399 3698/2619/3402 1273/2629/3410
f 140/2415/3411 1266/2630/3412 3695/2620/3403 1205/2631/3413
f 1266/2630/3412 1267/2632/3414 3696/2621/3404 3695/2620/3403
f 1205/2631/3413 3695/2620/3403 3694/2617/3400 1204/2633/3409
f 148/2614/3415 1274/2634/3416 3697/2622/3405 1268/2613/3417
f 1274/2634/3416 1273/2629/3410 3698/2623/3402 3697/2622/3405
f 1268/2613/3417 3697/2622/3405 3696/2624/3404 1267/2635/3414
f 3699/2636/3418 3700/2637/3419 3703/2638/3420 3702/2639/3421
f 3700/2637/3419 3701/2640/3422 3704/2641/3423 3703/2638/3420
f 3702/2639/3421 3703/2638/3420 3706/2642/3424 3705/2643/3425
f 3703/2638/3420 3704/2641/3423 3707/2644/3426 3706/2642/3424
f 134/2455/3427 1214/2453/3428 3699/2636/3418 1275/2645/3429
f 1214/2453/3428 1213/2452/3430 3700/2637/3419 3699/2636/3418
f 1213/2452/3430 1212/2451/3431 3701/2640/3422 3700/2637/3419
f 1212/2451/3431 133/2450/3432 1278/2646/3433 3701/2640/3422
f 3701/2640/3422 1278/2646/3433 1279/2647/3434 3704/2641/3423
f 3704/2641/3423 1279/2647/3434 1280/2648/3435 3707/2644/3426
f 3707/2644/3426 1280/2648/3435 141/2649/3436 1281/2650/3437
f 3706/2642/3424 3707/2644/3426 1281/2650/3437 1282/2651/3438
f 3705/2643/3425 3706/2642/3424 1282/2651/3438 1283/2652/3439
f 1277/2653/3440 3705/2643/3425 1283/2652/3439 142/2654/3441
f 1276/2655/3442 3702/2639/3421 3705/2643/3425 1277/2653/3440
f 1275/2645/3429 3699/2636/3418 3702/2639/3421 1276/2655/3442
f 3708/2656/3443 3709/2657/3444 3712/2658/3445 3711/2659/3446
f 3709/2657/3444 3710/2660/3447 3713/2661/3448 3712/2658/3445
f 3711/2659/3446 3712/2658/3445 3715/2662/3449 3714/2663/3450
f 3712/2658/3445 3713/2661/3448 3716/2664/3451 3715/2662/3449
f 306/2474/3452 1220/2472/3453 3708/2656/3443 1284/2665/3454
f 1220/2472/3453 1219/2471/3455 3709/2657/3444 3708/2656/3443
f 1219/2471/3455 1218/2470/3456 3710/2660/3447 3709/2657/3444
f 1218/2470/3456 134/2469/3457 1275/2666/3458 3710/2660/3447
f 3710/2660/3447 1275/2666/3458 1276/2667/3459 3713/2661/3448
f 3713/2661/3448 1276/2667/3459 1277/2668/3460 3716/2664/3451
f 3716/2664/3451 1277/2668/3460 142/2669/3461 1287/2670/3462
f 3715/2662/3449 3716/2664/3451 1287/2670/3462 1288/2671/3463
f 3714/2663/3450 3715/2662/3449 1288/2671/3463 1289/2672/3464
f 1286/2673/3465 3714/2663/3450 1289/2672/3464 309/2674/3466
f 1285/2675/3467 3711/2659/3446 3714/2663/3450 1286/2673/3465
f 1284/2665/3454 3708/2656/3443 3711/2659/3446 1285/2675/3467
f 3717/2676/3468 3718/2677/3469 3721/2678/3470 3720/2679/3471
f 3718/2677/3469 3719/2680/3472 3722/2681/3473 3721/2678/3470
f 3720/2679/3471 3721/2678/3470 3724/2682/3474 3723/2683/3475
f 3721/2678/3470 3722/2681/3473 3725/2684/3476 3724/2682/3474
f 136/2494/3477 1229/2492/3478 3717/2676/3468 1248/2554/3479
f 1229/2492/3478 1228/2491/3480 3718/2677/3469 3717/2676/3468
f 1228/2491/3480 1227/2490/3481 3719/2680/3472 3718/2677/3469
f 1227/2490/3481 135/2489/3482 1290/2685/3483 3719/2680/3472
f 3719/2680/3472 1290/2685/3483 1291/2686/3484 3722/2681/3473
f 3722/2681/3473 1291/2686/3484 1292/2687/3485 3725/2684/3476
f 3725/2684/3476 1292/2687/3485 143/2688/3486 1293/2689/3487
f 3724/2682/3474 3725/2684/3476 1293/2689/3487 1294/2690/3488
f 3723/2683/3475 3724/2682/3474 1294/2690/3488 1295/2691/3489
f 1250/2556/3490 3723/2683/3475 1295/2691/3489 144/2557/3491
f 1249/2555/3492 3720/2679/3471 3723/2683/3475 1250/2556/3490
f 1248/2554/3479 3717/2676/3468 3720/2679/3471 1249/2555/3492
f 3727/2692/3493 3728/2693/3494 3726/2694/3495 3732/2695/3496
f 3729/2696/3497 3730/2697/3498 3726/2694/3495 3728/2693/3494
f 3731/2698/3499 3732/2699/3496 3726/2694/3495 3730/2700/3498
f 4/2701/3500 1272/2702/3501 3727/2692/3493 1296/2703/3502
f 1272/2702/3501 1273/2704/3503 3728/2693/3494 3727/2692/3493
f 1296/2703/3502 3727/2692/3493 3732/2695/3496 1297/2705/3504
f 148/2614/3505 1299/2706/3506 3729/2696/3497 1274/2707/3507
f 1299/2706/3506 1300/2708/3508 3730/2697/3498 3729/2696/3497
f 1274/2707/3507 3729/2696/3497 3728/2693/3494 1273/2709/3503
f 156/2710/3509 1298/2711/3510 3731/2698/3499 1301/2712/3511
f 1298/2711/3510 1297/2713/3504 3732/2699/3496 3731/2698/3499
f 1301/2712/3511 3731/2698/3499 3730/2700/3498 1300/2714/3508
f 3733/2715/3512 3734/2716/3513 3737/2717/3514 3736/2718/3515
f 3734/2716/3513 3735/2719/3516 3738/2720/3517 3737/2717/3514
f 3736/2718/3515 3737/2717/3514 3740/2721/3518 3739/2722/3519
f 3737/2717/3514 3738/2720/3517 3741/2723/3520 3740/2721/3518
f 142/2654/3521 1283/2652/3522 3733/2715/3512 1302/2724/3523
f 1283/2652/3522 1282/2651/3524 3734/2716/3513 3733/2715/3512
f 1282/2651/3524 1281/2650/3525 3735/2719/3516 3734/2716/3513
f 1281/2650/3525 141/2649/3526 1305/2725/3527 3735/2719/3516
f 3735/2719/3516 1305/2725/3527 1306/2726/3528 3738/2720/3517
f 3738/2720/3517 1306/2726/3528 1307/2727/3529 3741/2723/3520
f 3741/2723/3520 1307/2727/3529 149/2728/3530 1308/2729/3531
f 3740/2721/3518 3741/2723/3520 1308/2729/3531 1309/2730/3532
f 3739/2722/3519 3740/2721/3518 1309/2730/3532 1310/2731/3533
f 1304/2732/3534 3739/2722/3519 1310/2731/3533 150/2733/3535
f 1303/2734/3536 3736/2718/3515 3739/2722/3519 1304/2732/3534
f 1302/2724/3523 3733/2715/3512 3736/2718/3515 1303/2734/3536
f 3742/2735/3537 3743/2736/3538 3746/2737/3539 3745/2738/3540
f 3743/2736/3538 3744/2739/3541 3747/2740/3542 3746/2737/3539
f 3745/2738/3540 3746/2737/3539 3749/2741/3543 3748/2742/3544
f 3746/2737/3539 3747/2740/3542 3750/2743/3545 3749/2741/3543
f 309/2674/3546 1289/2672/3547 3742/2735/3537 1311/2744/3548
f 1289/2672/3547 1288/2671/3549 3743/2736/3538 3742/2735/3537
f 1288/2671/3549 1287/2670/3550 3744/2739/3541 3743/2736/3538
f 1287/2670/3550 142/2669/3551 1302/2745/3552 3744/2739/3541
f 3744/2739/3541 1302/2745/3552 1303/2746/3553 3747/2740/3542
f 3747/2740/3542 1303/2746/3553 1304/2747/3554 3750/2743/3545
f 3750/2743/3545 1304/2747/3554 150/2748/3555 1314/2749/3556
f 3749/2741/3543 3750/2743/3545 1314/2749/3556 1315/2750/3557
f 3748/2742/3544 3749/2741/3543 1315/2750/3557 1316/2751/3558
f 1313/2752/3559 3748/2742/3544 1316/2751/3558 312/2753/3560
f 1312/2754/3561 3745/2738/3540 3748/2742/3544 1313/2752/3559
f 1311/2744/3548 3742/2735/3537 3745/2738/3540 1312/2754/3561
f 3751/2755/3562 3752/2756/3563 3755/2757/3564 3754/2758/3565
f 3752/2756/3563 3753/2759/3566 3756/2760/3567 3755/2757/3564
f 3754/2758/3565 3755/2757/3564 3758/2761/3568 3757/2762/3569
f 3755/2757/3564 3756/2760/3567 3759/2763/3570 3758/2761/3568
f 144/2557/3571 1295/2691/3572 3751/2755/3562 1317/2764/3573
f 1295/2691/3572 1294/2690/3574 3752/2756/3563 3751/2755/3562
f 1294/2690/3574 1293/2689/3575 3753/2759/3566 3752/2756/3563
f 1293/2689/3575 143/2688/3576 1320/2765/3577 3753/2759/3566
f 3753/2759/3566 1320/2765/3577 1321/2766/3578 3756/2760/3567
f 3756/2760/3567 1321/2766/3578 1322/2767/3579 3759/2763/3570
f 3759/2763/3570 1322/2767/3579 151/2768/3580 1323/2769/3581
f 3758/2761/3568 3759/2763/3570 1323/2769/3581 1324/2770/3582
f 3757/2762/3569 3758/2761/3568 1324/2770/3582 1325/2771/3583
f 1319/2772/3584 3757/2762/3569 1325/2771/3583 152/2773/3585
f 1318/2774/3586 3754/2758/3565 3757/2762/3569 1319/2772/3584
f 1317/2764/3573 3751/2755/3562 3754/2758/3565 1318/2774/3586
f 3760/2775/3587 3761/2776/3588 3764/2777/3589 3763/2778/3590
f 3761/2776/3588 3762/2779/3591 3765/2780/3592 3764/2777/3589
f 3763/2778/3590 3764/2777/3589 3767/2781/3593 3766/2782/3594
f 3764/2777/3589 3765/2780/3592 3768/2783/3595 3767/2781/3593
f 145/2562/3596 1253/2560/3597 3760/2775/3587 1326/2784/3598
f 1253/2560/3597 1252/2559/3599 3761/2776/3588 3760/2775/3587
f 1252/2559/3599 1251/2558/3600 3762/2779/3591 3761/2776/3588
f 1251/2558/3600 144/2557/3601 1317/2764/3602 3762/2779/3591
f 3762/2779/3591 1317/2764/3602 1318/2774/3603 3765/2780/3592
f 3765/2780/3592 1318/2774/3603 1319/2772/3604 3768/2783/3595
f 3768/2783/3595 1319/2772/3604 152/2773/3605 1329/2785/3606
f 3767/2781/3593 3768/2783/3595 1329/2785/3606 1330/2786/3607
f 3766/2782/3594 3767/2781/3593 1330/2786/3607 1331/2787/3608
f 1328/2788/3609 3766/2782/3594 1331/2787/3608 153/2789/3610
f 1327/2790/3611 3763/2778/3590 3766/2782/3594 1328/2788/3609
f 1326/2784/3598 3760/2775/3587 3763/2778/3590 1327/2790/3611
f 3769/2791/3612 3770/2792/3613 3773/2793/3614 3772/2794/3615
f 3770/2792/3613 3771/2795/3616 3774/2796/3617 3773/2793/3614
f 3772/2794/3615 3773/2793/3614 3776/2797/3618 3775/2798/3619
f 3773/2793/3614 3774/2796/3617 3777/2799/3620 3776/2797/3618
f 146/2578/3621 1259/2576/3622 3769/2791/3612 1332/2800/3623
f 1259/2576/3622 1258/2575/3624 3770/2792/3613 3769/2791/3612
f 1258/2575/3624 1257/2574/3625 3771/2795/3616 3770/2792/3613
f 1257/2574/3625 145/2562/3626 1326/2784/3627 3771/2795/3616
f 3771/2795/3616 1326/2784/3627 1327/2790/3628 3774/2796/3617
f 3774/2796/3617 1327/2790/3628 1328/2788/3629 3777/2799/3620
f 3777/2799/3620 1328/2788/3629 153/2789/3630 1335/2801/3631
f 3776/2797/3618 3777/2799/3620 1335/2801/3631 1336/2802/3632
f 3775/2798/3619 3776/2797/3618 1336/2802/3632 1337/2803/3633
f 1334/2804/3634 3775/2798/3619 1337/2803/3633 154/2805/3635
f 1333/2806/3636 3772/2794/3615 3775/2798/3619 1334/2804/3634
f 1332/2800/3623 3769/2791/3612 3772/2794/3615 1333/2806/3636
f 3778/2807/3637 3779/2808/3638 3782/2809/3639 3781/2810/3640
f 3779/2808/3638 3780/2811/3641 3783/2812/3642 3782/2809/3639
f 3781/2810/3640 3782/2809/3639 3785/2813/3643 3784/2814/3644
f 3782/2809/3639 3783/2812/3642 3786/2815/3645 3785/2813/3643
f 147/2594/3646 1265/2592/3647 3778/2807/3637 1338/2816/3648
f 1265/2592/3647 1264/2591/3649 3779/2808/3638 3778/2807/3637
f 1264/2591/3649 1263/2590/3650 3780/2811/3641 3779/2808/3638
f 1263/2590/3650 146/2578/3651 1332/2800/3652 3780/2811/3641
f 3780/2811/3641 1332/2800/3652 1333/2806/3653 3783/2812/3642
f 3783/2812/3642 1333/2806/3653 1334/2804/3654 3786/2815/3645
f 3786/2815/3645 1334/2804/3654 154/2805/3655 1341/2817/3656
f 3785/2813/3643 3786/2815/3645 1341/2817/3656 1342/2818/3657
f 3784/2814/3644 3785/2813/3643 1342/2818/3657 1343/2819/3658
f 1340/2820/3659 3784/2814/3644 1343/2819/3658 155/2821/3660
f 1339/2822/3661 3781/2810/3640 3784/2814/3644 1340/2820/3659
f 1338/2816/3648 3778/2807/3637 3781/2810/3640 1339/2822/3661
f 3787/2823/3662 3788/2824/3663 3791/2825/3664 3790/2826/3665
f 3788/2824/3663 3789/2827/3666 3792/2828/3667 3791/2825/3664
f 3790/2826/3665 3791/2825/3664 3794/2829/3668 3793/2830/3669
f 3791/2825/3664 3792/2828/3667 3795/2831/3670 3794/2829/3668
f 148/2614/3671 1271/2612/3672 3787/2823/3662 1299/2832/3673
f 1271/2612/3672 1270/2611/3674 3788/2824/3663 3787/2823/3662
f 1270/2611/3674 1269/2610/3675 3789/2827/3666 3788/2824/3663
f 1269/2610/3675 147/2609/3676 1338/2833/3677 3789/2827/3666
f 3789/2827/3666 1338/2833/3677 1339/2834/3678 3792/2828/3667
f 3792/2828/3667 1339/2834/3678 1340/2835/3679 3795/2831/3670
f 3795/2831/3670 1340/2835/3679 155/2836/3680 1344/2837/3681
f 3794/2829/3668 3795/2831/3670 1344/2837/3681 1345/2838/3682
f 3793/2830/3669 3794/2829/3668 1345/2838/3682 1346/2839/3683
f 1301/2840/3684 3793/2830/3669 1346/2839/3683 156/2710/3685
f 1300/2841/3686 3790/2826/3665 3793/2830/3669 1301/2840/3684
f 1299/2832/3673 3787/2823/3662 3790/2826/3665 1300/2841/3686
f 3796/2842/3687 3797/2843/3688 3800/2844/3689 3799/2845/3690
f 3797/2843/3688 3798/2846/3691 3801/2847/3692 3800/2844/3689
f 3799/2845/3690 3800/2844/3689 3803/2848/3693 3802/2849/3694
f 3800/2844/3689 3801/2847/3692 3804/2850/3695 3803/2848/3693
f 153/2789/3696 1331/2787/3697 3796/2842/3687 1347/2851/3698
f 1331/2787/3697 1330/2786/3699 3797/2843/3688 3796/2842/3687
f 1330/2786/3699 1329/2785/3700 3798/2846/3691 3797/2843/3688
f 1329/2785/3700 152/2773/3701 1350/2852/3702 3798/2846/3691
f 3798/2846/3691 1350/2852/3702 1351/2853/3703 3801/2847/3692
f 3801/2847/3692 1351/2853/3703 1352/2854/3704 3804/2850/3695
f 3804/2850/3695 1352/2854/3704 160/2855/3705 1353/2856/3706
f 3803/2848/3693 3804/2850/3695 1353/2856/3706 1354/2857/3707
f 3802/2849/3694 3803/2848/3693 1354/2857/3707 1355/2858/3708
f 1349/2859/3709 3802/2849/3694 1355/2858/3708 161/2860/3710
f 1348/2861/3711 3799/2845/3690 3802/2849/3694 1349/2859/3709
f 1347/2851/3698 3796/2842/3687 3799/2845/3690 1348/2861/3711
f 3805/2862/3712 3806/2863/3713 3809/2864/3714 3808/2865/3715
f 3806/2863/3713 3807/2866/3716 3810/2867/3717 3809/2864/3714
f 3808/2865/3715 3809/2864/3714 3812/2868/3718 3811/2869/3719
f 3809/2864/3714 3810/2867/3717 3813/2870/3720 3812/2868/3718
f 154/2805/3721 1337/2803/3722 3805/2862/3712 1356/2871/3723
f 1337/2803/3722 1336/2802/3724 3806/2863/3713 3805/2862/3712
f 1336/2802/3724 1335/2801/3725 3807/2866/3716 3806/2863/3713
f 1335/2801/3725 153/2789/3726 1347/2851/3727 3807/2866/3716
f 3807/2866/3716 1347/2851/3727 1348/2861/3728 3810/2867/3717
f 3810/2867/3717 1348/2861/3728 1349/2859/3729 3813/2870/3720
f 3813/2870/3720 1349/2859/3729 161/2860/3730 1359/2872/3731
f 3812/2868/3718 3813/2870/3720 1359/2872/3731 1360/2873/3732
f 3811/2869/3719 3812/2868/3718 1360/2873/3732 1361/2874/3733
f 1358/2875/3734 3811/2869/3719 1361/2874/3733 162/2876/3735
f 1357/2877/3736 3808/2865/3715 3811/2869/3719 1358/2875/3734
f 1356/2871/3723 3805/2862/3712 3808/2865/3715 1357/2877/3736
f 3814/2878/3737 3815/2879/3738 3818/2880/3739 3817/2881/3740
f 3815/2879/3738 3816/2882/3741 3819/2883/3742 3818/2880/3739
f 3817/2881/3740 3818/2880/3739 3821/2884/3743 3820/2885/3744
f 3818/2880/3739 3819/2883/3742 3822/2886/3745 3821/2884/3743
f 155/2821/3746 1343/2819/3747 3814/2878/3737 1362/2887/3748
f 1343/2819/3747 1342/2818/3749 3815/2879/3738 3814/2878/3737
f 1342/2818/3749 1341/2817/3750 3816/2882/3741 3815/2879/3738
f 1341/2817/3750 154/2805/3751 1356/2871/3752 3816/2882/3741
f 3816/2882/3741 1356/2871/3752 1357/2877/3753 3819/2883/3742
f 3819/2883/3742 1357/2877/3753 1358/2875/3754 3822/2886/3745
f 3822/2886/3745 1358/2875/3754 162/2876/3755 1365/2888/3756
f 3821/2884/3743 3822/2886/3745 1365/2888/3756 1366/2889/3757
f 3820/2885/3744 3821/2884/3743 1366/2889/3757 1367/2890/3758
f 1364/2891/3759 3820/2885/3744 1367/2890/3758 163/2892/3760
f 1363/2893/3761 3817/2881/3740 3820/2885/3744 1364/2891/3759
f 1362/2887/3748 3814/2878/3737 3817/2881/3740 1363/2893/3761
f 3823/2894/3762 3824/2895/3763 3827/2896/3764 3826/2897/3765
f 3824/2895/3763 3825/2898/3766 3828/2899/3767 3827/2896/3764
f 3826/2897/3765 3827/2896/3764 3830/2900/3768 3829/2901/3769
f 3827/2896/3764 3828/2899/3767 3831/2902/3770 3830/2900/3768
f 156/2710/3771 1346/2839/3772 3823/2894/3762 1368/2903/3773
f 1346/2839/3772 1345/2838/3774 3824/2895/3763 3823/2894/3762
f 1345/2838/3774 1344/2837/3775 3825/2898/3766 3824/2895/3763
f 1344/2837/3775 155/2836/3776 1362/2904/3777 3825/2898/3766
f 3825/2898/3766 1362/2904/3777 1363/2905/3778 3828/2899/3767
f 3828/2899/3767 1363/2905/3778 1364/2906/3779 3831/2902/3770
f 3831/2902/3770 1364/2906/3779 163/2907/3780 1371/2908/3781
f 3830/2900/3768 3831/2902/3770 1371/2908/3781 1372/2909/3782
f 3829/2901/3769 3830/2900/3768 1372/2909/3782 1373/2910/3783
f 1370/2911/3784 3829/2901/3769 1373/2910/3783 164/2912/3785
f 1369/2913/3786 3826/2897/3765 3829/2901/3769 1370/2911/3784
f 1368/2903/3773 3823/2894/3762 3826/2897/3765 1369/2913/3786
f 3833/2914/3787 3834/2915/3788 3832/2916/3789 3838/2917/3790
f 3835/2918/3791 3836/2919/3792 3832/2916/3789 3834/2920/3788
f 3837/2921/3793 3838/2922/3790 3832/2916/3789 3836/2923/3792
f 4/2924/3794 1296/2925/3795 3833/2914/3787 1374/2926/3796
f 1296/2925/3795 1297/2927/3797 3834/2915/3788 3833/2914/3787
f 1374/2926/3796 3833/2914/3787 3838/2917/3790 1375/2928/3798
f 156/2710/3799 1368/2903/3800 3835/2918/3791 1298/2929/3801
f 1368/2903/3800 1369/2930/3802 3836/2919/3792 3835/2918/3791
f 1298/2929/3801 3835/2918/3791 3834/2920/3788 1297/2927/3797
f 164/2912/3803 1376/2931/3804 3837/2921/3793 1370/2932/3805
f 1376/2931/3804 1375/2928/3798 3838/2922/3790 3837/2921/3793
f 1370/2932/3805 3837/2921/3793 3836/2923/3792 1369/2930/3802
f 3839/2933/3806 3840/2934/3807 3843/2935/3808 3842/2936/3809
f 3840/2934/3807 3841/2937/3810 3844/2938/3811 3843/2935/3808
f 3842/2936/3809 3843/2935/3808 3846/2939/3812 3845/2940/3813
f 3843/2935/3808 3844/2938/3811 3847/2941/3814 3846/2939/3812
f 150/2733/3815 1310/2731/3816 3839/2933/3806 1377/2942/3817
f 1310/2731/3816 1309/2730/3818 3840/2934/3807 3839/2933/3806
f 1309/2730/3818 1308/2729/3819 3841/2937/3810 3840/2934/3807
f 1308/2729/3819 149/2728/3820 1380/2943/3821 3841/2937/3810
f 3841/2937/3810 1380/2943/3821 1381/2944/3822 3844/2938/3811
f 3844/2938/3811 1381/2944/3822 1382/2945/3823 3847/2941/3814
f 3847/2941/3814 1382/2945/3823 157/2946/3824 1383/2947/3825
f 3846/2939/3812 3847/2941/3814 1383/2947/3825 1384/2948/3826
f 3845/2940/3813 3846/2939/3812 1384/2948/3826 1385/2949/3827
f 1379/2950/3828 3845/2940/3813 1385/2949/3827 158/2951/3829
f 1378/2952/3830 3842/2936/3809 3845/2940/3813 1379/2950/3828
f 1377/2942/3817 3839/2933/3806 3842/2936/3809 1378/2952/3830
f 3848/2953/3831 3849/2954/3832 3852/2955/3833 3851/2956/3834
f 3849/2954/3832 3850/2957/3835 3853/2958/3836 3852/2955/3833
f 3851/2956/3834 3852/2955/3833 3855/2959/3837 3854/2960/3838
f 3852/2955/3833 3853/2958/3836 3856/2961/3839 3855/2959/3837
f 312/2753/3840 1316/2751/3841 3848/2953/3831 1386/2962/3842
f 1316/2751/3841 1315/2750/3843 3849/2954/3832 3848/2953/3831
f 1315/2750/3843 1314/2749/3844 3850/2957/3835 3849/2954/3832
f 1314/2749/3844 150/2748/3845 1377/2963/3846 3850/2957/3835
f 3850/2957/3835 1377/2963/3846 1378/2964/3847 3853/2958/3836
f 3853/2958/3836 1378/2964/3847 1379/2965/3848 3856/2961/3839
f 3856/2961/3839 1379/2965/3848 158/2966/3849 1389/2967/3850
f 3855/2959/3837 3856/2961/3839 1389/2967/3850 1390/2968/3851
f 3854/2960/3838 3855/2959/3837 1390/2968/3851 1391/2969/3852
f 1388/2970/3853 3854/2960/3838 1391/2969/3852 315/2971/3854
f 1387/2972/3855 3851/2956/3834 3854/2960/3838 1388/2970/3853
f 1386/2962/3842 3848/2953/3831 3851/2956/3834 1387/2972/3855
f 3857/2973/3856 3858/2974/3857 3861/2975/3858 3860/2976/3859
f 3858/2974/3857 3859/2977/3860 3862/2978/3861 3861/2975/3858
f 3860/2976/3859 3861/2975/3858 3864/2979/3862 3863/2980/3863
f 3861/2975/3858 3862/2978/3861 3865/2981/3864 3864/2979/3862
f 152/2773/3865 1325/2771/3866 3857/2973/3856 1350/2852/3867
f 1325/2771/3866 1324/2770/3868 3858/2974/3857 3857/2973/3856
f 1324/2770/3868 1323/2769/3869 3859/2977/3860 3858/2974/3857
f 1323/2769/3869 151/2768/3870 1392/2982/3871 3859/2977/3860
f 3859/2977/3860 1392/2982/3871 1393/2983/3872 3862/2978/3861
f 3862/2978/3861 1393/2983/3872 1394/2984/3873 3865/2981/3864
f 3865/2981/3864 1394/2984/3873 159/2985/3874 1395/2986/3875
f 3864/2979/3862 3865/2981/3864 1395/2986/3875 1396/2987/3876
f 3863/2980/3863 3864/2979/3862 1396/2987/3876 1397/2988/3877
f 1352/2854/3878 3863/2980/3863 1397/2988/3877 160/2855/3879
f 1351/2853/3880 3860/2976/3859 3863/2980/3863 1352/2854/3878
f 1350/2852/3867 3857/2973/3856 3860/2976/3859 1351/2853/3880
f 3867/2989/3881 3868/2990/3882 3866/2991/3883 3872/2992/3884
f 3869/2993/3885 3870/2994/3886 3866/2991/3883 3868/2995/3882
f 3871/2996/3887 3872/2997/3884 3866/2991/3883 3870/2998/3886
f 4/2999/3888 1374/3000/3889 3867/2989/3881 1398/3001/3890
f 1374/3000/3889 1375/3002/3891 3868/2990/3882 3867/2989/3881
f 1398/3001/3890 3867/2989/3881 3872/2992/3884 1399/3003/3892
f 164/2912/3893 1401/3004/3894 3869/2993/3885 1376/3005/3895
f 1401/3004/3894 1402/3006/3896 3870/2994/3886 3869/2993/3885
f 1376/3005/3895 3869/2993/3885 3868/2995/3882 1375/3002/3891
f 172/3007/3897 1400/3008/3898 3871/2996/3887 1403/3009/3899
f 1400/3008/3898 1399/3003/3892 3872/2997/3884 3871/2996/3887
f 1403/3009/3899 3871/2996/3887 3870/2998/3886 1402/3006/3896
f 3873/3010/3900 3874/3011/3901 3877/3012/3902 3876/3013/3903
f 3874/3011/3901 3875/3014/3904 3878/3015/3905 3877/3012/3902
f 3876/3013/3903 3877/3012/3902 3880/3016/3906 3879/3017/3907
f 3877/3012/3902 3878/3015/3905 3881/3018/3908 3880/3016/3906
f 158/2951/3909 1385/2949/3910 3873/3010/3900 1404/3019/3911
f 1385/2949/3910 1384/2948/3912 3874/3011/3901 3873/3010/3900
f 1384/2948/3912 1383/2947/3913 3875/3014/3904 3874/3011/3901
f 1383/2947/3913 157/2946/3914 1407/3020/3915 3875/3014/3904
f 3875/3014/3904 1407/3020/3915 1408/3021/3916 3878/3015/3905
f 3878/3015/3905 1408/3021/3916 1409/3022/3917 3881/3018/3908
f 3881/3018/3908 1409/3022/3917 165/3023/3918 1410/3024/3919
f 3880/3016/3906 3881/3018/3908 1410/3024/3919 1411/3025/3920
f 3879/3017/3907 3880/3016/3906 1411/3025/3920 1412/3026/3921
f 1406/3027/3922 3879/3017/3907 1412/3026/3921 166/3028/3923
f 1405/3029/3924 3876/3013/3903 3879/3017/3907 1406/3027/3922
f 1404/3019/3911 3873/3010/3900 3876/3013/3903 1405/3029/3924
f 3882/3030/3925 3883/3031/3926 3886/3032/3927 3885/3033/3928
f 3883/3031/3926 3884/3034/3929 3887/3035/3930 3886/3032/3927
f 3885/3033/3928 3886/3032/3927 3889/3036/3931 3888/3037/3932
f 3886/3032/3927 3887/3035/3930 3890/3038/3933 3889/3036/3931
f 315/2971/3934 1391/2969/3935 3882/3030/3925 1413/3039/3936
f 1391/2969/3935 1390/2968/3937 3883/3031/3926 3882/3030/3925
f 1390/2968/3937 1389/2967/3938 3884/3034/3929 3883/3031/3926
f 1389/2967/3938 158/2966/3939 1404/3040/3940 3884/3034/3929
f 3884/3034/3929 1404/3040/3940 1405/3041/3941 3887/3035/3930
f 3887/3035/3930 1405/3041/3941 1406/3042/3942 3890/3038/3933
f 3890/3038/3933 1406/3042/3942 166/3043/3943 1416/3044/3944
f 3889/3036/3931 3890/3038/3933 1416/3044/3944 1417/3045/3945
f 3888/3037/3932 3889/3036/3931 1417/3045/3945 1418/3046/3946
f 1415/3047/3947 3888/3037/3932 1418/3046/3946 318/3048/3948
f 1414/3049/3949 3885/3033/3928 3888/3037/3932 1415/3047/3947
f 1413/3039/3936 3882/3030/3925 3885/3033/3928 1414/3049/3949
f 3891/3050/3950 3892/3051/3951 3895/3052/3952 3894/3053/3953
f 3892/3051/3951 3893/3054/3954 3896/3055/3955 3895/3052/3952
f 3894/3053/3953 3895/3052/3952 3898/3056/3956 3897/3057/3957
f 3895/3052/3952 3896/3055/3955 3899/3058/3958 3898/3056/3956
f 160/2855/3959 1397/2988/3960 3891/3050/3950 1419/3059/3961
f 1397/2988/3960 1396/2987/3962 3892/3051/3951 3891/3050/3950
f 1396/2987/3962 1395/2986/3963 3893/3054/3954 3892/3051/3951
f 1395/2986/3963 159/2985/3964 1422/3060/3965 3893/3054/3954
f 3893/3054/3954 1422/3060/3965 1423/3061/3966 3896/3055/3955
f 3896/3055/3955 1423/3061/3966 1424/3062/3967 3899/3058/3958
f 3899/3058/3958 1424/3062/3967 167/3063/3968 1425/3064/3969
f 3898/3056/3956 3899/3058/3958 1425/3064/3969 1426/3065/3970
f 3897/3057/3957 3898/3056/3956 1426/3065/3970 1427/3066/3971
f 1421/3067/3972 3897/3057/3957 1427/3066/3971 168/3068/3973
f 1420/3069/3974 3894/3053/3953 3897/3057/3957 1421/3067/3972
f 1419/3059/3961 3891/3050/3950 3894/3053/3953 1420/3069/3974
f 3900/3070/3975 3901/3071/3976 3904/3072/3977 3903/3073/3978
f 3901/3071/3976 3902/3074/3979 3905/3075/3980 3904/3072/3977
f 3903/3073/3978 3904/3072/3977 3907/3076/3981 3906/3077/3982
f 3904/3072/3977 3905/3075/3980 3908/3078/3983 3907/3076/3981
f 161/2860/3984 1355/2858/3985 3900/3070/3975 1428/3079/3986
f 1355/2858/3985 1354/2857/3987 3901/3071/3976 3900/3070/3975
f 1354/2857/3987 1353/2856/3988 3902/3074/3979 3901/3071/3976
f 1353/2856/3988 160/2855/3989 1419/3059/3990 3902/3074/3979
f 3902/3074/3979 1419/3059/3990 1420/3069/3991 3905/3075/3980
f 3905/3075/3980 1420/3069/3991 1421/3067/3992 3908/3078/3983
f 3908/3078/3983 1421/3067/3992 168/3068/3993 1431/3080/3994
f 3907/3076/3981 3908/3078/3983 1431/3080/3994 1432/3081/3995
f 3906/3077/3982 3907/3076/3981 1432/3081/3995 1433/3082/3996
f 1430/3083/3997 3906/3077/3982 1433/3082/3996 169/3084/3998
f 1429/3085/3999 3903/3073/3978 3906/3077/3982 1430/3083/3997
f 1428/3079/3986 3900/3070/3975 3903/3073/3978 1429/3085/3999
f 3909/3086/4000 3910/3087/4001 3913/3088/4002 3912/3089/4003
f 3910/3087/4001 3911/3090/4004 3914/3091/4005 3913/3088/4002
f 3912/3089/4003 3913/3088/4002 3916/3092/4006 3915/3093/4007
f 3913/3088/4002 3914/3091/4005 3917/3094/4008 3916/3092/4006
f 162/2876/4009 1361/2874/4010 3909/3086/4000 1434/3095/4011
f 1361/2874/4010 1360/2873/4012 3910/3087/4001 3909/3086/4000
f 1360/2873/4012 1359/2872/4013 3911/3090/4004 3910/3087/4001
f 1359/2872/4013 161/2860/4014 1428/3079/4015 3911/3090/4004
f 3911/3090/4004 1428/3079/4015 1429/3085/4016 3914/3091/4005
f 3914/3091/4005 1429/3085/4016 1430/3083/4017 3917/3094/4008
f 3917/3094/4008 1430/3083/4017 169/3084/4018 1437/3096/4019
f 3916/3092/4006 3917/3094/4008 1437/3096/4019 1438/3097/4020
f 3915/3093/4007 3916/3092/4006 1438/3097/4020 1439/3098/4021
f 1436/3099/4022 3915/3093/4007 1439/3098/4021 170/3100/4023
f 1435/3101/4024 3912/3089/4003 3915/3093/4007 1436/3099/4022
f 1434/3095/4011 3909/3086/4000 3912/3089/4003 1435/3101/4024
f 3918/3102/4025 3919/3103/4026 3922/3104/4027 3921/3105/4028
f 3919/3103/4026 3920/3106/4029 3923/3107/4030 3922/3104/4027
f 3921/3105/4028 3922/3104/4027 3925/3108/4031 3924/3109/4032
f 3922/3104/4027 3923/3107/4030 3926/3110/4033 3925/3108/4031
f 163/2892/4034 1367/2890/4035 3918/3102/4025 1440/3111/4036
f 1367/2890/4035 1366/2889/4037 3919/3103/4026 3918/3102/4025
f 1366/2889/4037 1365/2888/4038 3920/3106/4029 3919/3103/4026
f 1365/2888/4038 162/2876/4039 1434/3095/4040 3920/3106/4029
f 3920/3106/4029 1434/3095/4040 1435/3101/4041 3923/3107/4030
f 3923/3107/4030 1435/3101/4041 1436/3099/4042 3926/3110/4033
f 3926/3110/4033 1436/3099/4042 170/3100/4043 1443/3112/4044
f 3925/3108/4031 3926/3110/4033 1443/3112/4044 1444/3113/4045
f 3924/3109/4032 3925/3108/4031 1444/3113/4045 1445/3114/4046
f 1442/3115/4047 3924/3109/4032 1445/3114/4046 171/3116/4048
f 1441/3117/4049 3921/3105/4028 3924/3109/4032 1442/3115/4047
f 1440/3111/4036 3918/3102/4025 3921/3105/4028 1441/3117/4049
f 3927/3118/4050 3928/3119/4051 3931/3120/4052 3930/3121/4053
f 3928/3119/4051 3929/3122/4054 3932/3123/4055 3931/3120/4052
f 3930/3121/4053 3931/3120/4052 3934/3124/4056 3933/3125/4057
f 3931/3120/4052 3932/3123/4055 3935/3126/4058 3934/3124/4056
f 164/2912/4059 1373/2910/4060 3927/3118/4050 1401/3127/4061
f 1373/2910/4060 1372/2909/4062 3928/3119/4051 3927/3118/4050
f 1372/2909/4062 1371/2908/4063 3929/3122/4054 3928/3119/4051
f 1371/2908/4063 163/2907/4064 1440/3111/4065 3929/3122/4054
f 3929/3122/4054 1440/3111/4065 1441/3128/4066 3932/3123/4055
f 3932/3123/4055 1441/3128/4066 1442/3129/4067 3935/3126/4058
f 3935/3126/4058 1442/3129/4067 171/3130/4068 1446/3131/4069
f 3934/3124/4056 3935/3126/4058 1446/3131/4069 1447/3132/4070
f 3933/3125/4057 3934/3124/4056 1447/3132/4070 1448/3133/4071
f 1403/3134/4072 3933/3125/4057 1448/3133/4071 172/3007/4073
f 1402/3135/4074 3930/3121/4053 3933/3125/4057 1403/3134/4072
f 1401/3127/4061 3927/3118/4050 3930/3121/4053 1402/3135/4074
f 3936/3136/4075 3937/3137/4076 3940/3138/4077 3939/3139/4078
f 3937/3137/4076 3938/3140/4079 3941/3141/4080 3940/3138/4077
f 3939/3139/4078 3940/3138/4077 3943/3142/4081 3942/3143/4082
f 3940/3138/4077 3941/3141/4080 3944/3144/4083 3943/3142/4081
f 170/3100/4084 1439/3098/4085 3936/3136/4075 1449/3145/4086
f 1439/3098/4085 1438/3097/4087 3937/3137/4076 3936/3136/4075
f 1438/3097/4087 1437/3096/4088 3938/3140/4079 3937/3137/4076
f 1437/3096/4088 169/3084/4089 1452/3146/4090 3938/3140/4079
f 3938/3140/4079 1452/3146/4090 1453/3147/4091 3941/3141/4080
f 3941/3141/4080 1453/3147/4091 1454/3148/4092 3944/3144/4083
f 3944/3144/4083 1454/3148/4092 177/3149/4093 1455/3150/4094
f 3943/3142/4081 3944/3144/4083 1455/3150/4094 1456/3151/4095
f 3942/3143/4082 3943/3142/4081 1456/3151/4095 1457/3152/4096
f 1451/3153/4097 3942/3143/4082 1457/3152/4096 178/3154/4098
f 1450/3155/4099 3939/3139/4078 3942/3143/4082 1451/3153/4097
f 1449/3145/4086 3936/3136/4075 3939/3139/4078 1450/3155/4099
f 3945/3156/4100 3946/3157/4101 3949/3158/4102 3948/3159/4103
f 3946/3157/4101 3947/3160/4104 3950/3161/4105 3949/3158/4102
f 3948/3159/4103 3949/3158/4102 3952/3162/4106 3951/3163/4107
f 3949/3158/4102 3950/3161/4105 3953/3164/4108 3952/3162/4106
f 171/3116/4109 1445/3114/4110 3945/3156/4100 1458/3165/4111
f 1445/3114/4110 1444/3113/4112 3946/3157/4101 3945/3156/4100
f 1444/3113/4112 1443/3112/4113 3947/3160/4104 3946/3157/4101
f 1443/3112/4113 170/3100/4114 1449/3145/4115 3947/3160/4104
f 3947/3160/4104 1449/3145/4115 1450/3155/4116 3950/3161/4105
f 3950/3161/4105 1450/3155/4116 1451/3153/4117 3953/3164/4108
f 3953/3164/4108 1451/3153/4117 178/3154/4118 1461/3166/4119
f 3952/3162/4106 3953/3164/4108 1461/3166/4119 1462/3167/4120
f 3951/3163/4107 3952/3162/4106 1462/3167/4120 1463/3168/4121
f 1460/3169/4122 3951/3163/4107 1463/3168/4121 179/3170/4123
f 1459/3171/4124 3948/3159/4103 3951/3163/4107 1460/3169/4122
f 1458/3165/4111 3945/3156/4100 3948/3159/4103 1459/3171/4124
f 3954/3172/4125 3955/3173/4126 3958/3174/4127 3957/3175/4128
f 3955/3173/4126 3956/3176/4129 3959/3177/4130 3958/3174/4127
f 3957/3175/4128 3958/3174/4127 3961/3178/4131 3960/3179/4132
f 3958/3174/4127 3959/3177/4130 3962/3180/4133 3961/3178/4131
f 172/3007/4134 1448/3133/4135 3954/3172/4125 1464/3181/4136
f 1448/3133/4135 1447/3132/4137 3955/3173/4126 3954/3172/4125
f 1447/3132/4137 1446/3131/4138 3956/3176/4129 3955/3173/4126
f 1446/3131/4138 171/3130/4139 1458/3165/4140 3956/3176/4129
f 3956/3176/4129 1458/3165/4140 1459/3182/4141 3959/3177/4130
f 3959/3177/4130 1459/3182/4141 1460/3183/4142 3962/3180/4133
f 3962/3180/4133 1460/3183/4142 179/3184/4143 1467/3185/4144
f 3961/3178/4131 3962/3180/4133 1467/3185/4144 1468/3186/4145
f 3960/3179/4132 3961/3178/4131 1468/3186/4145 1469/3187/4146
f 1466/3188/4147 3960/3179/4132 1469/3187/4146 180/3189/4148
f 1465/3190/4149 3957/3175/4128 3960/3179/4132 1466/3188/4147
f 1464/3181/4136 3954/3172/4125 3957/3175/4128 1465/3190/4149
f 3964/3191/4150 3965/3192/4151 3963/3193/4152 3969/3194/4153
f 3966/3195/4154 3967/3196/4155 3963/3193/4152 3965/3192/4151
f 3968/3197/4156 3969/3198/4153 3963/3193/4152 3967/3199/4155
f 4/3200/4157 1398/3201/4158 3964/3191/4150 1470/3202/4159
f 1398/3201/4158 1399/3203/4160 3965/3192/4151 3964/3191/4150
f 1470/3202/4159 3964/3191/4150 3969/3194/4153 1471/3204/4161
f 172/3007/4162 1464/3181/4163 3966/3195/4154 1400/3205/4164
f 1464/3181/4163 1465/3206/4165 3967/3196/4155 3966/3195/4154
f 1400/3205/4164 3966/3195/4154 3965/3192/4151 1399/3203/4160
f 180/3189/4166 1472/3207/4167 3968/3197/4156 1466/3188/4168
f 1472/3207/4167 1471/3208/4161 3969/3198/4153 3968/3197/4156
f 1466/3188/4168 3968/3197/4156 3967/3199/4155 1465/3209/4165
f 3970/3210/4169 3971/3211/4170 3974/3212/4171 3973/3213/4172
f 3971/3211/4170 3972/3214/4173 3975/3215/4174 3974/3212/4171
f 3973/3213/4172 3974/3212/4171 3977/3216/4175 3976/3217/4176
f 3974/3212/4171 3975/3215/4174 3978/3218/4177 3977/3216/4175
f 166/3028/4178 1412/3026/4179 3970/3210/4169 1473/3219/4180
f 1412/3026/4179 1411/3025/4181 3971/3211/4170 3970/3210/4169
f 1411/3025/4181 1410/3024/4182 3972/3214/4173 3971/3211/4170
f 1410/3024/4182 165/3023/4183 1476/3220/4184 3972/3214/4173
f 3972/3214/4173 1476/3220/4184 1477/3221/4185 3975/3215/4174
f 3975/3215/4174 1477/3221/4185 1478/3222/4186 3978/3218/4177
f 3978/3218/4177 1478/3222/4186 173/3223/4187 1479/3224/4188
f 3977/3216/4175 3978/3218/4177 1479/3224/4188 1480/3225/4189
f 3976/3217/4176 3977/3216/4175 1480/3225/4189 1481/3226/4190
f 1475/3227/4191 3976/3217/4176 1481/3226/4190 174/3228/4192
f 1474/3229/4193 3973/3213/4172 3976/3217/4176 1475/3227/4191
f 1473/3219/4180 3970/3210/4169 3973/3213/4172 1474/3229/4193
f 3979/3230/4194 3980/3231/4195 3983/3232/4196 3982/3233/4197
f 3980/3231/4195 3981/3234/4198 3984/3235/4199 3983/3232/4196
f 3982/3233/4197 3983/3232/4196 3986/3236/4200 3985/3237/4201
f 3983/3232/4196 3984/3235/4199 3987/3238/4202 3986/3236/4200
f 318/3048/4203 1418/3046/4204 3979/3230/4194 1482/3239/4205
f 1418/3046/4204 1417/3045/4206 3980/3231/4195 3979/3230/4194
f 1417/3045/4206 1416/3044/4207 3981/3234/4198 3980/3231/4195
f 1416/3044/4207 166/3043/4208 1473/3240/4209 3981/3234/4198
f 3981/3234/4198 1473/3240/4209 1474/3229/4210 3984/3235/4199
f 3984/3235/4199 1474/3229/4210 1475/3241/4211 3987/3238/4202
f 3987/3238/4202 1475/3241/4211 174/3242/4212 1485/3243/4213
f 3986/3236/4200 3987/3238/4202 1485/3243/4213 1486/3244/4214
f 3985/3237/4201 3986/3236/4200 1486/3244/4214 1487/3245/4215
f 1484/3246/4216 3985/3237/4201 1487/3245/4215 321/3247/4217
f 1483/3248/4218 3982/3233/4197 3985/3237/4201 1484/3246/4216
f 1482/3239/4205 3979/3230/4194 3982/3233/4197 1483/3248/4218
f 3988/3249/4219 3989/3250/4220 3992/3251/4221 3991/3252/4222
f 3989/3250/4220 3990/3253/4223 3993/3254/4224 3992/3251/4221
f 3991/3252/4222 3992/3251/4221 3995/3255/4225 3994/3256/4226
f 3992/3251/4221 3993/3254/4224 3996/3257/4227 3995/3255/4225
f 168/3068/4228 1427/3066/4229 3988/3249/4219 1488/3258/4230
f 1427/3066/4229 1426/3065/4231 3989/3250/4220 3988/3249/4219
f 1426/3065/4231 1425/3064/4232 3990/3253/4223 3989/3250/4220
f 1425/3064/4232 167/3063/4233 1491/3259/4234 3990/3253/4223
f 3990/3253/4223 1491/3259/4234 1492/3260/4235 3993/3254/4224
f 3993/3254/4224 1492/3260/4235 1493/3261/4236 3996/3257/4227
f 3996/3257/4227 1493/3261/4236 175/3262/4237 1494/3263/4238
f 3995/3255/4225 3996/3257/4227 1494/3263/4238 1495/3264/4239
f 3994/3256/4226 3995/3255/4225 1495/3264/4239 1496/3265/4240
f 1490/3266/4241 3994/3256/4226 1496/3265/4240 176/3267/4242
f 1489/3268/4243 3991/3252/4222 3994/3256/4226 1490/3266/4241
f 1488/3258/4230 3988/3249/4219 3991/3252/4222 1489/3268/4243
f 3997/3269/4244 3998/3270/4245 4001/3271/4246 4000/3272/4247
f 3998/3270/4245 3999/3273/4248 4002/3274/4249 4001/3271/4246
f 4000/3272/4247 4001/3271/4246 4004/3275/4250 4003/3276/4251
f 4001/3271/4246 4002/3274/4249 4005/3277/4252 4004/3275/4250
f 169/3084/4253 1433/3082/4254 3997/3269/4244 1452/3146/4255
f 1433/3082/4254 1432/3081/4256 3998/3270/4245 3997/3269/4244
f 1432/3081/4256 1431/3080/4257 3999/3273/4248 3998/3270/4245
f 1431/3080/4257 168/3068/4258 1488/3258/4259 3999/3273/4248
f 3999/3273/4248 1488/3258/4259 1489/3268/4260 4002/3274/4249
f 4002/3274/4249 1489/3268/4260 1490/3266/4261 4005/3277/4252
f 4005/3277/4252 1490/3266/4261 176/3267/4262 1497/3278/4263
f 4004/3275/4250 4005/3277/4252 1497/3278/4263 1498/3279/4264
f 4003/3276/4251 4004/3275/4250 1498/3279/4264 1499/3280/4265
f 1454/3148/4266 4003/3276/4251 1499/3280/4265 177/3149/4267
f 1453/3147/4268 4000/3272/4247 4003/3276/4251 1454/3148/4266
f 1452/3146/4255 3997/3269/4244 4000/3272/4247 1453/3147/4268
f 4006/3281/4269 4007/3282/4270 4010/3283/4271 4009/3284/4272
f 4007/3282/4270 4008/3285/4273 4011/3286/4274 4010/3283/4271
f 4009/3284/4272 4010/3283/4271 4013/3287/4275 4012/3288/4276
f 4010/3283/4271 4011/3286/4274 4014/3289/4277 4013/3287/4275
f 174/3228/4278 1481/3226/4279 4006/3281/4269 1500/3290/4280
f 1481/3226/4279 1480/3225/4281 4007/3282/4270 4006/3281/4269
f 1480/3225/4281 1479/3224/4282 4008/3285/4273 4007/3282/4270
f 1479/3224/4282 173/3223/4283 1503/3291/4284 4008/3285/4273
f 4008/3285/4273 1503/3291/4284 1504/3292/4285 4011/3286/4274
f 4011/3286/4274 1504/3292/4285 1505/3293/4286 4014/3289/4277
f 4014/3289/4277 1505/3293/4286 181/3294/4287 1506/3295/4288
f 4013/3287/4275 4014/3289/4277 1506/3295/4288 1507/3296/4289
f 4012/3288/4276 4013/3287/4275 1507/3296/4289 1508/3297/4290
f 1502/3298/4291 4012/3288/4276 1508/3297/4290 182/3299/4292
f 1501/3300/4293 4009/3284/4272 4012/3288/4276 1502/3298/4291
f 1500/3290/4280 4006/3281/4269 4009/3284/4272 1501/3300/4293
f 4015/3301/4294 4016/3302/4295 4019/3303/4296 4018/3304/4297
f 4016/3302/4295 4017/3305/4298 4020/3306/4299 4019/3303/4296
f 4018/3304/4297 4019/3303/4296 4022/3307/4300 4021/3308/4301
f 4019/3303/4296 4020/3306/4299 4023/3309/4302 4022/3307/4300
f 321/3247/4303 1487/3245/4304 4015/3301/4294 1509/3310/4305
f 1487/3245/4304 1486/3244/4306 4016/3302/4295 4015/3301/4294
f 1486/3244/4306 1485/3243/4307 4017/3305/4298 4016/3302/4295
f 1485/3243/4307 174/3242/4308 1500/3311/4309 4017/3305/4298
f 4017/3305/4298 1500/3311/4309 1501/3300/4310 4020/3306/4299
f 4020/3306/4299 1501/3300/4310 1502/3312/4311 4023/3309/4302
f 4023/3309/4302 1502/3312/4311 182/3313/4312 1512/3314/4313
f 4022/3307/4300 4023/3309/4302 1512/3314/4313 1513/3315/4314
f 4021/3308/4301 4022/3307/4300 1513/3315/4314 1514/3316/4315
f 1511/3317/4316 4021/3308/4301 1514/3316/4315 324/3318/4317
f 1510/3319/4318 4018/3304/4297 4021/3308/4301 1511/3317/4316
f 1509/3310/4305 4015/3301/4294 4018/3304/4297 1510/3319/4318
f 4024/3320/4319 4025/3321/4320 4028/3322/4321 4027/3323/4322
f 4025/3321/4320 4026/3324/4323 4029/3325/4324 4028/3322/4321
f 4027/3323/4322 4028/3322/4321 4031/3326/4325 4030/3327/4326
f 4028/3322/4321 4029/3325/4324 4032/3328/4327 4031/3326/4325
f 176/3267/4328 1496/3265/4329 4024/3320/4319 1515/3329/4330
f 1496/3265/4329 1495/3264/4331 4025/3321/4320 4024/3320/4319
f 1495/3264/4331 1494/3263/4332 4026/3324/4323 4025/3321/4320
f 1494/3263/4332 175/3262/4333 1518/3330/4334 4026/3324/4323
f 4026/3324/4323 1518/3330/4334 1519/3331/4335 4029/3325/4324
f 4029/3325/4324 1519/3331/4335 1520/3332/4336 4032/3328/4327
f 4032/3328/4327 1520/3332/4336 183/3333/4337 1521/3334/4338
f 4031/3326/4325 4032/3328/4327 1521/3334/4338 1522/3335/4339
f 4030/3327/4326 4031/3326/4325 1522/3335/4339 1523/3336/4340
f 1517/3337/4341 4030/3327/4326 1523/3336/4340 184/3338/4342
f 1516/3339/4343 4027/3323/4322 4030/3327/4326 1517/3337/4341
f 1515/3329/4330 4024/3320/4319 4027/3323/4322 1516/3339/4343
f 4033/3340/4344 4034/3341/4345 4037/3342/4346 4036/3343/4347
f 4034/3341/4345 4035/3344/4348 4038/3345/4349 4037/3342/4346
f 4036/3343/4347 4037/3342/4346 4040/3346/4350 4039/3347/4351
f 4037/3342/4346 4038/3345/4349 4041/3348/4352 4040/3346/4350
f 177/3149/4353 1499/3280/4354 4033/3340/4344 1524/3349/4355
f 1499/3280/4354 1498/3279/4356 4034/3341/4345 4033/3340/4344
f 1498/3279/4356 1497/3278/4357 4035/3344/4348 4034/3341/4345
f 1497/3278/4357 176/3267/4358 1515/3329/4359 4035/3344/4348
f 4035/3344/4348 1515/3329/4359 1516/3339/4360 4038/3345/4349
f 4038/3345/4349 1516/3339/4360 1517/3337/4361 4041/3348/4352
f 4041/3348/4352 1517/3337/4361 184/3338/4362 1527/3350/4363
f 4040/3346/4350 4041/3348/4352 1527/3350/4363 1528/3351/4364
f 4039/3347/4351 4040/3346/4350 1528/3351/4364 1529/3352/4365
f 1526/3353/4366 4039/3347/4351 1529/3352/4365 185/3354/4367
f 1525/3355/4368 4036/3343/4347 4039/3347/4351 1526/3353/4366
f 1524/3349/4355 4033/3340/4344 4036/3343/4347 1525/3355/4368
f 4042/3356/4369 4043/3357/4370 4046/3358/4371 4045/3359/4372
f 4043/3357/4370 4044/3360/4373 4047/3361/4374 4046/3358/4371
f 4045/3359/4372 4046/3358/4371 4049/3362/4375 4048/3363/4376
f 4046/3358/4371 4047/3361/4374 4050/3364/4377 4049/3362/4375
f 178/3154/4378 1457/3152/4379 4042/3356/4369 1530/3365/4380
f 1457/3152/4379 1456/3151/4381 4043/3357/4370 4042/3356/4369
f 1456/3151/4381 1455/3150/4382 4044/3360/4373 4043/3357/4370
f 1455/3150/4382 177/3149/4383 1524/3349/4384 4044/3360/4373
f 4044/3360/4373 1524/3349/4384 1525/3355/4385 4047/3361/4374
f 4047/3361/4374 1525/3355/4385 1526/3353/4386 4050/3364/4377
f 4050/3364/4377 1526/3353/4386 185/3354/4387 1533/3366/4388
f 4049/3362/4375 4050/3364/4377 1533/3366/4388 1534/3367/4389
f 4048/3363/4376 4049/3362/4375 1534/3367/4389 1535/3368/4390
f 1532/3369/4391 4048/3363/4376 1535/3368/4390 186/3370/4392
f 1531/3371/4393 4045/3359/4372 4048/3363/4376 1532/3369/4391
f 1530/3365/4380 4042/3356/4369 4045/3359/4372 1531/3371/4393
f 4051/3372/4394 4052/3373/4395 4055/3374/4396 4054/3375/4397
f 4052/3373/4395 4053/3376/4398 4056/3377/4399 4055/3374/4396
f 4054/3375/4397 4055/3374/4396 4058/3378/4400 4057/3379/4401
f 4055/3374/4396 4056/3377/4399 4059/3380/4402 4058/3378/4400
f 179/3170/4403 1463/3168/4404 4051/3372/4394 1536/3381/4405
f 1463/3168/4404 1462/3167/4406 4052/3373/4395 4051/3372/4394
f 1462/3167/4406 1461/3166/4407 4053/3376/4398 4052/3373/4395
f 1461/3166/4407 178/3154/4408 1530/3365/4409 4053/3376/4398
f 4053/3376/4398 1530/3365/4409 1531/3371/4410 4056/3377/4399
f 4056/3377/4399 1531/3371/4410 1532/3369/4411 4059/3380/4402
f 4059/3380/4402 1532/3369/4411 186/3370/4412 1539/3382/4413
f 4058/3378/4400 4059/3380/4402 1539/3382/4413 1540/3383/4414
f 4057/3379/4401 4058/3378/4400 1540/3383/4414 1541/3384/4415
f 1538/3385/4416 4057/3379/4401 1541/3384/4415 187/3386/4417
f 1537/3387/4418 4054/3375/4397 4057/3379/4401 1538/3385/4416
f 1536/3381/4405 4051/3372/4394 4054/3375/4397 1537/3387/4418
f 4060/3388/4419 4061/3389/4420 4064/3390/4421 4063/3391/4422
f 4061/3389/4420 4062/3392/4423 4065/3393/4424 4064/3390/4421
f 4063/3391/4422 4064/3390/4421 4067/3394/4425 4066/3395/4426
f 4064/3390/4421 4065/3393/4424 4068/3396/4427 4067/3394/4425
f 180/3189/4428 1469/3187/4429 4060/3388/4419 1542/3397/4430
f 1469/3187/4429 1468/3186/4431 4061/3389/4420 4060/3388/4419
f 1468/3186/4431 1467/3185/4432 4062/3392/4423 4061/3389/4420
f 1467/3185/4432 179/3184/4433 1536/3398/4434 4062/3392/4423
f 4062/3392/4423 1536/3398/4434 1537/3399/4435 4065/3393/4424
f 4065/3393/4424 1537/3399/4435 1538/3400/4436 4068/3396/4427
f 4068/3396/4427 1538/3400/4436 187/3401/4437 1545/3402/4438
f 4067/3394/4425 4068/3396/4427 1545/3402/4438 1546/3403/4439
f 4066/3395/4426 4067/3394/4425 1546/3403/4439 1547/3404/4440
f 1544/3405/4441 4066/3395/4426 1547/3404/4440 188/3406/4442
f 1543/3407/4443 4063/3391/4422 4066/3395/4426 1544/3405/4441
f 1542/3397/4430 4060/3388/4419 4063/3391/4422 1543/3407/4443
f 4070/3408/4444 4071/3409/4445 4069/3410/4446 4075/3411/4447
f 4072/3412/4448 4073/3413/4449 4069/3410/4446 4071/3414/4445
f 4074/3415/4450 4075/3416/4447 4069/3410/4446 4073/3417/4449
f 4/3418/4451 1470/3419/4452 4070/3408/4444 1548/3420/4453
f 1470/3419/4452 1471/3421/4454 4071/3409/4445 4070/3408/4444
f 1548/3420/4453 4070/3408/4444 4075/3411/4447 1549/3422/4455
f 180/3189/4456 1542/3423/4457 4072/3412/4448 1472/3424/4458
f 1542/3423/4457 1543/3425/4459 4073/3413/4449 4072/3412/4448
f 1472/3424/4458 4072/3412/4448 4071/3414/4445 1471/3421/4454
f 188/3406/4460 1550/3426/4461 4074/3415/4450 1544/3427/4462
f 1550/3426/4461 1549/3428/4455 4075/3416/4447 4074/3415/4450
f 1544/3427/4462 4074/3415/4450 4073/3417/4449 1543/3429/4459
f 4076/3430/4463 4077/3431/4464 4080/3432/4465 4079/3433/4466
f 4077/3431/4464 4078/3434/4467 4081/3435/4468 4080/3432/4465
f 4079/3433/4466 4080/3432/4465 4083/3436/4469 4082/3437/4470
f 4080/3432/4465 4081/3435/4468 4084/3438/4471 4083/3436/4469
f 186/3370/4472 1535/3439/4473 4076/3430/4463 1551/3440/4474
f 1535/3439/4473 1534/3441/4475 4077/3431/4464 4076/3430/4463
f 1534/3441/4475 1533/3442/4476 4078/3434/4467 4077/3431/4464
f 1533/3442/4476 185/3443/4477 1554/3444/4478 4078/3434/4467
f 4078/3434/4467 1554/3444/4478 1555/3445/4479 4081/3435/4468
f 4081/3435/4468 1555/3445/4479 1556/3446/4480 4084/3438/4471
f 4084/3438/4471 1556/3446/4480 193/3447/4481 1557/3448/4482
f 4083/3436/4469 4084/3438/4471 1557/3448/4482 1558/3449/4483
f 4082/3437/4470 4083/3436/4469 1558/3449/4483 1559/3450/4484
f 1553/3451/4485 4082/3437/4470 1559/3450/4484 194/3452/4486
f 1552/3453/4487 4079/3433/4466 4082/3437/4470 1553/3451/4485
f 1551/3440/4474 4076/3430/4463 4079/3433/4466 1552/3453/4487
f 4085/3454/4488 4086/3455/4489 4089/3456/4490 4088/3457/4491
f 4086/3455/4489 4087/3458/4492 4090/3459/4493 4089/3456/4490
f 4088/3457/4491 4089/3456/4490 4092/3460/4494 4091/3461/4495
f 4089/3456/4490 4090/3459/4493 4093/3462/4496 4092/3460/4494
f 187/3401/4497 1541/3463/4498 4085/3454/4488 1560/3464/4499
f 1541/3463/4498 1540/3383/4500 4086/3455/4489 4085/3454/4488
f 1540/3383/4500 1539/3465/4501 4087/3458/4492 4086/3455/4489
f 1539/3465/4501 186/3370/4502 1551/3440/4503 4087/3458/4492
f 4087/3458/4492 1551/3440/4503 1552/3453/4504 4090/3459/4493
f 4090/3459/4493 1552/3453/4504 1553/3451/4505 4093/3462/4496
f 4093/3462/4496 1553/3451/4505 194/3452/4506 1563/3466/4507
f 4092/3460/4494 4093/3462/4496 1563/3466/4507 1564/3467/4508
f 4091/3461/4495 4092/3460/4494 1564/3467/4508 1565/3468/4509
f 1562/3469/4510 4091/3461/4495 1565/3468/4509 195/3470/4511
f 1561/3471/4512 4088/3457/4491 4091/3461/4495 1562/3469/4510
f 1560/3464/4499 4085/3454/4488 4088/3457/4491 1561/3471/4512
f 4094/3472/4513 4095/3473/4514 4098/3474/4515 4097/3475/4516
f 4095/3473/4514 4096/3476/4517 4099/3477/4518 4098/3474/4515
f 4097/3475/4516 4098/3474/4515 4101/3478/4519 4100/3479/4520
f 4098/3474/4515 4099/3477/4518 4102/3480/4521 4101/3478/4519
f 188/3406/4522 1547/3404/4523 4094/3472/4513 1566/3481/4524
f 1547/3404/4523 1546/3403/4525 4095/3473/4514 4094/3472/4513
f 1546/3403/4525 1545/3402/4526 4096/3476/4517 4095/3473/4514
f 1545/3402/4526 187/3401/4527 1560/3464/4528 4096/3476/4517
f 4096/3476/4517 1560/3464/4528 1561/3471/4529 4099/3477/4518
f 4099/3477/4518 1561/3471/4529 1562/3469/4530 4102/3480/4521
f 4102/3480/4521 1562/3469/4530 195/3470/4531 1569/3482/4532
f 4101/3478/4519 4102/3480/4521 1569/3482/4532 1570/3483/4533
f 4100/3479/4520 4101/3478/4519 1570/3483/4533 1571/3484/4534
f 1568/3485/4535 4100/3479/4520 1571/3484/4534 196/3486/4536
f 1567/3487/4537 4097/3475/4516 4100/3479/4520 1568/3485/4535
f 1566/3481/4524 4094/3472/4513 4097/3475/4516 1567/3487/4537
f 4104/3488/4538 4105/3489/4539 4103/3490/4540 4109/3491/4541
f 4106/3492/4542 4107/3493/4543 4103/3490/4540 4105/3494/4539
f 4108/3495/4544 4109/3496/4541 4103/3490/4540 4107/3497/4543
f 4/3498/4545 1548/3499/4546 4104/3488/4538 1572/3500/4547
f 1548/3499/4546 1549/3501/4548 4105/3489/4539 4104/3488/4538
f 1572/3500/4547 4104/3488/4538 4109/3491/4541 1573/3502/4549
f 188/3406/4550 1566/3503/4551 4106/3492/4542 1550/3504/4552
f 1566/3503/4551 1567/3505/4553 4107/3493/4543 4106/3492/4542
f 1550/3504/4552 4106/3492/4542 4105/3494/4539 1549/3506/4548
f 196/3486/4554 1574/3507/4555 4108/3495/4544 1568/3508/4556
f 1574/3507/4555 1573/3502/4549 4109/3496/4541 4108/3495/4544
f 1568/3508/4556 4108/3495/4544 4107/3497/4543 1567/3505/4553
f 4110/3509/4557 4111/3510/4558 4114/3511/4559 4113/3512/4560
f 4111/3510/4558 4112/3513/4561 4115/3514/4562 4114/3511/4559
f 4113/3512/4560 4114/3511/4559 4117/3515/4563 4116/3516/4564
f 4114/3511/4559 4115/3514/4562 4118/3517/4565 4117/3515/4563
f 182/3299/4566 1508/3297/4567 4110/3509/4557 1575/3518/4568
f 1508/3297/4567 1507/3296/4569 4111/3510/4558 4110/3509/4557
f 1507/3296/4569 1506/3295/4570 4112/3513/4561 4111/3510/4558
f 1506/3295/4570 181/3294/4571 1578/3519/4572 4112/3513/4561
f 4112/3513/4561 1578/3519/4572 1579/3520/4573 4115/3514/4562
f 4115/3514/4562 1579/3520/4573 1580/3521/4574 4118/3517/4565
f 4118/3517/4565 1580/3521/4574 189/3522/4575 1581/3523/4576
f 4117/3515/4563 4118/3517/4565 1581/3523/4576 1582/3524/4577
f 4116/3516/4564 4117/3515/4563 1582/3524/4577 1583/3525/4578
f 1577/3526/4579 4116/3516/4564 1583/3525/4578 190/3527/4580
f 1576/3528/4581 4113/3512/4560 4116/3516/4564 1577/3526/4579
f 1575/3518/4568 4110/3509/4557 4113/3512/4560 1576/3528/4581
f 4119/3529/4582 4120/3530/4583 4123/3531/4584 4122/3532/4585
f 4120/3530/4583 4121/3533/4586 4124/3534/4587 4123/3531/4584
f 4122/3532/4585 4123/3531/4584 4126/3535/4588 4125/3536/4589
f 4123/3531/4584 4124/3534/4587 4127/3537/4590 4126/3535/4588
f 324/3538/4591 1514/3539/4592 4119/3529/4582 1584/3540/4593
f 1514/3539/4592 1513/3541/4594 4120/3530/4583 4119/3529/4582
f 1513/3541/4594 1512/3542/4595 4121/3533/4586 4120/3530/4583
f 1512/3542/4595 182/3299/4596 1575/3518/4597 4121/3533/4586
f 4121/3533/4586 1575/3518/4597 1576/3528/4598 4124/3534/4587
f 4124/3534/4587 1576/3528/4598 1577/3526/4599 4127/3537/4590
f 4127/3537/4590 1577/3526/4599 190/3527/4600 1587/3543/4601
f 4126/3535/4588 4127/3537/4590 1587/3543/4601 1588/3544/4602
f 4125/3536/4589 4126/3535/4588 1588/3544/4602 1589/3545/4603
f 1586/3546/4604 4125/3536/4589 1589/3545/4603 327/3547/4605
f 1585/3548/4606 4122/3532/4585 4125/3536/4589 1586/3546/4604
f 1584/3540/4593 4119/3529/4582 4122/3532/4585 1585/3548/4606
f 4128/3549/4607 4129/3550/4608 4132/3551/4609 4131/3552/4610
f 4129/3550/4608 4130/3553/4611 4133/3554/4612 4132/3551/4609
f 4131/3552/4610 4132/3551/4609 4135/3555/4613 4134/3556/4614
f 4132/3551/4609 4133/3554/4612 4136/3557/4615 4135/3555/4613
f 184/3558/4616 1523/3559/4617 4128/3549/4607 1590/3560/4618
f 1523/3559/4617 1522/3335/4619 4129/3550/4608 4128/3549/4607
f 1522/3335/4619 1521/3561/4620 4130/3553/4611 4129/3550/4608
f 1521/3561/4620 183/3562/4621 1593/3563/4622 4130/3553/4611
f 4130/3553/4611 1593/3563/4622 1594/3564/4623 4133/3554/4612
f 4133/3554/4612 1594/3564/4623 1595/3565/4624 4136/3557/4615
f 4136/3557/4615 1595/3565/4624 191/3566/4625 1596/3567/4626
f 4135/3555/4613 4136/3557/4615 1596/3567/4626 1597/3568/4627
f 4134/3556/4614 4135/3555/4613 1597/3568/4627 1598/3569/4628
f 1592/3570/4629 4134/3556/4614 1598/3569/4628 192/3571/4630
f 1591/3572/4631 4131/3552/4610 4134/3556/4614 1592/3570/4629
f 1590/3560/4618 4128/3549/4607 4131/3552/4610 1591/3572/4631
f 4137/3573/4632 4138/3574/4633 4141/3575/4634 4140/3576/4635
f 4138/3574/4633 4139/3577/4636 4142/3578/4637 4141/3575/4634
f 4140/3576/4635 4141/3575/4634 4144/3579/4638 4143/3580/4639
f 4141/3575/4634 4142/3578/4637 4145/3581/4640 4144/3579/4638
f 185/3443/4641 1529/3582/4642 4137/3573/4632 1554/3444/4643
f 1529/3582/4642 1528/3351/4644 4138/3574/4633 4137/3573/4632
f 1528/3351/4644 1527/3583/4645 4139/3577/4636 4138/3574/4633
f 1527/3583/4645 184/3558/4646 1590/3560/4647 4139/3577/4636
f 4139/3577/4636 1590/3560/4647 1591/3572/4648 4142/3578/4637
f 4142/3578/4637 1591/3572/4648 1592/3570/4649 4145/3581/4640
f 4145/3581/4640 1592/3570/4649 192/3571/4650 1599/3584/4651
f 4144/3579/4638 4145/3581/4640 1599/3584/4651 1600/3585/4652
f 4143/3580/4639 4144/3579/4638 1600/3585/4652 1601/3586/4653
f 1556/3446/4654 4143/3580/4639 1601/3586/4653 193/3447/4655
f 1555/3445/4656 4140/3576/4635 4143/3580/4639 1556/3446/4654
f 1554/3444/4643 4137/3573/4632 4140/3576/4635 1555/3445/4656
f 4146/3587/4657 4147/3588/4658 4150/3589/4659 4149/3590/4660
f 4147/3588/4658 4148/3591/4661 4151/3592/4662 4150/3589/4659
f 4149/3590/4660 4150/3589/4659 4153/3593/4663 4152/3594/4664
f 4150/3589/4659 4151/3592/4662 4154/3595/4665 4153/3593/4663
f 327/3596/4666 1589/3597/4667 4146/3587/4657 1602/3598/4668
f 1589/3597/4667 1588/3599/4669 4147/3588/4658 4146/3587/4657
f 1588/3599/4669 1587/3600/4670 4148/3591/4661 4147/3588/4658
f 1587/3600/4670 190/3601/4671 1605/3602/4672 4148/3591/4661
f 4148/3591/4661 1605/3602/4672 1606/3603/4673 4151/3592/4662
f 4151/3592/4662 1606/3603/4673 1607/3604/4674 4154/3595/4665
f 4154/3595/4665 1607/3604/4674 198/3605/4675 1608/3606/4676
f 4153/3593/4663 4154/3595/4665 1608/3606/4676 1609/3607/4677
f 4152/3594/4664 4153/3593/4663 1609/3607/4677 1610/3608/4678
f 1604/3609/4679 4152/3594/4664 1610/3608/4678 330/3610/4680
f 1603/3611/4681 4149/3590/4660 4152/3594/4664 1604/3609/4679
f 1602/3598/4668 4146/3587/4657 4149/3590/4660 1603/3611/4681
f 4155/3612/4682 4156/3613/4683 4159/3614/4684 4158/3615/4685
f 4156/3613/4683 4157/3616/4686 4160/3617/4687 4159/3614/4684
f 4158/3615/4685 4159/3614/4684 4162/3618/4688 4161/3619/4689
f 4159/3614/4684 4160/3617/4687 4163/3620/4690 4162/3618/4688
f 192/3621/4691 1598/3622/4692 4155/3612/4682 1611/3623/4693
f 1598/3622/4692 1597/3624/4694 4156/3613/4683 4155/3612/4682
f 1597/3624/4694 1596/3625/4695 4157/3616/4686 4156/3613/4683
f 1596/3625/4695 191/3626/4696 1614/3627/4697 4157/3616/4686
f 4157/3616/4686 1614/3627/4697 1615/3628/4698 4160/3617/4687
f 4160/3617/4687 1615/3628/4698 1616/3629/4699 4163/3620/4690
f 4163/3620/4690 1616/3629/4699 199/3630/4700 1617/3631/4701
f 4162/3618/4688 4163/3620/4690 1617/3631/4701 1618/3632/4702
f 4161/3619/4689 4162/3618/4688 1618/3632/4702 1619/3633/4703
f 1613/3634/4704 4161/3619/4689 1619/3633/4703 200/3635/4705
f 1612/3636/4706 4158/3615/4685 4161/3619/4689 1613/3634/4704
f 1611/3623/4693 4155/3612/4682 4158/3615/4685 1612/3636/4706
f 4164/3637/4707 4165/3638/4708 4168/3639/4709 4167/3640/4710
f 4165/3638/4708 4166/3641/4711 4169/3642/4712 4168/3639/4709
f 4167/3640/4710 4168/3639/4709 4171/3643/4713 4170/3644/4714
f 4168/3639/4709 4169/3642/4712 4172/3645/4715 4171/3643/4713
f 193/3646/4716 1601/3647/4717 4164/3637/4707 1620/3648/4718
f 1601/3647/4717 1600/3649/4719 4165/3638/4708 4164/3637/4707
f 1600/3649/4719 1599/3650/4720 4166/3641/4711 4165/3638/4708
f 1599/3650/4720 192/3621/4721 1611/3623/4722 4166/3641/4711
f 4166/3641/4711 1611/3623/4722 1612/3636/4723 4169/3642/4712
f 4169/3642/4712 1612/3636/4723 1613/3634/4724 4172/3645/4715
f 4172/3645/4715 1613/3634/4724 200/3635/4725 1623/3651/4726
f 4171/3643/4713 4172/3645/4715 1623/3651/4726 1624/3652/4727
f 4170/3644/4714 4171/3643/4713 1624/3652/4727 1625/3653/4728
f 1622/3654/4729 4170/3644/4714 1625/3653/4728 201/3655/4730
f 1621/3656/4731 4167/3640/4710 4170/3644/4714 1622/3654/4729
f 1620/3648/4718 4164/3637/4707 4167/3640/4710 1621/3656/4731
f 4173/3657/4732 4174/3658/4733 4177/3659/4734 4176/3660/4735
f 4174/3658/4733 4175/3661/4736 4178/3662/4737 4177/3659/4734
f 4176/3660/4735 4177/3659/4734 4180/3663/4738 4179/3664/4739
f 4177/3659/4734 4178/3662/4737 4181/3665/4740 4180/3663/4738
f 194/3666/4741 1559/3667/4742 4173/3657/4732 1626/3668/4743
f 1559/3667/4742 1558/3669/4744 4174/3658/4733 4173/3657/4732
f 1558/3669/4744 1557/3670/4745 4175/3661/4736 4174/3658/4733
f 1557/3670/4745 193/3646/4746 1620/3648/4747 4175/3661/4736
f 4175/3661/4736 1620/3648/4747 1621/3656/4748 4178/3662/4737
f 4178/3662/4737 1621/3656/4748 1622/3654/4749 4181/3665/4740
f 4181/3665/4740 1622/3654/4749 201/3655/4750 1629/3671/4751
f 4180/3663/4738 4181/3665/4740 1629/3671/4751 1630/3672/4752
f 4179/3664/4739 4180/3663/4738 1630/3672/4752 1631/3673/4753
f 1628/3674/4754 4179/3664/4739 1631/3673/4753 202/3675/4755
f 1627/3676/4756 4176/3660/4735 4179/3664/4739 1628/3674/4754
f 1626/3668/4743 4173/3657/4732 4176/3660/4735 1627/3676/4756
f 4182/3677/4757 4183/3678/4758 4186/3679/4759 4185/3680/4760
f 4183/3678/4758 4184/3681/4761 4187/3682/4762 4186/3679/4759
f 4185/3680/4760 4186/3679/4759 4189/3683/4763 4188/3684/4764
f 4186/3679/4759 4187/3682/4762 4190/3685/4765 4189/3683/4763
f 195/3686/4766 1565/3687/4767 4182/3677/4757 1632/3688/4768
f 1565/3687/4767 1564/3689/4769 4183/3678/4758 4182/3677/4757
f 1564/3689/4769 1563/3690/4770 4184/3681/4761 4183/3678/4758
f 1563/3690/4770 194/3666/4771 1626/3668/4772 4184/3681/4761
f 4184/3681/4761 1626/3668/4772 1627/3676/4773 4187/3682/4762
f 4187/3682/4762 1627/3676/4773 1628/3674/4774 4190/3685/4765
f 4190/3685/4765 1628/3674/4774 202/3675/4775 1635/3691/4776
f 4189/3683/4763 4190/3685/4765 1635/3691/4776 1636/3692/4777
f 4188/3684/4764 4189/3683/4763 1636/3692/4777 1637/3693/4778
f 1634/3694/4779 4188/3684/4764 1637/3693/4778 203/3695/4780
f 1633/3696/4781 4185/3680/4760 4188/3684/4764 1634/3694/4779
f 1632/3688/4768 4182/3677/4757 4185/3680/4760 1633/3696/4781
f 4191/3697/4782 4192/3698/4783 4195/3699/4784 4194/3700/4785
f 4192/3698/4783 4193/3701/4786 4196/3702/4787 4195/3699/4784
f 4194/3700/4785 4195/3699/4784 4198/3703/4788 4197/3704/4789
f 4195/3699/4784 4196/3702/4787 4199/3705/4790 4198/3703/4788
f 196/3706/4791 1571/3707/4792 4191/3697/4782 1638/3708/4793
f 1571/3707/4792 1570/3709/4794 4192/3698/4783 4191/3697/4782
f 1570/3709/4794 1569/3710/4795 4193/3701/4786 4192/3698/4783
f 1569/3710/4795 195/3686/4796 1632/3688/4797 4193/3701/4786
f 4193/3701/4786 1632/3688/4797 1633/3696/4798 4196/3702/4787
f 4196/3702/4787 1633/3696/4798 1634/3694/4799 4199/3705/4790
f 4199/3705/4790 1634/3694/4799 203/3695/4800 1641/3711/4801
f 4198/3703/4788 4199/3705/4790 1641/3711/4801 1642/3712/4802
f 4197/3704/4789 4198/3703/4788 1642/3712/4802 1643/3713/4803
f 1640/3714/4804 4197/3704/4789 1643/3713/4803 204/3715/4805
f 1639/3716/4806 4194/3700/4785 4197/3704/4789 1640/3714/4804
f 1638/3708/4793 4191/3697/4782 4194/3700/4785 1639/3716/4806
f 4201/3717/4807 4202/3718/4808 4200/3719/4809 4206/3720/4810
f 4203/3721/4811 4204/3722/4812 4200/3719/4809 4202/3723/4808
f 4205/3724/4813 4206/3725/4810 4200/3719/4809 4204/3726/4812
f 4/3727/4814 1572/3728/4815 4201/3717/4807 1644/3729/4816
f 1572/3728/4815 1573/3730/4817 4202/3718/4808 4201/3717/4807
f 1644/3729/4816 4201/3717/4807 4206/3720/4810 1645/3731/4818
f 196/3706/4819 1638/3732/4820 4203/3721/4811 1574/3733/4821
f 1638/3732/4820 1639/3734/4822 4204/3722/4812 4203/3721/4811
f 1574/3733/4821 4203/3721/4811 4202/3723/4808 1573/3730/4817
f 204/3715/4823 1646/3735/4824 4205/3724/4813 1640/3714/4825
f 1646/3735/4824 1645/3731/4818 4206/3725/4810 4205/3724/4813
f 1640/3714/4825 4205/3724/4813 4204/3726/4812 1639/3736/4822
f 4207/3737/4826 4208/3738/4827 4211/3739/4828 4210/3740/4829
f 4208/3738/4827 4209/3741/4830 4212/3742/4831 4211/3739/4828
f 4210/3740/4829 4211/3739/4828 4214/3743/4832 4213/3744/4833
f 4211/3739/4828 4212/3742/4831 4215/3745/4834 4214/3743/4832
f 190/3601/4835 1583/3746/4836 4207/3737/4826 1605/3602/4837
f 1583/3746/4836 1582/3747/4838 4208/3738/4827 4207/3737/4826
f 1582/3747/4838 1581/3748/4839 4209/3741/4830 4208/3738/4827
f 1581/3748/4839 189/3749/4840 1647/3750/4841 4209/3741/4830
f 4209/3741/4830 1647/3750/4841 1648/3751/4842 4212/3742/4831
f 4212/3742/4831 1648/3751/4842 1649/3752/4843 4215/3745/4834
f 4215/3745/4834 1649/3752/4843 197/3753/4844 1650/3754/4845
f 4214/3743/4832 4215/3745/4834 1650/3754/4845 1651/3755/4846
f 4213/3744/4833 4214/3743/4832 1651/3755/4846 1652/3756/4847
f 1607/3604/4848 4213/3744/4833 1652/3756/4847 198/3605/4849
f 1606/3603/4850 4210/3740/4829 4213/3744/4833 1607/3604/4848
f 1605/3602/4837 4207/3737/4826 4210/3740/4829 1606/3603/4850
f 4216/3757/4851 4217/3758/4852 4220/3759/4853 4219/3760/4854
f 4217/3758/4852 4218/3761/4855 4221/3762/4856 4220/3759/4853
f 4219/3760/4854 4220/3759/4853 4223/3763/4857 4222/3764/4858
f 4220/3759/4853 4221/3762/4856 4224/3765/4859 4223/3763/4857
f 203/3766/4860 1637/3767/4861 4216/3757/4851 1653/3768/4862
f 1637/3767/4861 1636/3769/4863 4217/3758/4852 4216/3757/4851
f 1636/3769/4863 1635/3770/4864 4218/3761/4855 4217/3758/4852
f 1635/3770/4864 202/3771/4865 1656/3772/4866 4218/3761/4855
f 4218/3761/4855 1656/3772/4866 1657/3773/4867 4221/3762/4856
f 4221/3762/4856 1657/3773/4867 1658/3774/4868 4224/3765/4859
f 4224/3765/4859 1658/3774/4868 210/3775/4869 1659/3776/4870
f 4223/3763/4857 4224/3765/4859 1659/3776/4870 1660/3777/4871
f 4222/3764/4858 4223/3763/4857 1660/3777/4871 1661/3778/4872
f 1655/3779/4873 4222/3764/4858 1661/3778/4872 211/3780/4874
f 1654/3781/4875 4219/3760/4854 4222/3764/4858 1655/3779/4873
f 1653/3768/4862 4216/3757/4851 4219/3760/4854 1654/3781/4875
f 4225/3782/4876 4226/3783/4877 4229/3784/4878 4228/3785/4879
f 4226/3783/4877 4227/3786/4880 4230/3787/4881 4229/3784/4878
f 4228/3785/4879 4229/3784/4878 4232/3788/4882 4231/3789/4883
f 4229/3784/4878 4230/3787/4881 4233/3790/4884 4232/3788/4882
f 204/3715/4885 1643/3713/4886 4225/3782/4876 1662/3791/4887
f 1643/3713/4886 1642/3712/4888 4226/3783/4877 4225/3782/4876
f 1642/3712/4888 1641/3711/4889 4227/3786/4880 4226/3783/4877
f 1641/3711/4889 203/3695/4890 1653/3768/4891 4227/3786/4880
f 4227/3786/4880 1653/3768/4891 1654/3792/4892 4230/3787/4881
f 4230/3787/4881 1654/3792/4892 1655/3793/4893 4233/3790/4884
f 4233/3790/4884 1655/3793/4893 211/3794/4894 1665/3795/4895
f 4232/3788/4882 4233/3790/4884 1665/3795/4895 1666/3796/4896
f 4231/3789/4883 4232/3788/4882 1666/3796/4896 1667/3797/4897
f 1664/3798/4898 4231/3789/4883 1667/3797/4897 212/3799/4899
f 1663/3800/4900 4228/3785/4879 4231/3789/4883 1664/3798/4898
f 1662/3791/4887 4225/3782/4876 4228/3785/4879 1663/3800/4900
f 4235/3801/4901 4236/3802/4902 4234/3803/4903 4240/3804/4904
f 4237/3805/4905 4238/3806/4906 4234/3803/4903 4236/3807/4902
f 4239/3808/4907 4240/3809/4904 4234/3803/4903 4238/3810/4906
f 4/3811/4908 1644/3812/4909 4235/3801/4901 1668/3813/4910
f 1644/3812/4909 1645/3814/4911 4236/3802/4902 4235/3801/4901
f 1668/3813/4910 4235/3801/4901 4240/3804/4904 1669/3815/4912
f 204/3715/4913 1662/3816/4914 4237/3805/4905 1646/3817/4915
f 1662/3816/4914 1663/3818/4916 4238/3806/4906 4237/3805/4905
f 1646/3817/4915 4237/3805/4905 4236/3807/4902 1645/3814/4911
f 212/3799/4917 1670/3819/4918 4239/3808/4907 1664/3820/4919
f 1670/3819/4918 1669/3815/4912 4240/3809/4904 4239/3808/4907
f 1664/3820/4919 4239/3808/4907 4238/3810/4906 1663/3821/4916
f 4241/3822/4920 4242/3823/4921 4245/3824/4922 4244/3825/4923
f 4242/3823/4921 4243/3826/4924 4246/3827/4925 4245/3824/4922
f 4244/3825/4923 4245/3824/4922 4248/3828/4926 4247/3829/4927
f 4245/3824/4922 4246/3827/4925 4249/3830/4928 4248/3828/4926
f 198/3605/4929 1652/3756/4930 4241/3822/4920 1671/3831/4931
f 1652/3756/4930 1651/3755/4932 4242/3823/4921 4241/3822/4920
f 1651/3755/4932 1650/3754/4933 4243/3826/4924 4242/3823/4921
f 1650/3754/4933 197/3753/4934 1674/3832/4935 4243/3826/4924
f 4243/3826/4924 1674/3832/4935 1675/3833/4936 4246/3827/4925
f 4246/3827/4925 1675/3833/4936 1676/3834/4937 4249/3830/4928
f 4249/3830/4928 1676/3834/4937 205/3835/4938 1677/3836/4939
f 4248/3828/4926 4249/3830/4928 1677/3836/4939 1678/3837/4940
f 4247/3829/4927 4248/3828/4926 1678/3837/4940 1679/3838/4941
f 1673/3839/4942 4247/3829/4927 1679/3838/4941 206/3840/4943
f 1672/3841/4944 4244/3825/4923 4247/3829/4927 1673/3839/4942
f 1671/3831/4931 4241/3822/4920 4244/3825/4923 1672/3841/4944
f 4250/3842/4945 4251/3843/4946 4254/3844/4947 4253/3845/4948
f 4251/3843/4946 4252/3846/4949 4255/3847/4950 4254/3844/4947
f 4253/3845/4948 4254/3844/4947 4257/3848/4951 4256/3849/4952
f 4254/3844/4947 4255/3847/4950 4258/3850/4953 4257/3848/4951
f 330/3851/4954 1610/3852/4955 4250/3842/4945 1680/3853/4956
f 1610/3852/4955 1609/3854/4957 4251/3843/4946 4250/3842/4945
f 1609/3854/4957 1608/3855/4958 4252/3846/4949 4251/3843/4946
f 1608/3855/4958 198/3856/4959 1671/3857/4960 4252/3846/4949
f 4252/3846/4949 1671/3857/4960 1672/3841/4961 4255/3847/4950
f 4255/3847/4950 1672/3841/4961 1673/3858/4962 4258/3850/4953
f 4258/3850/4953 1673/3858/4962 206/3859/4963 1683/3860/4964
f 4257/3848/4951 4258/3850/4953 1683/3860/4964 1684/3861/4965
f 4256/3849/4952 4257/3848/4951 1684/3861/4965 1685/3862/4966
f 1682/3863/4967 4256/3849/4952 1685/3862/4966 333/3864/4968
f 1681/3865/4969 4253/3845/4948 4256/3849/4952 1682/3863/4967
f 1680/3853/4956 4250/3842/4945 4253/3845/4948 1681/3865/4969
f 4259/3866/4970 4260/3867/4971 4263/3868/4972 4262/3869/4973
f 4260/3867/4971 4261/3870/4974 4264/3871/4975 4263/3868/4972
f 4262/3869/4973 4263/3868/4972 4266/3872/4976 4265/3873/4977
f 4263/3868/4972 4264/3871/4975 4267/3874/4978 4266/3872/4976
f 200/3875/4979 1619/3876/4980 4259/3866/4970 1686/3877/4981
f 1619/3876/4980 1618/3878/4982 4260/3867/4971 4259/3866/4970
f 1618/3878/4982 1617/3879/4983 4261/3870/4974 4260/3867/4971
f 1617/3879/4983 199/3880/4984 1689/3881/4985 4261/3870/4974
f 4261/3870/4974 1689/3881/4985 1690/3882/4986 4264/3871/4975
f 4264/3871/4975 1690/3882/4986 1691/3883/4987 4267/3874/4978
f 4267/3874/4978 1691/3883/4987 207/3884/4988 1692/3885/4989
f 4266/3872/4976 4267/3874/4978 1692/3885/4989 1693/3886/4990
f 4265/3873/4977 4266/3872/4976 1693/3886/4990 1694/3887/4991
f 1688/3888/4992 4265/3873/4977 1694/3887/4991 208/3889/4993
f 1687/3890/4994 4262/3869/4973 4265/3873/4977 1688/3888/4992
f 1686/3877/4981 4259/3866/4970 4262/3869/4973 1687/3890/4994
f 4268/3891/4995 4269/3892/4996 4272/3893/4997 4271/3894/4998
f 4269/3892/4996 4270/3895/4999 4273/3896/5000 4272/3893/4997
f 4271/3894/4998 4272/3893/4997 4275/3897/5001 4274/3898/5002
f 4272/3893/4997 4273/3896/5000 4276/3899/5003 4275/3897/5001
f 201/3900/5004 1625/3901/5005 4268/3891/4995 1695/3902/5006
f 1625/3901/5005 1624/3903/5007 4269/3892/4996 4268/3891/4995
f 1624/3903/5007 1623/3904/5008 4270/3895/4999 4269/3892/4996
f 1623/3904/5008 200/3875/5009 1686/3877/5010 4270/3895/4999
f 4270/3895/4999 1686/3877/5010 1687/3890/5011 4273/3896/5000
f 4273/3896/5000 1687/3890/5011 1688/3888/5012 4276/3899/5003
f 4276/3899/5003 1688/3888/5012 208/3889/5013 1698/3905/5014
f 4275/3897/5001 4276/3899/5003 1698/3905/5014 1699/3906/5015
f 4274/3898/5002 4275/3897/5001 1699/3906/5015 1700/3907/5016
f 1697/3908/5017 4274/3898/5002 1700/3907/5016 209/3909/5018
f 1696/3910/5019 4271/3894/4998 4274/3898/5002 1697/3908/5017
f 1695/3902/5006 4268/3891/4995 4271/3894/4998 1696/3910/5019
f 4277/3911/5020 4278/3912/5021 4281/3913/5022 4280/3914/5023
f 4278/3912/5021 4279/3915/5024 4282/3916/5025 4281/3913/5022
f 4280/3914/5023 4281/3913/5022 4284/3917/5026 4283/3918/5027
f 4281/3913/5022 4282/3916/5025 4285/3919/5028 4284/3917/5026
f 202/3771/5029 1631/3920/5030 4277/3911/5020 1656/3772/5031
f 1631/3920/5030 1630/3921/5032 4278/3912/5021 4277/3911/5020
f 1630/3921/5032 1629/3922/5033 4279/3915/5024 4278/3912/5021
f 1629/3922/5033 201/3900/5034 1695/3902/5035 4279/3915/5024
f 4279/3915/5024 1695/3902/5035 1696/3910/5036 4282/3916/5025
f 4282/3916/5025 1696/3910/5036 1697/3908/5037 4285/3919/5028
f 4285/3919/5028 1697/3908/5037 209/3909/5038 1701/3923/5039
f 4284/3917/5026 4285/3919/5028 1701/3923/5039 1702/3924/5040
f 4283/3918/5027 4284/3917/5026 1702/3924/5040 1703/3925/5041
f 1658/3774/5042 4283/3918/5027 1703/3925/5041 210/3775/5043
f 1657/3773/5044 4280/3914/5023 4283/3918/5027 1658/3774/5042
f 1656/3772/5031 4277/3911/5020 4280/3914/5023 1657/3773/5044
f 4286/3926/5045 4287/3927/5046 4290/3928/5047 4289/3929/5048
f 4287/3927/5046 4288/3930/5049 4291/3931/5050 4290/3928/5047
f 4289/3929/5048 4290/3928/5047 4293/3932/5051 4292/3933/5052
f 4290/3928/5047 4291/3931/5050 4294/3934/5053 4293/3932/5051
f 208/3889/5054 1694/3887/5055 4286/3926/5045 1704/3935/5056
f 1694/3887/5055 1693/3886/5057 4287/3927/5046 4286/3926/5045
f 1693/3886/5057 1692/3885/5058 4288/3930/5049 4287/3927/5046
f 1692/3885/5058 207/3884/5059 1707/3936/5060 4288/3930/5049
f 4288/3930/5049 1707/3936/5060 1708/3937/5061 4291/3931/5050
f 4291/3931/5050 1708/3937/5061 1709/3938/5062 4294/3934/5053
f 4294/3934/5053 1709/3938/5062 215/3939/5063 1710/3940/5064
f 4293/3932/5051 4294/3934/5053 1710/3940/5064 1711/3941/5065
f 4292/3933/5052 4293/3932/5051 1711/3941/5065 1712/3942/5066
f 1706/3943/5067 4292/3933/5052 1712/3942/5066 216/3944/5068
f 1705/3945/5069 4289/3929/5048 4292/3933/5052 1706/3943/5067
f 1704/3935/5056 4286/3926/5045 4289/3929/5048 1705/3945/5069
f 4295/3946/5070 4296/3947/5071 4299/3948/5072 4298/3949/5073
f 4296/3947/5071 4297/3950/5074 4300/3951/5075 4299/3948/5072
f 4298/3949/5073 4299/3948/5072 4302/3952/5076 4301/3953/5077
f 4299/3948/5072 4300/3951/5075 4303/3954/5078 4302/3952/5076
f 209/3909/5079 1700/3907/5080 4295/3946/5070 1713/3955/5081
f 1700/3907/5080 1699/3906/5082 4296/3947/5071 4295/3946/5070
f 1699/3906/5082 1698/3905/5083 4297/3950/5074 4296/3947/5071
f 1698/3905/5083 208/3889/5084 1704/3935/5085 4297/3950/5074
f 4297/3950/5074 1704/3935/5085 1705/3945/5086 4300/3951/5075
f 4300/3951/5075 1705/3945/5086 1706/3943/5087 4303/3954/5078
f 4303/3954/5078 1706/3943/5087 216/3944/5088 1716/3956/5089
f 4302/3952/5076 4303/3954/5078 1716/3956/5089 1717/3957/5090
f 4301/3953/5077 4302/3952/5076 1717/3957/5090 1718/3958/5091
f 1715/3959/5092 4301/3953/5077 1718/3958/5091 217/3960/5093
f 1714/3961/5094 4298/3949/5073 4301/3953/5077 1715/3959/5092
f 1713/3955/5081 4295/3946/5070 4298/3949/5073 1714/3961/5094
f 4304/3962/5095 4305/3963/5096 4308/3964/5097 4307/3965/5098
f 4305/3963/5096 4306/3966/5099 4309/3967/5100 4308/3964/5097
f 4307/3965/5098 4308/3964/5097 4311/3968/5101 4310/3969/5102
f 4308/3964/5097 4309/3967/5100 4312/3970/5103 4311/3968/5101
f 210/3775/5104 1703/3925/5105 4304/3962/5095 1719/3971/5106
f 1703/3925/5105 1702/3924/5107 4305/3963/5096 4304/3962/5095
f 1702/3924/5107 1701/3923/5108 4306/3966/5099 4305/3963/5096
f 1701/3923/5108 209/3909/5109 1713/3955/5110 4306/3966/5099
f 4306/3966/5099 1713/3955/5110 1714/3961/5111 4309/3967/5100
f 4309/3967/5100 1714/3961/5111 1715/3959/5112 4312/3970/5103
f 4312/3970/5103 1715/3959/5112 217/3960/5113 1722/3972/5114
f 4311/3968/5101 4312/3970/5103 1722/3972/5114 1723/3973/5115
f 4310/3969/5102 4311/3968/5101 1723/3973/5115 1724/3974/5116
f 1721/3975/5117 4310/3969/5102 1724/3974/5116 218/3976/5118
f 1720/3977/5119 4307/3965/5098 4310/3969/5102 1721/3975/5117
f 1719/3971/5106 4304/3962/5095 4307/3965/5098 1720/3977/5119
f 4313/3978/5120 4314/3979/5121 4317/3980/5122 4316/3981/5123
f 4314/3979/5121 4315/3982/5124 4318/3983/5125 4317/3980/5122
f 4316/3981/5123 4317/3980/5122 4320/3984/5126 4319/3985/5127
f 4317/3980/5122 4318/3983/5125 4321/3986/5128 4320/3984/5126
f 211/3780/5129 1661/3778/5130 4313/3978/5120 1725/3987/5131
f 1661/3778/5130 1660/3777/5132 4314/3979/5121 4313/3978/5120
f 1660/3777/5132 1659/3776/5133 4315/3982/5124 4314/3979/5121
f 1659/3776/5133 210/3775/5134 1719/3971/5135 4315/3982/5124
f 4315/3982/5124 1719/3971/5135 1720/3977/5136 4318/3983/5125
f 4318/3983/5125 1720/3977/5136 1721/3975/5137 4321/3986/5128
f 4321/3986/5128 1721/3975/5137 218/3976/5138 1728/3988/5139
f 4320/3984/5126 4321/3986/5128 1728/3988/5139 1729/3989/5140
f 4319/3985/5127 4320/3984/5126 1729/3989/5140 1730/3990/5141
f 1727/3991/5142 4319/3985/5127 1730/3990/5141 219/3992/5143
f 1726/3993/5144 4316/3981/5123 4319/3985/5127 1727/3991/5142
f 1725/3987/5131 4313/3978/5120 4316/3981/5123 1726/3993/5144
f 4322/3994/5145 4323/3995/5146 4326/3996/5147 4325/3997/5148
f 4323/3995/5146 4324/3998/5149 4327/3999/5150 4326/3996/5147
f 4325/3997/5148 4326/3996/5147 4329/4000/5151 4328/4001/5152
f 4326/3996/5147 4327/3999/5150 4330/4002/5153 4329/4000/5151
f 212/3799/5154 1667/3797/5155 4322/3994/5145 1731/4003/5156
f 1667/3797/5155 1666/3796/5157 4323/3995/5146 4322/3994/5145
f 1666/3796/5157 1665/3795/5158 4324/3998/5149 4323/3995/5146
f 1665/3795/5158 211/3794/5159 1725/3987/5160 4324/3998/5149
f 4324/3998/5149 1725/3987/5160 1726/4004/5161 4327/3999/5150
f 4327/3999/5150 1726/4004/5161 1727/4005/5162 4330/4002/5153
f 4330/4002/5153 1727/4005/5162 219/4006/5163 1734/4007/5164
f 4329/4000/5151 4330/4002/5153 1734/4007/5164 1735/4008/5165
f 4328/4001/5152 4329/4000/5151 1735/4008/5165 1736/4009/5166
f 1733/4010/5167 4328/4001/5152 1736/4009/5166 220/4011/5168
f 1732/4012/5169 4325/3997/5148 4328/4001/5152 1733/4010/5167
f 1731/4003/5156 4322/3994/5145 4325/3997/5148 1732/4012/5169
f 4332/4013/5170 4333/4014/5171 4331/4015/5172 4337/4016/5173
f 4334/4017/5174 4335/4018/5175 4331/4015/5172 4333/4019/5171
f 4336/4020/5176 4337/4021/5173 4331/4015/5172 4335/4022/5175
f 4/4023/5177 1668/4024/5178 4332/4013/5170 1737/4025/5179
f 1668/4024/5178 1669/4026/5180 4333/4014/5171 4332/4013/5170
f 1737/4025/5179 4332/4013/5170 4337/4016/5173 1738/4027/5181
f 212/3799/5182 1731/4003/5183 4334/4017/5174 1670/4028/5184
f 1731/4003/5183 1732/4029/5185 4335/4018/5175 4334/4017/5174
f 1670/4028/5184 4334/4017/5174 4333/4019/5171 1669/4026/5180
f 220/4011/5186 1739/4030/5187 4336/4020/5176 1733/4031/5188
f 1739/4030/5187 1738/4027/5181 4337/4021/5173 4336/4020/5176
f 1733/4031/5188 4336/4020/5176 4335/4022/5175 1732/4029/5185
f 4338/4032/5189 4339/4033/5190 4342/4034/5191 4341/4035/5192
f 4339/4033/5190 4340/4036/5193 4343/4037/5194 4342/4034/5191
f 4341/4035/5192 4342/4034/5191 4345/4038/5195 4344/4039/5196
f 4342/4034/5191 4343/4037/5194 4346/4040/5197 4345/4038/5195
f 206/3840/5198 1679/3838/5199 4338/4032/5189 1740/4041/5200
f 1679/3838/5199 1678/3837/5201 4339/4033/5190 4338/4032/5189
f 1678/3837/5201 1677/3836/5202 4340/4036/5193 4339/4033/5190
f 1677/3836/5202 205/3835/5203 1743/4042/5204 4340/4036/5193
f 4340/4036/5193 1743/4042/5204 1744/4043/5205 4343/4037/5194
f 4343/4037/5194 1744/4043/5205 1745/4044/5206 4346/4040/5197
f 4346/4040/5197 1745/4044/5206 213/4045/5207 1746/4046/5208
f 4345/4038/5195 4346/4040/5197 1746/4046/5208 1747/4047/5209
f 4344/4039/5196 4345/4038/5195 1747/4047/5209 1748/4048/5210
f 1742/4049/5211 4344/4039/5196 1748/4048/5210 214/4050/5212
f 1741/4051/5213 4341/4035/5192 4344/4039/5196 1742/4049/5211
f 1740/4041/5200 4338/4032/5189 4341/4035/5192 1741/4051/5213
f 4347/4052/5214 4348/4053/5215 4351/4054/5216 4350/4055/5217
f 4348/4053/5215 4349/4056/5218 4352/4057/5219 4351/4054/5216
f 4350/4055/5217 4351/4054/5216 4354/4058/5220 4353/4059/5221
f 4351/4054/5216 4352/4057/5219 4355/4060/5222 4354/4058/5220
f 333/3864/5223 1685/3862/5224 4347/4052/5214 1749/4061/5225
f 1685/3862/5224 1684/3861/5226 4348/4053/5215 4347/4052/5214
f 1684/3861/5226 1683/3860/5227 4349/4056/5218 4348/4053/5215
f 1683/3860/5227 206/3859/5228 1740/4062/5229 4349/4056/5218
f 4349/4056/5218 1740/4062/5229 1741/4051/5230 4352/4057/5219
f 4352/4057/5219 1741/4051/5230 1742/4063/5231 4355/4060/5222
f 4355/4060/5222 1742/4063/5231 214/4064/5232 1752/4065/5233
f 4354/4058/5220 4355/4060/5222 1752/4065/5233 1753/4066/5234
f 4353/4059/5221 4354/4058/5220 1753/4066/5234 1754/4067/5235
f 1751/4068/5236 4353/4059/5221 1754/4067/5235 336/4069/5237
f 1750/4070/5238 4350/4055/5217 4353/4059/5221 1751/4068/5236
f 1749/4061/5225 4347/4052/5214 4350/4055/5217 1750/4070/5238
f 4356/4071/5239 4357/4072/5240 4360/4073/5241 4359/4074/5242
f 4357/4072/5240 4358/4075/5243 4361/4076/5244 4360/4073/5241
f 4359/4074/5242 4360/4073/5241 4363/4077/5245 4362/4078/5246
f 4360/4073/5241 4361/4076/5244 4364/4079/5247 4363/4077/5245
f 220/4011/5248 1736/4009/5249 4356/4071/5239 1755/4080/5250
f 1736/4009/5249 1735/4008/5251 4357/4072/5240 4356/4071/5239
f 1735/4008/5251 1734/4007/5252 4358/4075/5243 4357/4072/5240
f 1734/4007/5252 219/4006/5253 1758/4081/5254 4358/4075/5243
f 4358/4075/5243 1758/4081/5254 1759/4082/5255 4361/4076/5244
f 4361/4076/5244 1759/4082/5255 1760/4083/5256 4364/4079/5247
f 4364/4079/5247 1760/4083/5256 227/4084/5257 1761/4085/5258
f 4363/4077/5245 4364/4079/5247 1761/4085/5258 1762/4086/5259
f 4362/4078/5246 4363/4077/5245 1762/4086/5259 1763/4087/5260
f 1757/4088/5261 4362/4078/5246 1763/4087/5260 228/4089/5262
f 1756/4090/5263 4359/4074/5242 4362/4078/5246 1757/4088/5261
f 1755/4080/5250 4356/4071/5239 4359/4074/5242 1756/4090/5263
f 4366/4091/5264 4367/4092/5265 4365/4093/5266 4371/4094/5267
f 4368/4095/5268 4369/4096/5269 4365/4093/5266 4367/4097/5265
f 4370/4098/5270 4371/4099/5267 4365/4093/5266 4369/4100/5269
f 4/4101/5271 1737/4102/5272 4366/4091/5264 1764/4103/5273
f 1737/4102/5272 1738/4104/5274 4367/4092/5265 4366/4091/5264
f 1764/4103/5273 4366/4091/5264 4371/4094/5267 1765/4105/5275
f 220/4011/5276 1755/4106/5277 4368/4095/5268 1739/4107/5278
f 1755/4106/5277 1756/4108/5279 4369/4096/5269 4368/4095/5268
f 1739/4107/5278 4368/4095/5268 4367/4097/5265 1738/4104/5274
f 228/4089/5280 1766/4109/5281 4370/4098/5270 1757/4110/5282
f 1766/4109/5281 1765/4105/5275 4371/4099/5267 4370/4098/5270
f 1757/4110/5282 4370/4098/5270 4369/4100/5269 1756/4108/5279
f 4372/4111/5283 4373/4112/5284 4376/4113/5285 4375/4114/5286
f 4373/4112/5284 4374/4115/5287 4377/4116/5288 4376/4113/5285
f 4375/4114/5286 4376/4113/5285 4379/4117/5289 4378/4118/5290
f 4376/4113/5285 4377/4116/5288 4380/4119/5291 4379/4117/5289
f 214/4050/5292 1748/4048/5293 4372/4111/5283 1767/4120/5294
f 1748/4048/5293 1747/4047/5295 4373/4112/5284 4372/4111/5283
f 1747/4047/5295 1746/4046/5296 4374/4115/5287 4373/4112/5284
f 1746/4046/5296 213/4045/5297 1770/4121/5298 4374/4115/5287
f 4374/4115/5287 1770/4121/5298 1771/4122/5299 4377/4116/5288
f 4377/4116/5288 1771/4122/5299 1772/4123/5300 4380/4119/5291
f 4380/4119/5291 1772/4123/5300 221/4124/5301 1773/4125/5302
f 4379/4117/5289 4380/4119/5291 1773/4125/5302 1774/4126/5303
f 4378/4118/5290 4379/4117/5289 1774/4126/5303 1775/4127/5304
f 1769/4128/5305 4378/4118/5290 1775/4127/5304 222/4129/5306
f 1768/4130/5307 4375/4114/5286 4378/4118/5290 1769/4128/5305
f 1767/4120/5294 4372/4111/5283 4375/4114/5286 1768/4130/5307
f 4381/4131/5308 4382/4132/5309 4385/4133/5310 4384/4134/5311
f 4382/4132/5309 4383/4135/5312 4386/4136/5313 4385/4133/5310
f 4384/4134/5311 4385/4133/5310 4388/4137/5314 4387/4138/5315
f 4385/4133/5310 4386/4136/5313 4389/4139/5316 4388/4137/5314
f 336/4069/5317 1754/4067/5318 4381/4131/5308 1776/4140/5319
f 1754/4067/5318 1753/4066/5320 4382/4132/5309 4381/4131/5308
f 1753/4066/5320 1752/4065/5321 4383/4135/5312 4382/4132/5309
f 1752/4065/5321 214/4064/5322 1767/4141/5323 4383/4135/5312
f 4383/4135/5312 1767/4141/5323 1768/4130/5324 4386/4136/5313
f 4386/4136/5313 1768/4130/5324 1769/4142/5325 4389/4139/5316
f 4389/4139/5316 1769/4142/5325 222/4143/5326 1779/4144/5327
f 4388/4137/5314 4389/4139/5316 1779/4144/5327 1780/4145/5328
f 4387/4138/5315 4388/4137/5314 1780/4145/5328 1781/4146/5329
f 1778/4147/5330 4387/4138/5315 1781/4146/5329 339/4148/5331
f 1777/4149/5332 4384/4134/5311 4387/4138/5315 1778/4147/5330
f 1776/4140/5319 4381/4131/5308 4384/4134/5311 1777/4149/5332
f 4390/4150/5333 4391/4151/5334 4394/4152/5335 4393/4153/5336
f 4391/4151/5334 4392/4154/5337 4395/4155/5338 4394/4152/5335
f 4393/4153/5336 4394/4152/5335 4397/4156/5339 4396/4157/5340
f 4394/4152/5335 4395/4155/5338 4398/4158/5341 4397/4156/5339
f 216/3944/5342 1712/3942/5343 4390/4150/5333 1782/4159/5344
f 1712/3942/5343 1711/3941/5345 4391/4151/5334 4390/4150/5333
f 1711/3941/5345 1710/3940/5346 4392/4154/5337 4391/4151/5334
f 1710/3940/5346 215/3939/5347 1785/4160/5348 4392/4154/5337
f 4392/4154/5337 1785/4160/5348 1786/4161/5349 4395/4155/5338
f 4395/4155/5338 1786/4161/5349 1787/4162/5350 4398/4158/5341
f 4398/4158/5341 1787/4162/5350 223/4163/5351 1788/4164/5352
f 4397/4156/5339 4398/4158/5341 1788/4164/5352 1789/4165/5353
f 4396/4157/5340 4397/4156/5339 1789/4165/5353 1790/4166/5354
f 1784/4167/5355 4396/4157/5340 1790/4166/5354 224/4168/5356
f 1783/4169/5357 4393/4153/5336 4396/4157/5340 1784/4167/5355
f 1782/4159/5344 4390/4150/5333 4393/4153/5336 1783/4169/5357
f 4399/4170/5358 4400/4171/5359 4403/4172/5360 4402/4173/5361
f 4400/4171/5359 4401/4174/5362 4404/4175/5363 4403/4172/5360
f 4402/4173/5361 4403/4172/5360 4406/4176/5364 4405/4177/5365
f 4403/4172/5360 4404/4175/5363 4407/4178/5366 4406/4176/5364
f 217/3960/5367 1718/3958/5368 4399/4170/5358 1791/4179/5369
f 1718/3958/5368 1717/3957/5370 4400/4171/5359 4399/4170/5358
f 1717/3957/5370 1716/3956/5371 4401/4174/5362 4400/4171/5359
f 1716/3956/5371 216/3944/5372 1782/4159/5373 4401/4174/5362
f 4401/4174/5362 1782/4159/5373 1783/4169/5374 4404/4175/5363
f 4404/4175/5363 1783/4169/5374 1784/4167/5375 4407/4178/5366
f 4407/4178/5366 1784/4167/5375 224/4168/5376 1794/4180/5377
f 4406/4176/5364 4407/4178/5366 1794/4180/5377 1795/4181/5378
f 4405/4177/5365 4406/4176/5364 1795/4181/5378 1796/4182/5379
f 1793/4183/5380 4405/4177/5365 1796/4182/5379 225/4184/5381
f 1792/4185/5382 4402/4173/5361 4405/4177/5365 1793/4183/5380
f 1791/4179/5369 4399/4170/5358 4402/4173/5361 1792/4185/5382
f 4408/4186/5383 4409/4187/5384 4412/4188/5385 4411/4189/5386
f 4409/4187/5384 4410/4190/5387 4413/4191/5388 4412/4188/5385
f 4411/4189/5386 4412/4188/5385 4415/4192/5389 4414/4193/5390
f 4412/4188/5385 4413/4191/5388 4416/4194/5391 4415/4192/5389
f 218/3976/5392 1724/3974/5393 4408/4186/5383 1797/4195/5394
f 1724/3974/5393 1723/3973/5395 4409/4187/5384 4408/4186/5383
f 1723/3973/5395 1722/3972/5396 4410/4190/5387 4409/4187/5384
f 1722/3972/5396 217/3960/5397 1791/4179/5398 4410/4190/5387
f 4410/4190/5387 1791/4179/5398 1792/4185/5399 4413/4191/5388
f 4413/4191/5388 1792/4185/5399 1793/4183/5400 4416/4194/5391
f 4416/4194/5391 1793/4183/5400 225/4184/5401 1800/4196/5402
f 4415/4192/5389 4416/4194/5391 1800/4196/5402 1801/4197/5403
f 4414/4193/5390 4415/4192/5389 1801/4197/5403 1802/4198/5404
f 1799/4199/5405 4414/4193/5390 1802/4198/5404 226/4200/5406
f 1798/4201/5407 4411/4189/5386 4414/4193/5390 1799/4199/5405
f 1797/4195/5394 4408/4186/5383 4411/4189/5386 1798/4201/5407
f 4417/4202/5408 4418/4203/5409 4421/4204/5410 4420/4205/5411
f 4418/4203/5409 4419/4206/5412 4422/4207/5413 4421/4204/5410
f 4420/4205/5411 4421/4204/5410 4424/4208/5414 4423/4209/5415
f 4421/4204/5410 4422/4207/5413 4425/4210/5416 4424/4208/5414
f 219/3992/5417 1730/3990/5418 4417/4202/5408 1758/4211/5419
f 1730/3990/5418 1729/3989/5420 4418/4203/5409 4417/4202/5408
f 1729/3989/5420 1728/3988/5421 4419/4206/5412 4418/4203/5409
f 1728/3988/5421 218/3976/5422 1797/4195/5423 4419/4206/5412
f 4419/4206/5412 1797/4195/5423 1798/4201/5424 4422/4207/5413
f 4422/4207/5413 1798/4201/5424 1799/4199/5425 4425/4210/5416
f 4425/4210/5416 1799/4199/5425 226/4200/5426 1803/4212/5427
f 4424/4208/5414 4425/4210/5416 1803/4212/5427 1804/4213/5428
f 4423/4209/5415 4424/4208/5414 1804/4213/5428 1805/4214/5429
f 1760/4215/5430 4423/4209/5415 1805/4214/5429 227/4216/5431
f 1759/4217/5432 4420/4205/5411 4423/4209/5415 1760/4215/5430
f 1758/4211/5419 4417/4202/5408 4420/4205/5411 1759/4217/5432
f 4426/4218/5433 4427/4219/5434 4430/4220/5435 4429/4221/5436
f 4427/4219/5434 4428/4222/5437 4431/4223/5438 4430/4220/5435
f 4429/4221/5436 4430/4220/5435 4433/4224/5439 4432/4225/5440
f 4430/4220/5435 4431/4223/5438 4434/4226/5441 4433/4224/5439
f 224/4168/5442 1790/4166/5443 4426/4218/5433 1806/4227/5444
f 1790/4166/5443 1789/4165/5445 4427/4219/5434 4426/4218/5433
f 1789/4165/5445 1788/4164/5446 4428/4222/5437 4427/4219/5434
f 1788/4164/5446 223/4163/5447 1809/4228/5448 4428/4222/5437
f 4428/4222/5437 1809/4228/5448 1810/4229/5449 4431/4223/5438
f 4431/4223/5438 1810/4229/5449 1811/4230/5450 4434/4226/5441
f 4434/4226/5441 1811/4230/5450 231/4231/5451 1812/4232/5452
f 4433/4224/5439 4434/4226/5441 1812/4232/5452 1813/4233/5453
f 4432/4225/5440 4433/4224/5439 1813/4233/5453 1814/4234/5454
f 1808/4235/5455 4432/4225/5440 1814/4234/5454 232/4236/5456
f 1807/4237/5457 4429/4221/5436 4432/4225/5440 1808/4235/5455
f 1806/4227/5444 4426/4218/5433 4429/4221/5436 1807/4237/5457
f 4435/4238/5458 4436/4239/5459 4439/4240/5460 4438/4241/5461
f 4436/4239/5459 4437/4242/5462 4440/4243/5463 4439/4240/5460
f 4438/4241/5461 4439/4240/5460 4442/4244/5464 4441/4245/5465
f 4439/4240/5460 4440/4243/5463 4443/4246/5466 4442/4244/5464
f 225/4184/5467 1796/4182/5468 4435/4238/5458 1815/4247/5469
f 1796/4182/5468 1795/4181/5470 4436/4239/5459 4435/4238/5458
f 1795/4181/5470 1794/4180/5471 4437/4242/5462 4436/4239/5459
f 1794/4180/5471 224/4168/5472 1806/4227/5473 4437/4242/5462
f 4437/4242/5462 1806/4227/5473 1807/4237/5474 4440/4243/5463
f 4440/4243/5463 1807/4237/5474 1808/4235/5475 4443/4246/5466
f 4443/4246/5466 1808/4235/5475 232/4236/5476 1818/4248/5477
f 4442/4244/5464 4443/4246/5466 1818/4248/5477 1819/4249/5478
f 4441/4245/5465 4442/4244/5464 1819/4249/5478 1820/4250/5479
f 1817/4251/5480 4441/4245/5465 1820/4250/5479 233/4252/5481
f 1816/4253/5482 4438/4241/5461 4441/4245/5465 1817/4251/5480
f 1815/4247/5469 4435/4238/5458 4438/4241/5461 1816/4253/5482
f 4444/4254/5483 4445/4255/5484 4448/4256/5485 4447/4257/5486
f 4445/4255/5484 4446/4258/5487 4449/4259/5488 4448/4256/5485
f 4447/4257/5486 4448/4256/5485 4451/4260/5489 4450/4261/5490
f 4448/4256/5485 4449/4259/5488 4452/4262/5491 4451/4260/5489
f 226/4200/5492 1802/4198/5493 4444/4254/5483 1821/4263/5494
f 1802/4198/5493 1801/4197/5495 4445/4255/5484 4444/4254/5483
f 1801/4197/5495 1800/4196/5496 4446/4258/5487 4445/4255/5484
f 1800/4196/5496 225/4184/5497 1815/4247/5498 4446/4258/5487
f 4446/4258/5487 1815/4247/5498 1816/4253/5499 4449/4259/5488
f 4449/4259/5488 1816/4253/5499 1817/4251/5500 4452/4262/5491
f 4452/4262/5491 1817/4251/5500 233/4252/5501 1824/4264/5502
f 4451/4260/5489 4452/4262/5491 1824/4264/5502 1825/4265/5503
f 4450/4261/5490 4451/4260/5489 1825/4265/5503 1826/4266/5504
f 1823/4267/5505 4450/4261/5490 1826/4266/5504 234/4268/5506
f 1822/4269/5507 4447/4257/5486 4450/4261/5490 1823/4267/5505
f 1821/4263/5494 4444/4254/5483 4447/4257/5486 1822/4269/5507
f 4453/4270/5508 4454/4271/5509 4457/4272/5510 4456/4273/5511
f 4454/4271/5509 4455/4274/5512 4458/4275/5513 4457/4272/5510
f 4456/4273/5511 4457/4272/5510 4460/4276/5514 4459/4277/5515
f 4457/4272/5510 4458/4275/5513 4461/4278/5516 4460/4276/5514
f 227/4216/5517 1805/4214/5518 4453/4270/5508 1827/4279/5519
f 1805/4214/5518 1804/4213/5520 4454/4271/5509 4453/4270/5508
f 1804/4213/5520 1803/4212/5521 4455/4274/5512 4454/4271/5509
f 1803/4212/5521 226/4200/5522 1821/4263/5523 4455/4274/5512
f 4455/4274/5512 1821/4263/5523 1822/4269/5524 4458/4275/5513
f 4458/4275/5513 1822/4269/5524 1823/4267/5525 4461/4278/5516
f 4461/4278/5516 1823/4267/5525 234/4268/5526 1830/4280/5527
f 4460/4276/5514 4461/4278/5516 1830/4280/5527 1831/4281/5528
f 4459/4277/5515 4460/4276/5514 1831/4281/5528 1832/4282/5529
f 1829/4283/5530 4459/4277/5515 1832/4282/5529 235/4284/5531
f 1828/4285/5532 4456/4273/5511 4459/4277/5515 1829/4283/5530
f 1827/4279/5519 4453/4270/5508 4456/4273/5511 1828/4285/5532
f 4462/4286/5533 4463/4287/5534 4466/4288/5535 4465/4289/5536
f 4463/4287/5534 4464/4290/5537 4467/4291/5538 4466/4288/5535
f 4465/4289/5536 4466/4288/5535 4469/4292/5539 4468/4293/5540
f 4466/4288/5535 4467/4291/5538 4470/4294/5541 4469/4292/5539
f 228/4089/5542 1763/4087/5543 4462/4286/5533 1833/4295/5544
f 1763/4087/5543 1762/4086/5545 4463/4287/5534 4462/4286/5533
f 1762/4086/5545 1761/4085/5546 4464/4290/5537 4463/4287/5534
f 1761/4085/5546 227/4084/5547 1827/4296/5548 4464/4290/5537
f 4464/4290/5537 1827/4296/5548 1828/4297/5549 4467/4291/5538
f 4467/4291/5538 1828/4297/5549 1829/4298/5550 4470/4294/5541
f 4470/4294/5541 1829/4298/5550 235/4299/5551 1836/4300/5552
f 4469/4292/5539 4470/4294/5541 1836/4300/5552 1837/4301/5553
f 4468/4293/5540 4469/4292/5539 1837/4301/5553 1838/4302/5554
f 1835/4303/5555 4468/4293/5540 1838/4302/5554 236/4304/5556
f 1834/4305/5557 4465/4289/5536 4468/4293/5540 1835/4303/5555
f 1833/4295/5544 4462/4286/5533 4465/4289/5536 1834/4305/5557
f 4472/4306/5558 4473/4307/5559 4471/4308/5560 4477/4309/5561
f 4474/4310/5562 4475/4311/5563 4471/4308/5560 4473/4312/5559
f 4476/4313/5564 4477/4314/5561 4471/4308/5560 4475/4315/5563
f 4/4316/5565 1764/4317/5566 4472/4306/5558 1839/4318/5567
f 1764/4317/5566 1765/4319/5568 4473/4307/5559 4472/4306/5558
f 1839/4318/5567 4472/4306/5558 4477/4309/5561 1840/4320/5569
f 228/4089/5570 1833/4321/5571 4474/4310/5562 1766/4322/5572
f 1833/4321/5571 1834/4323/5573 4475/4311/5563 4474/4310/5562
f 1766/4322/5572 4474/4310/5562 4473/4312/5559 1765/4324/5568
f 236/4304/5574 1841/4325/5575 4476/4313/5564 1835/4326/5576
f 1841/4325/5575 1840/4320/5569 4477/4314/5561 4476/4313/5564
f 1835/4326/5576 4476/4313/5564 4475/4315/5563 1834/4327/5573
f 4478/4328/5577 4479/4329/5578 4482/4330/5579 4481/4331/5580
f 4479/4329/5578 4480/4332/5581 4483/4333/5582 4482/4330/5579
f 4481/4331/5580 4482/4330/5579 4485/4334/5583 4484/4335/5584
f 4482/4330/5579 4483/4333/5582 4486/4336/5585 4485/4334/5583
f 222/4129/5586 1775/4127/5587 4478/4328/5577 1842/4337/5588
f 1775/4127/5587 1774/4126/5589 4479/4329/5578 4478/4328/5577
f 1774/4126/5589 1773/4125/5590 4480/4332/5581 4479/4329/5578
f 1773/4125/5590 221/4124/5591 1845/4338/5592 4480/4332/5581
f 4480/4332/5581 1845/4338/5592 1846/4339/5593 4483/4333/5582
f 4483/4333/5582 1846/4339/5593 1847/4340/5594 4486/4336/5585
f 4486/4336/5585 1847/4340/5594 229/4341/5595 1848/4342/5596
f 4485/4334/5583 4486/4336/5585 1848/4342/5596 1849/4343/5597
f 4484/4335/5584 4485/4334/5583 1849/4343/5597 1850/4344/5598
f 1844/4345/5599 4484/4335/5584 1850/4344/5598 230/4346/5600
f 1843/4347/5601 4481/4331/5580 4484/4335/5584 1844/4345/5599
f 1842/4337/5588 4478/4328/5577 4481/4331/5580 1843/4347/5601
f 4487/4348/5602 4488/4349/5603 4491/4350/5604 4490/4351/5605
f 4488/4349/5603 4489/4352/5606 4492/4353/5607 4491/4350/5604
f 4490/4351/5605 4491/4350/5604 4494/4354/5608 4493/4355/5609
f 4491/4350/5604 4492/4353/5607 4495/4356/5610 4494/4354/5608
f 339/4148/5611 1781/4146/5612 4487/4348/5602 1851/4357/5613
f 1781/4146/5612 1780/4145/5614 4488/4349/5603 4487/4348/5602
f 1780/4145/5614 1779/4144/5615 4489/4352/5606 4488/4349/5603
f 1779/4144/5615 222/4143/5616 1842/4358/5617 4489/4352/5606
f 4489/4352/5606 1842/4358/5617 1843/4359/5618 4492/4353/5607
f 4492/4353/5607 1843/4359/5618 1844/4360/5619 4495/4356/5610
f 4495/4356/5610 1844/4360/5619 230/4361/5620 1854/4362/5621
f 4494/4354/5608 4495/4356/5610 1854/4362/5621 1855/4363/5622
f 4493/4355/5609 4494/4354/5608 1855/4363/5622 1856/4364/5623
f 1853/4365/5624 4493/4355/5609 1856/4364/5623 342/4366/5625
f 1852/4367/5626 4490/4351/5605 4493/4355/5609 1853/4365/5624
f 1851/4357/5613 4487/4348/5602 4490/4351/5605 1852/4367/5626
f 4496/4368/5627 4497/4369/5628 4500/4370/5629 4499/4371/5630
f 4497/4369/5628 4498/4372/5631 4501/4373/5632 4500/4370/5629
f 4499/4371/5630 4500/4370/5629 4503/4374/5633 4502/4375/5634
f 4500/4370/5629 4501/4373/5632 4504/4376/5635 4503/4374/5633
f 236/4304/5636 1838/4302/5637 4496/4368/5627 1857/4377/5638
f 1838/4302/5637 1837/4301/5639 4497/4369/5628 4496/4368/5627
f 1837/4301/5639 1836/4300/5640 4498/4372/5631 4497/4369/5628
f 1836/4300/5640 235/4299/5641 1860/4378/5642 4498/4372/5631
f 4498/4372/5631 1860/4378/5642 1861/4379/5643 4501/4373/5632
f 4501/4373/5632 1861/4379/5643 1862/4380/5644 4504/4376/5635
f 4504/4376/5635 1862/4380/5644 243/4381/5645 1863/4382/5646
f 4503/4374/5633 4504/4376/5635 1863/4382/5646 1864/4383/5647
f 4502/4375/5634 4503/4374/5633 1864/4383/5647 1865/4384/5648
f 1859/4385/5649 4502/4375/5634 1865/4384/5648 244/4386/5650
f 1858/4387/5651 4499/4371/5630 4502/4375/5634 1859/4385/5649
f 1857/4377/5638 4496/4368/5627 4499/4371/5630 1858/4387/5651
f 4506/4388/5652 4507/4389/5653 4505/4390/5654 4511/4391/5655
f 4508/4392/5656 4509/4393/5657 4505/4390/5654 4507/4389/5653
f 4510/4394/5658 4511/4395/5655 4505/4390/5654 4509/4396/5657
f 4/4397/5659 1839/4398/5660 4506/4388/5652 1866/4399/5661
f 1839/4398/5660 1840/4400/5662 4507/4389/5653 4506/4388/5652
f 1866/4399/5661 4506/4388/5652 4511/4391/5655 1867/4401/5663
f 236/4304/5664 1857/4377/5665 4508/4392/5656 1841/4402/5666
f 1857/4377/5665 1858/4403/5667 4509/4393/5657 4508/4392/5656
f 1841/4402/5666 4508/4392/5656 4507/4389/5653 1840/4400/5662
f 244/4386/5668 1868/4404/5669 4510/4394/5658 1859/4405/5670
f 1868/4404/5669 1867/4406/5663 4511/4395/5655 4510/4394/5658
f 1859/4405/5670 4510/4394/5658 4509/4396/5657 1858/4407/5667
f 4512/4408/5671 4513/4409/5672 4516/4410/5673 4515/4411/5674
f 4513/4409/5672 4514/4412/5675 4517/4413/5676 4516/4410/5673
f 4515/4411/5674 4516/4410/5673 4519/4414/5677 4518/4415/5678
f 4516/4410/5673 4517/4413/5676 4520/4416/5679 4519/4414/5677
f 230/4346/5680 1850/4344/5681 4512/4408/5671 1869/4417/5682
f 1850/4344/5681 1849/4343/5683 4513/4409/5672 4512/4408/5671
f 1849/4343/5683 1848/4342/5684 4514/4412/5675 4513/4409/5672
f 1848/4342/5684 229/4341/5685 1872/4418/5686 4514/4412/5675
f 4514/4412/5675 1872/4418/5686 1873/4419/5687 4517/4413/5676
f 4517/4413/5676 1873/4419/5687 1874/4420/5688 4520/4416/5679
f 4520/4416/5679 1874/4420/5688 237/4421/5689 1875/4422/5690
f 4519/4414/5677 4520/4416/5679 1875/4422/5690 1876/4423/5691
f 4518/4415/5678 4519/4414/5677 1876/4423/5691 1877/4424/5692
f 1871/4425/5693 4518/4415/5678 1877/4424/5692 238/4426/5694
f 1870/4427/5695 4515/4411/5674 4518/4415/5678 1871/4425/5693
f 1869/4417/5682 4512/4408/5671 4515/4411/5674 1870/4427/5695
f 4521/4428/5696 4522/4429/5697 4525/4430/5698 4524/4431/5699
f 4522/4429/5697 4523/4432/5700 4526/4433/5701 4525/4430/5698
f 4524/4431/5699 4525/4430/5698 4528/4434/5702 4527/4435/5703
f 4525/4430/5698 4526/4433/5701 4529/4436/5704 4528/4434/5702
f 342/4366/5705 1856/4364/5706 4521/4428/5696 1878/4437/5707
f 1856/4364/5706 1855/4363/5708 4522/4429/5697 4521/4428/5696
f 1855/4363/5708 1854/4362/5709 4523/4432/5700 4522/4429/5697
f 1854/4362/5709 230/4361/5710 1869/4438/5711 4523/4432/5700
f 4523/4432/5700 1869/4438/5711 1870/4427/5712 4526/4433/5701
f 4526/4433/5701 1870/4427/5712 1871/4439/5713 4529/4436/5704
f 4529/4436/5704 1871/4439/5713 238/4440/5714 1881/4441/5715
f 4528/4434/5702 4529/4436/5704 1881/4441/5715 1882/4442/5716
f 4527/4435/5703 4528/4434/5702 1882/4442/5716 1883/4443/5717
f 1880/4444/5718 4527/4435/5703 1883/4443/5717 345/4445/5719
f 1879/4446/5720 4524/4431/5699 4527/4435/5703 1880/4444/5718
f 1878/4437/5707 4521/4428/5696 4524/4431/5699 1879/4446/5720
f 4530/4447/5721 4531/4448/5722 4534/4449/5723 4533/4450/5724
f 4531/4448/5722 4532/4451/5725 4535/4452/5726 4534/4449/5723
f 4533/4450/5724 4534/4449/5723 4537/4453/5727 4536/4454/5728
f 4534/4449/5723 4535/4452/5726 4538/4455/5729 4537/4453/5727
f 232/4236/5730 1814/4234/5731 4530/4447/5721 1884/4456/5732
f 1814/4234/5731 1813/4233/5733 4531/4448/5722 4530/4447/5721
f 1813/4233/5733 1812/4232/5734 4532/4451/5725 4531/4448/5722
f 1812/4232/5734 231/4231/5735 1887/4457/5736 4532/4451/5725
f 4532/4451/5725 1887/4457/5736 1888/4458/5737 4535/4452/5726
f 4535/4452/5726 1888/4458/5737 1889/4459/5738 4538/4455/5729
f 4538/4455/5729 1889/4459/5738 239/4460/5739 1890/4461/5740
f 4537/4453/5727 4538/4455/5729 1890/4461/5740 1891/4462/5741
f 4536/4454/5728 4537/4453/5727 1891/4462/5741 1892/4463/5742
f 1886/4464/5743 4536/4454/5728 1892/4463/5742 240/4465/5744
f 1885/4466/5745 4533/4450/5724 4536/4454/5728 1886/4464/5743
f 1884/4456/5732 4530/4447/5721 4533/4450/5724 1885/4466/5745
f 4539/4467/5746 4540/4468/5747 4543/4469/5748 4542/4470/5749
f 4540/4468/5747 4541/4471/5750 4544/4472/5751 4543/4469/5748
f 4542/4470/5749 4543/4469/5748 4546/4473/5752 4545/4474/5753
f 4543/4469/5748 4544/4472/5751 4547/4475/5754 4546/4473/5752
f 233/4252/5755 1820/4250/5756 4539/4467/5746 1893/4476/5757
f 1820/4250/5756 1819/4249/5758 4540/4468/5747 4539/4467/5746
f 1819/4249/5758 1818/4248/5759 4541/4471/5750 4540/4468/5747
f 1818/4248/5759 232/4236/5760 1884/4456/5761 4541/4471/5750
f 4541/4471/5750 1884/4456/5761 1885/4466/5762 4544/4472/5751
f 4544/4472/5751 1885/4466/5762 1886/4464/5763 4547/4475/5754
f 4547/4475/5754 1886/4464/5763 240/4465/5764 1896/4477/5765
f 4546/4473/5752 4547/4475/5754 1896/4477/5765 1897/4478/5766
f 4545/4474/5753 4546/4473/5752 1897/4478/5766 1898/4479/5767
f 1895/4480/5768 4545/4474/5753 1898/4479/5767 241/4481/5769
f 1894/4482/5770 4542/4470/5749 4545/4474/5753 1895/4480/5768
f 1893/4476/5757 4539/4467/5746 4542/4470/5749 1894/4482/5770
f 4548/4483/5771 4549/4484/5772 4552/4485/5773 4551/4486/5774
f 4549/4484/5772 4550/4487/5775 4553/4488/5776 4552/4485/5773
f 4551/4486/5774 4552/4485/5773 4555/4489/5777 4554/4490/5778
f 4552/4485/5773 4553/4488/5776 4556/4491/5779 4555/4489/5777
f 234/4268/5780 1826/4266/5781 4548/4483/5771 1899/4492/5782
f 1826/4266/5781 1825/4265/5783 4549/4484/5772 4548/4483/5771
f 1825/4265/5783 1824/4264/5784 4550/4487/5775 4549/4484/5772
f 1824/4264/5784 233/4252/5785 1893/4476/5786 4550/4487/5775
f 4550/4487/5775 1893/4476/5786 1894/4482/5787 4553/4488/5776
f 4553/4488/5776 1894/4482/5787 1895/4480/5788 4556/4491/5779
f 4556/4491/5779 1895/4480/5788 241/4481/5789 1902/4493/5790
f 4555/4489/5777 4556/4491/5779 1902/4493/5790 1903/4494/5791
f 4554/4490/5778 4555/4489/5777 1903/4494/5791 1904/4495/5792
f 1901/4496/5793 4554/4490/5778 1904/4495/5792 242/4497/5794
f 1900/4498/5795 4551/4486/5774 4554/4490/5778 1901/4496/5793
f 1899/4492/5782 4548/4483/5771 4551/4486/5774 1900/4498/5795
f 4557/4499/5796 4558/4500/5797 4561/4501/5798 4560/4502/5799
f 4558/4500/5797 4559/4503/5800 4562/4504/5801 4561/4501/5798
f 4560/4502/5799 4561/4501/5798 4564/4505/5802 4563/4506/5803
f 4561/4501/5798 4562/4504/5801 4565/4507/5804 4564/4505/5802
f 235/4284/5805 1832/4282/5806 4557/4499/5796 1860/4378/5807
f 1832/4282/5806 1831/4281/5808 4558/4500/5797 4557/4499/5796
f 1831/4281/5808 1830/4280/5809 4559/4503/5800 4558/4500/5797
f 1830/4280/5809 234/4268/5810 1899/4492/5811 4559/4503/5800
f 4559/4503/5800 1899/4492/5811 1900/4498/5812 4562/4504/5801
f 4562/4504/5801 1900/4498/5812 1901/4496/5813 4565/4507/5804
f 4565/4507/5804 1901/4496/5813 242/4497/5814 1905/4508/5815
f 4564/4505/5802 4565/4507/5804 1905/4508/5815 1906/4509/5816
f 4563/4506/5803 4564/4505/5802 1906/4509/5816 1907/4510/5817
f 1862/4511/5818 4563/4506/5803 1907/4510/5817 243/4512/5819
f 1861/4513/5820 4560/4502/5799 4563/4506/5803 1862/4511/5818
f 1860/4378/5807 4557/4499/5796 4560/4502/5799 1861/4513/5820
f 4566/4514/5821 4567/4515/5822 4570/4516/5823 4569/4517/5824
f 4567/4515/5822 4568/4518/5825 4571/4519/5826 4570/4516/5823
f 4569/4517/5824 4570/4516/5823 4573/4520/5827 4572/4521/5828
f 4570/4516/5823 4571/4519/5826 4574/4522/5829 4573/4520/5827
f 241/4481/5830 1898/4479/5831 4566/4514/5821 1908/4523/5832
f 1898/4479/5831 1897/4478/5833 4567/4515/5822 4566/4514/5821
f 1897/4478/5833 1896/4477/5834 4568/4518/5825 4567/4515/5822
f 1896/4477/5834 240/4465/5835 1911/4524/5836 4568/4518/5825
f 4568/4518/5825 1911/4524/5836 1912/4525/5837 4571/4519/5826
f 4571/4519/5826 1912/4525/5837 1913/4526/5838 4574/4522/5829
f 4574/4522/5829 1913/4526/5838 248/4527/5839 1914/4528/5840
f 4573/4520/5827 4574/4522/5829 1914/4528/5840 1915/4529/5841
f 4572/4521/5828 4573/4520/5827 1915/4529/5841 1916/4530/5842
f 1910/4531/5843 4572/4521/5828 1916/4530/5842 249/4532/5844
f 1909/4533/5845 4569/4517/5824 4572/4521/5828 1910/4531/5843
f 1908/4523/5832 4566/4514/5821 4569/4517/5824 1909/4533/5845
f 4575/4534/5846 4576/4535/5847 4579/4536/5848 4578/4537/5849
f 4576/4535/5847 4577/4538/5850 4580/4539/5851 4579/4536/5848
f 4578/4537/5849 4579/4536/5848 4582/4540/5852 4581/4541/5853
f 4579/4536/5848 4580/4539/5851 4583/4542/5854 4582/4540/5852
f 242/4497/5855 1904/4495/5856 4575/4534/5846 1917/4543/5857
f 1904/4495/5856 1903/4494/5858 4576/4535/5847 4575/4534/5846
f 1903/4494/5858 1902/4493/5859 4577/4538/5850 4576/4535/5847
f 1902/4493/5859 241/4481/5860 1908/4523/5861 4577/4538/5850
f 4577/4538/5850 1908/4523/5861 1909/4533/5862 4580/4539/5851
f 4580/4539/5851 1909/4533/5862 1910/4531/5863 4583/4542/5854
f 4583/4542/5854 1910/4531/5863 249/4532/5864 1920/4544/5865
f 4582/4540/5852 4583/4542/5854 1920/4544/5865 1921/4545/5866
f 4581/4541/5853 4582/4540/5852 1921/4545/5866 1922/4546/5867
f 1919/4547/5868 4581/4541/5853 1922/4546/5867 250/4548/5869
f 1918/4549/5870 4578/4537/5849 4581/4541/5853 1919/4547/5868
f 1917/4543/5857 4575/4534/5846 4578/4537/5849 1918/4549/5870
f 4584/4550/5871 4585/4551/5872 4588/4552/5873 4587/4553/5874
f 4585/4551/5872 4586/4554/5875 4589/4555/5876 4588/4552/5873
f 4587/4553/5874 4588/4552/5873 4591/4556/5877 4590/4557/5878
f 4588/4552/5873 4589/4555/5876 4592/4558/5879 4591/4556/5877
f 243/4512/5880 1907/4510/5881 4584/4550/5871 1923/4559/5882
f 1907/4510/5881 1906/4509/5883 4585/4551/5872 4584/4550/5871
f 1906/4509/5883 1905/4508/5884 4586/4554/5875 4585/4551/5872
f 1905/4508/5884 242/4497/5885 1917/4543/5886 4586/4554/5875
f 4586/4554/5875 1917/4543/5886 1918/4549/5887 4589/4555/5876
f 4589/4555/5876 1918/4549/5887 1919/4547/5888 4592/4558/5879
f 4592/4558/5879 1919/4547/5888 250/4548/5889 1926/4560/5890
f 4591/4556/5877 4592/4558/5879 1926/4560/5890 1927/4561/5891
f 4590/4557/5878 4591/4556/5877 1927/4561/5891 1928/4562/5892
f 1925/4563/5893 4590/4557/5878 1928/4562/5892 251/4564/5894
f 1924/4565/5895 4587/4553/5874 4590/4557/5878 1925/4563/5893
f 1923/4559/5882 4584/4550/5871 4587/4553/5874 1924/4565/5895
f 4593/4566/5896 4594/4567/5897 4597/4568/5898 4596/4569/5899
f 4594/4567/5897 4595/4570/5900 4598/4571/5901 4597/4568/5898
f 4596/4569/5899 4597/4568/5898 4600/4572/5902 4599/4573/5903
f 4597/4568/5898 4598/4571/5901 4601/4574/5904 4600/4572/5902
f 244/4386/5905 1865/4384/5906 4593/4566/5896 1929/4575/5907
f 1865/4384/5906 1864/4383/5908 4594/4567/5897 4593/4566/5896
f 1864/4383/5908 1863/4382/5909 4595/4570/5900 4594/4567/5897
f 1863/4382/5909 243/4381/5910 1923/4559/5911 4595/4570/5900
f 4595/4570/5900 1923/4559/5911 1924/4576/5912 4598/4571/5901
f 4598/4571/5901 1924/4576/5912 1925/4577/5913 4601/4574/5904
f 4601/4574/5904 1925/4577/5913 251/4578/5914 1932/4579/5915
f 4600/4572/5902 4601/4574/5904 1932/4579/5915 1933/4580/5916
f 4599/4573/5903 4600/4572/5902 1933/4580/5916 1934/4581/5917
f 1931/4582/5918 4599/4573/5903 1934/4581/5917 252/4583/5919
f 1930/4584/5920 4596/4569/5899 4599/4573/5903 1931/4582/5918
f 1929/4575/5907 4593/4566/5896 4596/4569/5899 1930/4584/5920
f 4603/4585/5921 4604/4586/5922 4602/4587/5923 4608/4588/5924
f 4605/4589/5925 4606/4590/5926 4602/4587/5923 4604/4591/5922
f 4607/4592/5927 4608/4593/5924 4602/4587/5923 4606/4594/5926
f 4/4595/5928 1866/4596/5929 4603/4585/5921 1935/4597/5930
f 1866/4596/5929 1867/4598/5931 4604/4586/5922 4603/4585/5921
f 1935/4597/5930 4603/4585/5921 4608/4588/5924 1936/4599/5932
f 244/4386/5933 1929/4600/5934 4605/4589/5925 1868/4601/5935
f 1929/4600/5934 1930/4602/5936 4606/4590/5926 4605/4589/5925
f 1868/4601/5935 4605/4589/5925 4604/4591/5922 1867/4598/5931
f 252/4583/5937 1937/4603/5938 4607/4592/5927 1931/4604/5939
f 1937/4603/5938 1936/4599/5932 4608/4593/5924 4607/4592/5927
f 1931/4604/5939 4607/4592/5927 4606/4594/5926 1930/4605/5936
f 4609/4606/5940 4610/4607/5941 4613/4608/5942 4612/4609/5943
f 4610/4607/5941 4611/4610/5944 4614/4611/5945 4613/4608/5942
f 4612/4609/5943 4613/4608/5942 4616/4612/5946 4615/4613/5947
f 4613/4608/5942 4614/4611/5945 4617/4614/5948 4616/4612/5946
f 238/4426/5949 1877/4424/5950 4609/4606/5940 1938/4615/5951
f 1877/4424/5950 1876/4423/5952 4610/4607/5941 4609/4606/5940
f 1876/4423/5952 1875/4422/5953 4611/4610/5944 4610/4607/5941
f 1875/4422/5953 237/4421/5954 1941/4616/5955 4611/4610/5944
f 4611/4610/5944 1941/4616/5955 1942/4617/5956 4614/4611/5945
f 4614/4611/5945 1942/4617/5956 1943/4618/5957 4617/4614/5948
f 4617/4614/5948 1943/4618/5957 245/4619/5958 1944/4620/5959
f 4616/4612/5946 4617/4614/5948 1944/4620/5959 1945/4621/5960
f 4615/4613/5947 4616/4612/5946 1945/4621/5960 1946/4622/5961
f 1940/4623/5962 4615/4613/5947 1946/4622/5961 246/4624/5963
f 1939/4625/5964 4612/4609/5943 4615/4613/5947 1940/4623/5962
f 1938/4615/5951 4609/4606/5940 4612/4609/5943 1939/4625/5964
f 4618/4626/5965 4619/4627/5966 4622/4628/5967 4621/4629/5968
f 4619/4627/5966 4620/4630/5969 4623/4631/5970 4622/4628/5967
f 4621/4629/5968 4622/4628/5967 4625/4632/5971 4624/4633/5972
f 4622/4628/5967 4623/4631/5970 4626/4634/5973 4625/4632/5971
f 345/4445/5974 1883/4443/5975 4618/4626/5965 1947/4635/5976
f 1883/4443/5975 1882/4442/5977 4619/4627/5966 4618/4626/5965
f 1882/4442/5977 1881/4441/5978 4620/4630/5969 4619/4627/5966
f 1881/4441/5978 238/4440/5979 1938/4636/5980 4620/4630/5969
f 4620/4630/5969 1938/4636/5980 1939/4637/5981 4623/4631/5970
f 4623/4631/5970 1939/4637/5981 1940/4638/5982 4626/4634/5973
f 4626/4634/5973 1940/4638/5982 246/4639/5983 1950/4640/5984
f 4625/4632/5971 4626/4634/5973 1950/4640/5984 1951/4641/5985
f 4624/4633/5972 4625/4632/5971 1951/4641/5985 1952/4642/5986
f 1949/4643/5987 4624/4633/5972 1952/4642/5986 348/4644/5988
f 1948/4645/5989 4621/4629/5968 4624/4633/5972 1949/4643/5987
f 1947/4635/5976 4618/4626/5965 4621/4629/5968 1948/4645/5989
f 4627/4646/5990 4628/4647/5991 4631/4648/5992 4630/4649/5993
f 4628/4647/5991 4629/4650/5994 4632/4651/5995 4631/4648/5992
f 4630/4649/5993 4631/4648/5992 4634/4652/5996 4633/4653/5997
f 4631/4648/5992 4632/4651/5995 4635/4654/5998 4634/4652/5996
f 240/4465/5999 1892/4463/6000 4627/4646/5990 1911/4524/6001
f 1892/4463/6000 1891/4462/6002 4628/4647/5991 4627/4646/5990
f 1891/4462/6002 1890/4461/6003 4629/4650/5994 4628/4647/5991
f 1890/4461/6003 239/4460/6004 1953/4655/6005 4629/4650/5994
f 4629/4650/5994 1953/4655/6005 1954/4656/6006 4632/4651/5995
f 4632/4651/5995 1954/4656/6006 1955/4657/6007 4635/4654/5998
f 4635/4654/5998 1955/4657/6007 247/4658/6008 1956/4659/6009
f 4634/4652/5996 4635/4654/5998 1956/4659/6009 1957/4660/6010
f 4633/4653/5997 4634/4652/5996 1957/4660/6010 1958/4661/6011
f 1913/4526/6012 4633/4653/5997 1958/4661/6011 248/4527/6013
f 1912/4525/6014 4630/4649/5993 4633/4653/5997 1913/4526/6012
f 1911/4524/6001 4627/4646/5990 4630/4649/5993 1912/4525/6014
f 4637/4662/6015 4638/4663/6016 4636/4664/6017 4642/4665/6018
f 4639/4666/6019 4640/4667/6020 4636/4664/6017 4638/4663/6016
f 4641/4668/6021 4642/4669/6018 4636/4664/6017 4640/4670/6020
f 4/4671/6022 1935/4672/6023 4637/4662/6015 369/4673/6024
f 1935/4672/6023 1936/4674/6025 4638/4663/6016 4637/4662/6015
f 369/4673/6024 4637/4662/6015 4642/4665/6018 370/4675/6026
f 252/4583/6027 1959/4676/6028 4639/4666/6019 1937/4677/6029
f 1959/4676/6028 1960/4678/6030 4640/4667/6020 4639/4666/6019
f 1937/4677/6029 4639/4666/6019 4638/4663/6016 1936/4679/6025
f 257/10/6031 371/4680/6032 4641/4668/6021 1961/4681/6033
f 371/4680/6032 370/4675/6026 4642/4669/6018 4641/4668/6021
f 1961/4681/6033 4641/4668/6021 4640/4670/6020 1960/4678/6030
f 4643/4682/6034 4644/4683/6035 4647/4684/6036 4646/4685/6037
f 4644/4683/6035 4645/4686/6038 4648/4687/6039 4647/4684/6036
f 4646/4685/6037 4647/4684/6036 4650/4688/6040 4649/4689/6041
f 4647/4684/6036 4648/4687/6039 4651/4690/6042 4650/4688/6040
f 246/4624/6043 1946/4622/6044 4643/4682/6034 1964/4691/6045
f 1946/4622/6044 1945/4621/6046 4644/4683/6035 4643/4682/6034
f 1945/4621/6046 1944/4620/6047 4645/4686/6038 4644/4683/6035
f 1944/4620/6047 245/4619/6048 1967/4692/6049 4645/4686/6038
f 4645/4686/6038 1967/4692/6049 1966/4693/6050 4648/4687/6039
f 4648/4687/6039 1966/4693/6050 1965/4694/6051 4651/4690/6042
f 4651/4690/6042 1965/4694/6051 1/61/6052 375/60/6053
f 4650/4688/6040 4651/4690/6042 375/60/6053 376/59/6054
f 4649/4689/6041 4650/4688/6040 376/59/6054 377/57/6055
f 1962/4695/6056 4649/4689/6041 377/57/6055 2/56/6057
f 1963/4696/6058 4646/4685/6037 4649/4689/6041 1962/4695/6056
f 1964/4691/6045 4643/4682/6034 4646/4685/6037 1963/4696/6058
f 4652/4697/6059 4653/4698/6060 4656/4699/6061 4655/4700/6062
f 4653/4698/6060 4654/4701/6063 4657/4702/6064 4656/4699/6061
f 4655/4700/6062 4656/4699/6061 4659/4703/6065 4658/4704/6066
f 4656/4699/6061 4657/4702/6064 4660/4705/6067 4659/4703/6065
f 348/4644/6068 1952/4642/6069 4652/4697/6059 1968/4706/6070
f 1952/4642/6069 1951/4641/6071 4653/4698/6060 4652/4697/6059
f 1951/4641/6071 1950/4640/6072 4654/4701/6063 4653/4698/6060
f 1950/4640/6072 246/4639/6073 1964/4707/6074 4654/4701/6063
f 4654/4701/6063 1964/4707/6074 1963/4708/6075 4657/4702/6064
f 4657/4702/6064 1963/4708/6075 1962/4709/6076 4660/4705/6067
f 4660/4705/6067 1962/4709/6076 2/86/6077 387/85/6078
f 4659/4703/6065 4660/4705/6067 387/85/6078 388/84/6079
f 4658/4704/6066 4659/4703/6065 388/84/6079 389/82/6080
f 1970/4710/6081 4658/4704/6066 389/82/6080 351/81/6082
f 1969/4711/6083 4655/4700/6062 4658/4704/6066 1970/4710/6081
f 1968/4706/6070 4652/4697/6059 4655/4700/6062 1969/4711/6083
f 4661/4712/6084 4662/4713/6085 4665/4714/6086 4664/4715/6087
f 4662/4713/6085 4663/4716/6088 4666/4717/6089 4665/4714/6086
f 4664/4715/6087 4665/4714/6086 4668/4718/6090 4667/4719/6091
f 4665/4714/6086 4666/4717/6089 4669/4720/6092 4668/4718/6090
f 248/4527/6093 1958/4661/6094 4661/4712/6084 1973/4721/6095
f 1958/4661/6094 1957/4660/6096 4662/4713/6085 4661/4712/6084
f 1957/4660/6096 1956/4659/6097 4663/4716/6088 4662/4713/6085
f 1956/4659/6097 247/4658/6098 1974/4722/6099 4663/4716/6088
f 4663/4716/6088 1974/4722/6099 1975/4723/6100 4666/4717/6089
f 4666/4717/6089 1975/4723/6100 1976/4724/6101 4669/4720/6092
f 4669/4720/6092 1976/4724/6101 253/110/6102 398/109/6103
f 4668/4718/6090 4669/4720/6092 398/109/6103 397/108/6104
f 4667/4719/6091 4668/4718/6090 397/108/6104 396/106/6105
f 1971/4725/6106 4667/4719/6091 396/106/6105 3/105/6107
f 1972/4726/6108 4664/4715/6087 4667/4719/6091 1971/4725/6106
f 1973/4721/6095 4661/4712/6084 4664/4715/6087 1972/4726/6108
f 4670/4727/6109 4671/4728/6110 4674/4729/6111 4673/4730/6112
f 4671/4728/6110 4672/4731/6113 4675/4732/6114 4674/4729/6111
f 4673/4730/6112 4674/4729/6111 4677/4733/6115 4676/4734/6116
f 4674/4729/6111 4675/4732/6114 4678/4735/6117 4677/4733/6115
f 249/4532/6118 1916/4530/6119 4670/4727/6109 1977/4736/6120
f 1916/4530/6119 1915/4529/6121 4671/4728/6110 4670/4727/6109
f 1915/4529/6121 1914/4528/6122 4672/4731/6113 4671/4728/6110
f 1914/4528/6122 248/4527/6123 1973/4721/6124 4672/4731/6113
f 4672/4731/6113 1973/4721/6124 1972/4726/6125 4675/4732/6114
f 4675/4732/6114 1972/4726/6125 1971/4725/6126 4678/4735/6117
f 4678/4735/6117 1971/4725/6126 3/105/6127 408/134/6128
f 4677/4733/6115 4678/4735/6117 408/134/6128 409/133/6129
f 4676/4734/6116 4677/4733/6115 409/133/6129 410/131/6130
f 1979/4737/6131 4676/4734/6116 410/131/6130 254/130/6132
f 1978/4738/6133 4673/4730/6112 4676/4734/6116 1979/4737/6131
f 1977/4736/6120 4670/4727/6109 4673/4730/6112 1978/4738/6133
f 4679/4739/6134 4680/4740/6135 4683/4741/6136 4682/4742/6137
f 4680/4740/6135 4681/4743/6138 4684/4744/6139 4683/4741/6136
f 4682/4742/6137 4683/4741/6136 4686/4745/6140 4685/4746/6141
f 4683/4741/6136 4684/4744/6139 4687/4747/6142 4686/4745/6140
f 250/4548/6143 1922/4546/6144 4679/4739/6134 1980/4748/6145
f 1922/4546/6144 1921/4545/6146 4680/4740/6135 4679/4739/6134
f 1921/4545/6146 1920/4544/6147 4681/4743/6138 4680/4740/6135
f 1920/4544/6147 249/4532/6148 1977/4736/6149 4681/4743/6138
f 4681/4743/6138 1977/4736/6149 1978/4738/6150 4684/4744/6139
f 4684/4744/6139 1978/4738/6150 1979/4737/6151 4687/4747/6142
f 4687/4747/6142 1979/4737/6151 254/130/6152 417/154/6153
f 4686/4745/6140 4687/4747/6142 417/154/6153 418/153/6154
f 4685/4746/6141 4686/4745/6140 418/153/6154 419/151/6155
f 1982/4749/6156 4685/4746/6141 419/151/6155 255/150/6157
f 1981/4750/6158 4682/4742/6137 4685/4746/6141 1982/4749/6156
f 1980/4748/6145 4679/4739/6134 4682/4742/6137 1981/4750/6158
f 4688/4751/6159 4689/4752/6160 4692/4753/6161 4691/4754/6162
f 4689/4752/6160 4690/4755/6163 4693/4756/6164 4692/4753/6161
f 4691/4754/6162 4692/4753/6161 4695/4757/6165 4694/4758/6166
f 4692/4753/6161 4693/4756/6164 4696/4759/6167 4695/4757/6165
f 251/4564/6168 1928/4562/6169 4688/4751/6159 1983/4760/6170
f 1928/4562/6169 1927/4561/6171 4689/4752/6160 4688/4751/6159
f 1927/4561/6171 1926/4560/6172 4690/4755/6163 4689/4752/6160
f 1926/4560/6172 250/4548/6173 1980/4748/6174 4690/4755/6163
f 4690/4755/6163 1980/4748/6174 1981/4750/6175 4693/4756/6164
f 4693/4756/6164 1981/4750/6175 1982/4749/6176 4696/4759/6167
f 4696/4759/6167 1982/4749/6176 255/150/6177 423/174/6178
f 4695/4757/6165 4696/4759/6167 423/174/6178 424/173/6179
f 4694/4758/6166 4695/4757/6165 424/173/6179 425/171/6180
f 1985/4761/6181 4694/4758/6166 425/171/6180 256/170/6182
f 1984/4762/6183 4691/4754/6162 4694/4758/6166 1985/4761/6181
f 1983/4760/6170 4688/4751/6159 4691/4754/6162 1984/4762/6183
f 4697/4763/6184 4698/4764/6185 4701/4765/6186 4700/4766/6187
f 4698/4764/6185 4699/4767/6188 4702/4768/6189 4701/4765/6186
f 4700/4766/6187 4701/4765/6186 4704/4769/6190 4703/4770/6191
f 4701/4765/6186 4702/4768/6189 4705/4771/6192 4704/4769/6190
f 252/4583/6193 1934/4581/6194 4697/4763/6184 1959/4772/6195
f 1934/4581/6194 1933/4580/6196 4698/4764/6185 4697/4763/6184
f 1933/4580/6196 1932/4579/6197 4699/4767/6188 4698/4764/6185
f 1932/4579/6197 251/4578/6198 1983/4773/6199 4699/4767/6188
f 4699/4767/6188 1983/4773/6199 1984/4774/6200 4702/4768/6189
f 4702/4768/6189 1984/4774/6200 1985/4775/6201 4705/4771/6192
f 4705/4771/6192 1985/4775/6201 256/15/6202 357/14/6203
f 4704/4769/6190 4705/4771/6192 357/14/6203 358/13/6204
f 4703/4770/6191 4704/4769/6190 358/13/6204 359/11/6205
f 1961/4776/6206 4703/4770/6191 359/11/6205 257/10/6207
f 1960/4777/6208 4700/4766/6187 4703/4770/6191 1961/4776/6206
f 1959/4772/6195 4697/4763/6184 4700/4766/6187 1960/4777/6208
f 4706/4778/6209 4707/4779/6210 4710/4780/6211 4709/4781/6212
f 4707/4779/6210 4708/4782/6213 4711/4783/6214 4710/4780/6211
f 4709/4781/6212 4710/4780/6211 4713/4784/6215 4712/4785/6216
f 4710/4780/6211 4711/4783/6214 4714/4786/6217 4713/4784/6215
f 247/4658/6218 1986/4787/6219 4706/4778/6209 1974/4722/6220
f 1986/4787/6219 1987/4788/6221 4707/4779/6210 4706/4778/6209
f 1987/4788/6221 1988/4789/6222 4708/4782/6213 4707/4779/6210
f 1988/4789/6222 350/4790/6223 1989/4791/6224 4708/4782/6213
f 4708/4782/6213 1989/4791/6224 1990/4792/6225 4711/4783/6214
f 4711/4783/6214 1990/4792/6225 1991/4793/6226 4714/4786/6217
f 4714/4786/6217 1991/4793/6226 353/4794/6227 1994/4795/6228
f 4713/4784/6215 4714/4786/6217 1994/4795/6228 1993/4796/6229
f 4712/4785/6216 4713/4784/6215 1993/4796/6229 1992/4797/6230
f 1976/4724/6231 4712/4785/6216 1992/4797/6230 253/110/6232
f 1975/4723/6233 4709/4781/6212 4712/4785/6216 1976/4724/6231
f 1974/4722/6220 4706/4778/6209 4709/4781/6212 1975/4723/6233
f 4715/4798/6234 4716/4799/6235 4719/4800/6236 4718/4801/6237
f 4716/4799/6235 4717/4802/6238 4720/4803/6239 4719/4800/6236
f 4718/4801/6237 4719/4800/6236 4722/4804/6240 4721/4805/6241
f 4719/4800/6236 4720/4803/6239 4723/4806/6242 4722/4804/6240
f 350/4790/6243 1997/4807/6244 4715/4798/6234 1989/4791/6245
f 1997/4807/6244 1996/4808/6246 4716/4799/6235 4715/4798/6234
f 1996/4808/6246 1995/4809/6247 4717/4802/6238 4716/4799/6235
f 1995/4809/6247 349/4810/6248 1998/4811/6249 4717/4802/6238
f 4717/4802/6238 1998/4811/6249 1999/4812/6250 4720/4803/6239
f 4720/4803/6239 1999/4812/6250 2000/4813/6251 4723/4806/6242
f 4723/4806/6242 2000/4813/6251 352/4814/6252 2001/4815/6253
f 4722/4804/6240 4723/4806/6242 2001/4815/6253 2002/4816/6254
f 4721/4805/6241 4722/4804/6240 2002/4816/6254 2003/4817/6255
f 1991/4793/6256 4721/4805/6241 2003/4817/6255 353/4794/6257
f 1990/4792/6258 4718/4801/6237 4721/4805/6241 1991/4793/6256
f 1989/4791/6245 4715/4798/6234 4718/4801/6237 1990/4792/6258
f 4724/4818/6259 4725/4819/6260 4728/4820/6261 4727/4821/6262
f 4725/4819/6260 4726/4822/6263 4729/4823/6264 4728/4820/6261
f 4727/4821/6262 4728/4820/6261 4731/4824/6265 4730/4825/6266
f 4728/4820/6261 4729/4823/6264 4732/4826/6267 4731/4824/6265
f 349/4810/6268 2006/4827/6269 4724/4818/6259 1998/4811/6270
f 2006/4827/6269 2005/4828/6271 4725/4819/6260 4724/4818/6259
f 2005/4828/6271 2004/4829/6272 4726/4822/6263 4725/4819/6260
f 2004/4829/6272 348/4644/6068 1968/4706/6070 4726/4822/6263
f 4726/4822/6263 1968/4706/6070 1969/4711/6083 4729/4823/6264
f 4729/4823/6264 1969/4711/6083 1970/4710/6081 4732/4826/6267
f 4732/4826/6267 1970/4710/6081 351/81/6082 2007/4830/6273
f 4731/4824/6265 4732/4826/6267 2007/4830/6273 2008/4831/6274
f 4730/4825/6266 4731/4824/6265 2008/4831/6274 2009/4832/6275
f 2000/4813/6276 4730/4825/6266 2009/4832/6275 352/4814/6277
f 1999/4812/6278 4727/4821/6262 4730/4825/6266 2000/4813/6276
f 1998/4811/6270 4724/4818/6259 4727/4821/6262 1999/4812/6278
f 4733/4833/6279 4734/4834/6280 4737/4835/6281 4736/4836/6282
f 4734/4834/6280 4735/4837/6283 4738/4838/6284 4737/4835/6281
f 4736/4836/6282 4737/4835/6281 4740/4839/6285 4739/4840/6286
f 4737/4835/6281 4738/4838/6284 4741/4841/6287 4740/4839/6285
f 239/4460/6288 2010/4842/6289 4733/4833/6279 1953/4655/6290
f 2010/4842/6289 2011/4843/6291 4734/4834/6280 4733/4833/6279
f 2011/4843/6291 2012/4844/6292 4735/4837/6283 4734/4834/6280
f 2012/4844/6292 347/4845/6293 2013/4846/6294 4735/4837/6283
f 4735/4837/6283 2013/4846/6294 2014/4847/6295 4738/4838/6284
f 4738/4838/6284 2014/4847/6295 2015/4848/6296 4741/4841/6287
f 4741/4841/6287 2015/4848/6296 350/4790/6297 1988/4789/6298
f 4740/4839/6285 4741/4841/6287 1988/4789/6298 1987/4788/6299
f 4739/4840/6286 4740/4839/6285 1987/4788/6299 1986/4787/6300
f 1955/4657/6301 4739/4840/6286 1986/4787/6300 247/4658/6302
f 1954/4656/6303 4736/4836/6282 4739/4840/6286 1955/4657/6301
f 1953/4655/6290 4733/4833/6279 4736/4836/6282 1954/4656/6303
f 4742/4849/6304 4743/4850/6305 4746/4851/6306 4745/4852/6307
f 4743/4850/6305 4744/4853/6308 4747/4854/6309 4746/4851/6306
f 4745/4852/6307 4746/4851/6306 4749/4855/6310 4748/4856/6311
f 4746/4851/6306 4747/4854/6309 4750/4857/6312 4749/4855/6310
f 347/4845/6313 2018/4858/6314 4742/4849/6304 2013/4846/6315
f 2018/4858/6314 2017/4859/6316 4743/4850/6305 4742/4849/6304
f 2017/4859/6316 2016/4860/6317 4744/4853/6308 4743/4850/6305
f 2016/4860/6317 346/4861/6318 2019/4862/6319 4744/4853/6308
f 4744/4853/6308 2019/4862/6319 2020/4863/6320 4747/4854/6309
f 4747/4854/6309 2020/4863/6320 2021/4864/6321 4750/4857/6312
f 4750/4857/6312 2021/4864/6321 349/4810/6322 1995/4809/6323
f 4749/4855/6310 4750/4857/6312 1995/4809/6323 1996/4808/6324
f 4748/4856/6311 4749/4855/6310 1996/4808/6324 1997/4807/6325
f 2015/4848/6326 4748/4856/6311 1997/4807/6325 350/4790/6327
f 2014/4847/6328 4745/4852/6307 4748/4856/6311 2015/4848/6326
f 2013/4846/6315 4742/4849/6304 4745/4852/6307 2014/4847/6328
f 4751/4865/6329 4752/4866/6330 4755/4867/6331 4754/4868/6332
f 4752/4866/6330 4753/4869/6333 4756/4870/6334 4755/4867/6331
f 4754/4868/6332 4755/4867/6331 4758/4871/6335 4757/4872/6336
f 4755/4867/6331 4756/4870/6334 4759/4873/6337 4758/4871/6335
f 346/4861/6338 2024/4874/6339 4751/4865/6329 2019/4862/6340
f 2024/4874/6339 2023/4875/6341 4752/4866/6330 4751/4865/6329
f 2023/4875/6341 2022/4876/6342 4753/4869/6333 4752/4866/6330
f 2022/4876/6342 345/4445/5974 1947/4635/5976 4753/4869/6333
f 4753/4869/6333 1947/4635/5976 1948/4645/5989 4756/4870/6334
f 4756/4870/6334 1948/4645/5989 1949/4643/5987 4759/4873/6337
f 4759/4873/6337 1949/4643/5987 348/4644/5988 2004/4829/6343
f 4758/4871/6335 4759/4873/6337 2004/4829/6343 2005/4828/6344
f 4757/4872/6336 4758/4871/6335 2005/4828/6344 2006/4827/6345
f 2021/4864/6346 4757/4872/6336 2006/4827/6345 349/4810/6347
f 2020/4863/6348 4754/4868/6332 4757/4872/6336 2021/4864/6346
f 2019/4862/6340 4751/4865/6329 4754/4868/6332 2020/4863/6348
f 4760/4877/6349 4761/4878/6350 4764/4879/6351 4763/4880/6352
f 4761/4878/6350 4762/4881/6353 4765/4882/6354 4764/4879/6351
f 4763/4880/6352 4764/4879/6351 4767/4883/6355 4766/4884/6356
f 4764/4879/6351 4765/4882/6354 4768/4885/6357 4767/4883/6355
f 231/4231/6358 2025/4886/6359 4760/4877/6349 1887/4457/6360
f 2025/4886/6359 2026/4887/6361 4761/4878/6350 4760/4877/6349
f 2026/4887/6361 2027/4888/6362 4762/4881/6353 4761/4878/6350
f 2027/4888/6362 344/4889/6363 2028/4890/6364 4762/4881/6353
f 4762/4881/6353 2028/4890/6364 2029/4891/6365 4765/4882/6354
f 4765/4882/6354 2029/4891/6365 2030/4892/6366 4768/4885/6357
f 4768/4885/6357 2030/4892/6366 347/4845/6367 2012/4844/6368
f 4767/4883/6355 4768/4885/6357 2012/4844/6368 2011/4843/6369
f 4766/4884/6356 4767/4883/6355 2011/4843/6369 2010/4842/6370
f 1889/4459/6371 4766/4884/6356 2010/4842/6370 239/4460/6372
f 1888/4458/6373 4763/4880/6352 4766/4884/6356 1889/4459/6371
f 1887/4457/6360 4760/4877/6349 4763/4880/6352 1888/4458/6373
f 4769/4893/6374 4770/4894/6375 4773/4895/6376 4772/4896/6377
f 4770/4894/6375 4771/4897/6378 4774/4898/6379 4773/4895/6376
f 4772/4896/6377 4773/4895/6376 4776/4899/6380 4775/4900/6381
f 4773/4895/6376 4774/4898/6379 4777/4901/6382 4776/4899/6380
f 344/4889/6383 2033/4902/6384 4769/4893/6374 2028/4890/6385
f 2033/4902/6384 2032/4903/6386 4770/4894/6375 4769/4893/6374
f 2032/4903/6386 2031/4904/6387 4771/4897/6378 4770/4894/6375
f 2031/4904/6387 343/4905/6388 2034/4906/6389 4771/4897/6378
f 4771/4897/6378 2034/4906/6389 2035/4907/6390 4774/4898/6379
f 4774/4898/6379 2035/4907/6390 2036/4908/6391 4777/4901/6382
f 4777/4901/6382 2036/4908/6391 346/4861/6392 2016/4860/6393
f 4776/4899/6380 4777/4901/6382 2016/4860/6393 2017/4859/6394
f 4775/4900/6381 4776/4899/6380 2017/4859/6394 2018/4858/6395
f 2030/4892/6396 4775/4900/6381 2018/4858/6395 347/4845/6397
f 2029/4891/6398 4772/4896/6377 4775/4900/6381 2030/4892/6396
f 2028/4890/6385 4769/4893/6374 4772/4896/6377 2029/4891/6398
f 4778/4909/6399 4779/4910/6400 4782/4911/6401 4781/4912/6402
f 4779/4910/6400 4780/4913/6403 4783/4914/6404 4782/4911/6401
f 4781/4912/6402 4782/4911/6401 4785/4915/6405 4784/4916/6406
f 4782/4911/6401 4783/4914/6404 4786/4917/6407 4785/4915/6405
f 343/4905/6408 2039/4918/6409 4778/4909/6399 2034/4906/6410
f 2039/4918/6409 2038/4919/6411 4779/4910/6400 4778/4909/6399
f 2038/4919/6411 2037/4920/6412 4780/4913/6403 4779/4910/6400
f 2037/4920/6412 342/4366/5705 1878/4437/5707 4780/4913/6403
f 4780/4913/6403 1878/4437/5707 1879/4446/5720 4783/4914/6404
f 4783/4914/6404 1879/4446/5720 1880/4444/5718 4786/4917/6407
f 4786/4917/6407 1880/4444/5718 345/4445/5719 2022/4876/6413
f 4785/4915/6405 4786/4917/6407 2022/4876/6413 2023/4875/6414
f 4784/4916/6406 4785/4915/6405 2023/4875/6414 2024/4874/6415
f 2036/4908/6416 4784/4916/6406 2024/4874/6415 346/4861/6417
f 2035/4907/6418 4781/4912/6402 4784/4916/6406 2036/4908/6416
f 2034/4906/6410 4778/4909/6399 4781/4912/6402 2035/4907/6418
f 4787/4921/6419 4788/4922/6420 4791/4923/6421 4790/4924/6422
f 4788/4922/6420 4789/4925/6423 4792/4926/6424 4791/4923/6421
f 4790/4924/6422 4791/4923/6421 4794/4927/6425 4793/4928/6426
f 4791/4923/6421 4792/4926/6424 4795/4929/6427 4794/4927/6425
f 223/4163/6428 2040/4930/6429 4787/4921/6419 1809/4228/6430
f 2040/4930/6429 2041/4931/6431 4788/4922/6420 4787/4921/6419
f 2041/4931/6431 2042/4932/6432 4789/4925/6423 4788/4922/6420
f 2042/4932/6432 341/4933/6433 2043/4934/6434 4789/4925/6423
f 4789/4925/6423 2043/4934/6434 2044/4935/6435 4792/4926/6424
f 4792/4926/6424 2044/4935/6435 2045/4936/6436 4795/4929/6427
f 4795/4929/6427 2045/4936/6436 344/4889/6437 2027/4888/6438
f 4794/4927/6425 4795/4929/6427 2027/4888/6438 2026/4887/6439
f 4793/4928/6426 4794/4927/6425 2026/4887/6439 2025/4886/6440
f 1811/4230/6441 4793/4928/6426 2025/4886/6440 231/4231/6442
f 1810/4229/6443 4790/4924/6422 4793/4928/6426 1811/4230/6441
f 1809/4228/6430 4787/4921/6419 4790/4924/6422 1810/4229/6443
f 4796/4937/6444 4797/4938/6445 4800/4939/6446 4799/4940/6447
f 4797/4938/6445 4798/4941/6448 4801/4942/6449 4800/4939/6446
f 4799/4940/6447 4800/4939/6446 4803/4943/6450 4802/4944/6451
f 4800/4939/6446 4801/4942/6449 4804/4945/6452 4803/4943/6450
f 341/4933/6453 2048/4946/6454 4796/4937/6444 2043/4934/6455
f 2048/4946/6454 2047/4947/6456 4797/4938/6445 4796/4937/6444
f 2047/4947/6456 2046/4948/6457 4798/4941/6448 4797/4938/6445
f 2046/4948/6457 340/4949/6458 2049/4950/6459 4798/4941/6448
f 4798/4941/6448 2049/4950/6459 2050/4951/6460 4801/4942/6449
f 4801/4942/6449 2050/4951/6460 2051/4952/6461 4804/4945/6452
f 4804/4945/6452 2051/4952/6461 343/4905/6462 2031/4904/6463
f 4803/4943/6450 4804/4945/6452 2031/4904/6463 2032/4903/6464
f 4802/4944/6451 4803/4943/6450 2032/4903/6464 2033/4902/6465
f 2045/4936/6466 4802/4944/6451 2033/4902/6465 344/4889/6467
f 2044/4935/6468 4799/4940/6447 4802/4944/6451 2045/4936/6466
f 2043/4934/6455 4796/4937/6444 4799/4940/6447 2044/4935/6468
f 4805/4953/6469 4806/4954/6470 4809/4955/6471 4808/4956/6472
f 4806/4954/6470 4807/4957/6473 4810/4958/6474 4809/4955/6471
f 4808/4956/6472 4809/4955/6471 4812/4959/6475 4811/4960/6476
f 4809/4955/6471 4810/4958/6474 4813/4961/6477 4812/4959/6475
f 340/4949/6478 2054/4962/6479 4805/4953/6469 2049/4950/6480
f 2054/4962/6479 2053/4963/6481 4806/4954/6470 4805/4953/6469
f 2053/4963/6481 2052/4964/6482 4807/4957/6473 4806/4954/6470
f 2052/4964/6482 339/4148/5611 1851/4357/5613 4807/4957/6473
f 4807/4957/6473 1851/4357/5613 1852/4367/5626 4810/4958/6474
f 4810/4958/6474 1852/4367/5626 1853/4365/5624 4813/4961/6477
f 4813/4961/6477 1853/4365/5624 342/4366/5625 2037/4920/6483
f 4812/4959/6475 4813/4961/6477 2037/4920/6483 2038/4919/6484
f 4811/4960/6476 4812/4959/6475 2038/4919/6484 2039/4918/6485
f 2051/4952/6486 4811/4960/6476 2039/4918/6485 343/4905/6487
f 2050/4951/6488 4808/4956/6472 4811/4960/6476 2051/4952/6486
f 2049/4950/6480 4805/4953/6469 4808/4956/6472 2050/4951/6488
f 4814/4965/6489 4815/4966/6490 4818/4967/6491 4817/4968/6492
f 4815/4966/6490 4816/4969/6493 4819/4970/6494 4818/4967/6491
f 4817/4968/6492 4818/4967/6491 4821/4971/6495 4820/4972/6496
f 4818/4967/6491 4819/4970/6494 4822/4973/6497 4821/4971/6495
f 215/3939/6498 2055/4974/6499 4814/4965/6489 1785/4160/6500
f 2055/4974/6499 2056/4975/6501 4815/4966/6490 4814/4965/6489
f 2056/4975/6501 2057/4976/6502 4816/4969/6493 4815/4966/6490
f 2057/4976/6502 338/4977/6503 2058/4978/6504 4816/4969/6493
f 4816/4969/6493 2058/4978/6504 2059/4979/6505 4819/4970/6494
f 4819/4970/6494 2059/4979/6505 2060/4980/6506 4822/4973/6497
f 4822/4973/6497 2060/4980/6506 341/4933/6507 2042/4932/6508
f 4821/4971/6495 4822/4973/6497 2042/4932/6508 2041/4931/6509
f 4820/4972/6496 4821/4971/6495 2041/4931/6509 2040/4930/6510
f 1787/4162/6511 4820/4972/6496 2040/4930/6510 223/4163/6512
f 1786/4161/6513 4817/4968/6492 4820/4972/6496 1787/4162/6511
f 1785/4160/6500 4814/4965/6489 4817/4968/6492 1786/4161/6513
f 4823/4981/6514 4824/4982/6515 4827/4983/6516 4826/4984/6517
f 4824/4982/6515 4825/4985/6518 4828/4986/6519 4827/4983/6516
f 4826/4984/6517 4827/4983/6516 4830/4987/6520 4829/4988/6521
f 4827/4983/6516 4828/4986/6519 4831/4989/6522 4830/4987/6520
f 338/4977/6523 2063/4990/6524 4823/4981/6514 2058/4978/6525
f 2063/4990/6524 2062/4991/6526 4824/4982/6515 4823/4981/6514
f 2062/4991/6526 2061/4992/6527 4825/4985/6518 4824/4982/6515
f 2061/4992/6527 337/4993/6528 2064/4994/6529 4825/4985/6518
f 4825/4985/6518 2064/4994/6529 2065/4995/6530 4828/4986/6519
f 4828/4986/6519 2065/4995/6530 2066/4996/6531 4831/4989/6522
f 4831/4989/6522 2066/4996/6531 340/4949/6532 2046/4948/6533
f 4830/4987/6520 4831/4989/6522 2046/4948/6533 2047/4947/6534
f 4829/4988/6521 4830/4987/6520 2047/4947/6534 2048/4946/6535
f 2060/4980/6536 4829/4988/6521 2048/4946/6535 341/4933/6537
f 2059/4979/6538 4826/4984/6517 4829/4988/6521 2060/4980/6536
f 2058/4978/6525 4823/4981/6514 4826/4984/6517 2059/4979/6538
f 4832/4997/6539 4833/4998/6540 4836/4999/6541 4835/5000/6542
f 4833/4998/6540 4834/5001/6543 4837/5002/6544 4836/4999/6541
f 4835/5000/6542 4836/4999/6541 4839/5003/6545 4838/5004/6546
f 4836/4999/6541 4837/5002/6544 4840/5005/6547 4839/5003/6545
f 337/4993/6548 2069/5006/6549 4832/4997/6539 2064/4994/6550
f 2069/5006/6549 2068/5007/6551 4833/4998/6540 4832/4997/6539
f 2068/5007/6551 2067/5008/6552 4834/5001/6543 4833/4998/6540
f 2067/5008/6552 336/4069/5317 1776/4140/5319 4834/5001/6543
f 4834/5001/6543 1776/4140/5319 1777/4149/5332 4837/5002/6544
f 4837/5002/6544 1777/4149/5332 1778/4147/5330 4840/5005/6547
f 4840/5005/6547 1778/4147/5330 339/4148/5331 2052/4964/6553
f 4839/5003/6545 4840/5005/6547 2052/4964/6553 2053/4963/6554
f 4838/5004/6546 4839/5003/6545 2053/4963/6554 2054/4962/6555
f 2066/4996/6556 4838/5004/6546 2054/4962/6555 340/4949/6557
f 2065/4995/6558 4835/5000/6542 4838/5004/6546 2066/4996/6556
f 2064/4994/6550 4832/4997/6539 4835/5000/6542 2065/4995/6558
f 4841/5009/6559 4842/5010/6560 4845/5011/6561 4844/5012/6562
f 4842/5010/6560 4843/5013/6563 4846/5014/6564 4845/5011/6561
f 4844/5012/6562 4845/5011/6561 4848/5015/6565 4847/5016/6566
f 4845/5011/6561 4846/5014/6564 4849/5017/6567 4848/5015/6565
f 207/3884/6568 2070/5018/6569 4841/5009/6559 1707/3936/6570
f 2070/5018/6569 2071/5019/6571 4842/5010/6560 4841/5009/6559
f 2071/5019/6571 2072/5020/6572 4843/5013/6563 4842/5010/6560
f 2072/5020/6572 335/5021/6573 2073/5022/6574 4843/5013/6563
f 4843/5013/6563 2073/5022/6574 2074/5023/6575 4846/5014/6564
f 4846/5014/6564 2074/5023/6575 2075/5024/6576 4849/5017/6567
f 4849/5017/6567 2075/5024/6576 338/4977/6577 2057/4976/6578
f 4848/5015/6565 4849/5017/6567 2057/4976/6578 2056/4975/6579
f 4847/5016/6566 4848/5015/6565 2056/4975/6579 2055/4974/6580
f 1709/3938/6581 4847/5016/6566 2055/4974/6580 215/3939/6582
f 1708/3937/6583 4844/5012/6562 4847/5016/6566 1709/3938/6581
f 1707/3936/6570 4841/5009/6559 4844/5012/6562 1708/3937/6583
f 4850/5025/6584 4851/5026/6585 4854/5027/6586 4853/5028/6587
f 4851/5026/6585 4852/5029/6588 4855/5030/6589 4854/5027/6586
f 4853/5028/6587 4854/5027/6586 4857/5031/6590 4856/5032/6591
f 4854/5027/6586 4855/5030/6589 4858/5033/6592 4857/5031/6590
f 335/5021/6593 2078/5034/6594 4850/5025/6584 2073/5022/6595
f 2078/5034/6594 2077/5035/6596 4851/5026/6585 4850/5025/6584
f 2077/5035/6596 2076/5036/6597 4852/5029/6588 4851/5026/6585
f 2076/5036/6597 334/5037/6598 2079/5038/6599 4852/5029/6588
f 4852/5029/6588 2079/5038/6599 2080/5039/6600 4855/5030/6589
f 4855/5030/6589 2080/5039/6600 2081/5040/6601 4858/5033/6592
f 4858/5033/6592 2081/5040/6601 337/4993/6602 2061/4992/6603
f 4857/5031/6590 4858/5033/6592 2061/4992/6603 2062/4991/6604
f 4856/5032/6591 4857/5031/6590 2062/4991/6604 2063/4990/6605
f 2075/5024/6606 4856/5032/6591 2063/4990/6605 338/4977/6607
f 2074/5023/6608 4853/5028/6587 4856/5032/6591 2075/5024/6606
f 2073/5022/6595 4850/5025/6584 4853/5028/6587 2074/5023/6608
f 4859/5041/6609 4860/5042/6610 4863/5043/6611 4862/5044/6612
f 4860/5042/6610 4861/5045/6613 4864/5046/6614 4863/5043/6611
f 4862/5044/6612 4863/5043/6611 4866/5047/6615 4865/5048/6616
f 4863/5043/6611 4864/5046/6614 4867/5049/6617 4866/5047/6615
f 334/5037/6618 2084/5050/6619 4859/5041/6609 2079/5038/6620
f 2084/5050/6619 2083/5051/6621 4860/5042/6610 4859/5041/6609
f 2083/5051/6621 2082/5052/6622 4861/5045/6613 4860/5042/6610
f 2082/5052/6622 333/3864/5223 1749/4061/5225 4861/5045/6613
f 4861/5045/6613 1749/4061/5225 1750/4070/5238 4864/5046/6614
f 4864/5046/6614 1750/4070/5238 1751/4068/5236 4867/5049/6617
f 4867/5049/6617 1751/4068/5236 336/4069/5237 2067/5008/6623
f 4866/5047/6615 4867/5049/6617 2067/5008/6623 2068/5007/6624
f 4865/5048/6616 4866/5047/6615 2068/5007/6624 2069/5006/6625
f 2081/5040/6626 4865/5048/6616 2069/5006/6625 337/4993/6627
f 2080/5039/6628 4862/5044/6612 4865/5048/6616 2081/5040/6626
f 2079/5038/6620 4859/5041/6609 4862/5044/6612 2080/5039/6628
f 4868/5053/6629 4869/5054/6630 4872/5055/6631 4871/5056/6632
f 4869/5054/6630 4870/5057/6633 4873/5058/6634 4872/5055/6631
f 4871/5056/6632 4872/5055/6631 4875/5059/6635 4874/5060/6636
f 4872/5055/6631 4873/5058/6634 4876/5061/6637 4875/5059/6635
f 199/3880/6638 2085/5062/6639 4868/5053/6629 1689/3881/6640
f 2085/5062/6639 2086/5063/6641 4869/5054/6630 4868/5053/6629
f 2086/5063/6641 2087/5064/6642 4870/5057/6633 4869/5054/6630
f 2087/5064/6642 332/5065/6643 2088/5066/6644 4870/5057/6633
f 4870/5057/6633 2088/5066/6644 2089/5067/6645 4873/5058/6634
f 4873/5058/6634 2089/5067/6645 2090/5068/6646 4876/5061/6637
f 4876/5061/6637 2090/5068/6646 335/5021/6647 2072/5020/6648
f 4875/5059/6635 4876/5061/6637 2072/5020/6648 2071/5019/6649
f 4874/5060/6636 4875/5059/6635 2071/5019/6649 2070/5018/6650
f 1691/3883/6651 4874/5060/6636 2070/5018/6650 207/3884/6652
f 1690/3882/6653 4871/5056/6632 4874/5060/6636 1691/3883/6651
f 1689/3881/6640 4868/5053/6629 4871/5056/6632 1690/3882/6653
f 4877/5069/6654 4878/5070/6655 4881/5071/6656 4880/5072/6657
f 4878/5070/6655 4879/5073/6658 4882/5074/6659 4881/5071/6656
f 4880/5072/6657 4881/5071/6656 4884/5075/6660 4883/5076/6661
f 4881/5071/6656 4882/5074/6659 4885/5077/6662 4884/5075/6660
f 332/5065/6663 2093/5078/6664 4877/5069/6654 2088/5066/6665
f 2093/5078/6664 2092/5079/6666 4878/5070/6655 4877/5069/6654
f 2092/5079/6666 2091/5080/6667 4879/5073/6658 4878/5070/6655
f 2091/5080/6667 331/5081/6668 2094/5082/6669 4879/5073/6658
f 4879/5073/6658 2094/5082/6669 2095/5083/6670 4882/5074/6659
f 4882/5074/6659 2095/5083/6670 2096/5084/6671 4885/5077/6662
f 4885/5077/6662 2096/5084/6671 334/5037/6672 2076/5036/6673
f 4884/5075/6660 4885/5077/6662 2076/5036/6673 2077/5035/6674
f 4883/5076/6661 4884/5075/6660 2077/5035/6674 2078/5034/6675
f 2090/5068/6676 4883/5076/6661 2078/5034/6675 335/5021/6677
f 2089/5067/6678 4880/5072/6657 4883/5076/6661 2090/5068/6676
f 2088/5066/6665 4877/5069/6654 4880/5072/6657 2089/5067/6678
f 4886/5085/6679 4887/5086/6680 4890/5087/6681 4889/5088/6682
f 4887/5086/6680 4888/5089/6683 4891/5090/6684 4890/5087/6681
f 4889/5088/6682 4890/5087/6681 4893/5091/6685 4892/5092/6686
f 4890/5087/6681 4891/5090/6684 4894/5093/6687 4893/5091/6685
f 331/5081/6688 2099/5094/6689 4886/5085/6679 2094/5082/6690
f 2099/5094/6689 2098/5095/6691 4887/5086/6680 4886/5085/6679
f 2098/5095/6691 2097/5096/6692 4888/5089/6683 4887/5086/6680
f 2097/5096/6692 330/3851/4954 1680/3853/4956 4888/5089/6683
f 4888/5089/6683 1680/3853/4956 1681/3865/4969 4891/5090/6684
f 4891/5090/6684 1681/3865/4969 1682/3863/4967 4894/5093/6687
f 4894/5093/6687 1682/3863/4967 333/3864/4968 2082/5052/6693
f 4893/5091/6685 4894/5093/6687 2082/5052/6693 2083/5051/6694
f 4892/5092/6686 4893/5091/6685 2083/5051/6694 2084/5050/6695
f 2096/5084/6696 4892/5092/6686 2084/5050/6695 334/5037/6697
f 2095/5083/6698 4889/5088/6682 4892/5092/6686 2096/5084/6696
f 2094/5082/6690 4886/5085/6679 4889/5088/6682 2095/5083/6698
f 4895/5097/6699 4896/5098/6700 4899/5099/6701 4898/5100/6702
f 4896/5098/6700 4897/5101/6703 4900/5102/6704 4899/5099/6701
f 4898/5100/6702 4899/5099/6701 4902/5103/6705 4901/5104/6706
f 4899/5099/6701 4900/5102/6704 4903/5105/6707 4902/5103/6705
f 191/3626/6708 2100/5106/6709 4895/5097/6699 1614/3627/6710
f 2100/5106/6709 2101/5107/6711 4896/5098/6700 4895/5097/6699
f 2101/5107/6711 2102/5108/6712 4897/5101/6703 4896/5098/6700
f 2102/5108/6712 329/5109/6713 2103/5110/6714 4897/5101/6703
f 4897/5101/6703 2103/5110/6714 2104/5111/6715 4900/5102/6704
f 4900/5102/6704 2104/5111/6715 2105/5112/6716 4903/5105/6707
f 4903/5105/6707 2105/5112/6716 332/5113/6717 2087/5114/6718
f 4902/5103/6705 4903/5105/6707 2087/5114/6718 2086/5115/6719
f 4901/5104/6706 4902/5103/6705 2086/5115/6719 2085/5116/6720
f 1616/3629/6721 4901/5104/6706 2085/5116/6720 199/3630/6722
f 1615/3628/6723 4898/5100/6702 4901/5104/6706 1616/3629/6721
f 1614/3627/6710 4895/5097/6699 4898/5100/6702 1615/3628/6723
f 4904/5117/6724 4905/5118/6725 4908/5119/6726 4907/5120/6727
f 4905/5118/6725 4906/5121/6728 4909/5122/6729 4908/5119/6726
f 4907/5120/6727 4908/5119/6726 4911/5123/6730 4910/5124/6731
f 4908/5119/6726 4909/5122/6729 4912/5125/6732 4911/5123/6730
f 329/5109/6733 2108/5126/6734 4904/5117/6724 2103/5110/6735
f 2108/5126/6734 2107/5127/6736 4905/5118/6725 4904/5117/6724
f 2107/5127/6736 2106/5128/6737 4906/5121/6728 4905/5118/6725
f 2106/5128/6737 328/5129/6738 2109/5130/6739 4906/5121/6728
f 4906/5121/6728 2109/5130/6739 2110/5131/6740 4909/5122/6729
f 4909/5122/6729 2110/5131/6740 2111/5132/6741 4912/5125/6732
f 4912/5125/6732 2111/5132/6741 331/5133/6742 2091/5134/6743
f 4911/5123/6730 4912/5125/6732 2091/5134/6743 2092/5135/6744
f 4910/5124/6731 4911/5123/6730 2092/5135/6744 2093/5136/6745
f 2105/5112/6746 4910/5124/6731 2093/5136/6745 332/5113/6747
f 2104/5111/6748 4907/5120/6727 4910/5124/6731 2105/5112/6746
f 2103/5110/6735 4904/5117/6724 4907/5120/6727 2104/5111/6748
f 4913/5137/6749 4914/5138/6750 4917/5139/6751 4916/5140/6752
f 4914/5138/6750 4915/5141/6753 4918/5142/6754 4917/5139/6751
f 4916/5140/6752 4917/5139/6751 4920/5143/6755 4919/5144/6756
f 4917/5139/6751 4918/5142/6754 4921/5145/6757 4920/5143/6755
f 328/5129/6758 2114/5146/6759 4913/5137/6749 2109/5130/6760
f 2114/5146/6759 2113/5147/6761 4914/5138/6750 4913/5137/6749
f 2113/5147/6761 2112/5148/6762 4915/5141/6753 4914/5138/6750
f 2112/5148/6762 327/3596/4666 1602/3598/4668 4915/5141/6753
f 4915/5141/6753 1602/3598/4668 1603/3611/4681 4918/5142/6754
f 4918/5142/6754 1603/3611/4681 1604/3609/4679 4921/5145/6757
f 4921/5145/6757 1604/3609/4679 330/3610/4680 2097/5149/6763
f 4920/5143/6755 4921/5145/6757 2097/5149/6763 2098/5150/6764
f 4919/5144/6756 4920/5143/6755 2098/5150/6764 2099/5151/6765
f 2111/5132/6766 4919/5144/6756 2099/5151/6765 331/5133/6767
f 2110/5131/6768 4916/5140/6752 4919/5144/6756 2111/5132/6766
f 2109/5130/6760 4913/5137/6749 4916/5140/6752 2110/5131/6768
f 4922/5152/6769 4923/5153/6770 4926/5154/6771 4925/5155/6772
f 4923/5153/6770 4924/5156/6773 4927/5157/6774 4926/5154/6771
f 4925/5155/6772 4926/5154/6771 4929/5158/6775 4928/5159/6776
f 4926/5154/6771 4927/5157/6774 4930/5160/6777 4929/5158/6775
f 183/3562/6778 2115/5161/6779 4922/5152/6769 1593/3563/6780
f 2115/5161/6779 2116/5162/6781 4923/5153/6770 4922/5152/6769
f 2116/5162/6781 2117/5163/6782 4924/5156/6773 4923/5153/6770
f 2117/5163/6782 326/5164/6783 2118/5165/6784 4924/5156/6773
f 4924/5156/6773 2118/5165/6784 2119/5166/6785 4927/5157/6774
f 4927/5157/6774 2119/5166/6785 2120/5167/6786 4930/5160/6777
f 4930/5160/6777 2120/5167/6786 329/5168/6787 2102/5169/6788
f 4929/5158/6775 4930/5160/6777 2102/5169/6788 2101/5170/6789
f 4928/5159/6776 4929/5158/6775 2101/5170/6789 2100/5171/6790
f 1595/3565/6791 4928/5159/6776 2100/5171/6790 191/3566/6792
f 1594/3564/6793 4925/5155/6772 4928/5159/6776 1595/3565/6791
f 1593/3563/6780 4922/5152/6769 4925/5155/6772 1594/3564/6793
f 4931/5172/6794 4932/5173/6795 4935/5174/6796 4934/5175/6797
f 4932/5173/6795 4933/5176/6798 4936/5177/6799 4935/5174/6796
f 4934/5175/6797 4935/5174/6796 4938/5178/6800 4937/5179/6801
f 4935/5174/6796 4936/5177/6799 4939/5180/6802 4938/5178/6800
f 326/5164/6803 2123/5181/6804 4931/5172/6794 2118/5165/6805
f 2123/5181/6804 2122/5182/6806 4932/5173/6795 4931/5172/6794
f 2122/5182/6806 2121/5183/6807 4933/5176/6798 4932/5173/6795
f 2121/5183/6807 325/5184/6808 2124/5185/6809 4933/5176/6798
f 4933/5176/6798 2124/5185/6809 2125/5186/6810 4936/5177/6799
f 4936/5177/6799 2125/5186/6810 2126/5187/6811 4939/5180/6802
f 4939/5180/6802 2126/5187/6811 328/5188/6812 2106/5189/6813
f 4938/5178/6800 4939/5180/6802 2106/5189/6813 2107/5190/6814
f 4937/5179/6801 4938/5178/6800 2107/5190/6814 2108/5191/6815
f 2120/5167/6816 4937/5179/6801 2108/5191/6815 329/5168/6817
f 2119/5166/6818 4934/5175/6797 4937/5179/6801 2120/5167/6816
f 2118/5165/6805 4931/5172/6794 4934/5175/6797 2119/5166/6818
f 4940/5192/6819 4941/5193/6820 4944/5194/6821 4943/5195/6822
f 4941/5193/6820 4942/5196/6823 4945/5197/6824 4944/5194/6821
f 4943/5195/6822 4944/5194/6821 4947/5198/6825 4946/5199/6826
f 4944/5194/6821 4945/5197/6824 4948/5200/6827 4947/5198/6825
f 325/5184/6828 2129/5201/6829 4940/5192/6819 2124/5185/6830
f 2129/5201/6829 2128/5202/6831 4941/5193/6820 4940/5192/6819
f 2128/5202/6831 2127/5203/6832 4942/5196/6823 4941/5193/6820
f 2127/5203/6832 324/3538/4591 1584/3540/4593 4942/5196/6823
f 4942/5196/6823 1584/3540/4593 1585/3548/4606 4945/5197/6824
f 4945/5197/6824 1585/3548/4606 1586/3546/4604 4948/5200/6827
f 4948/5200/6827 1586/3546/4604 327/3547/4605 2112/5204/6833
f 4947/5198/6825 4948/5200/6827 2112/5204/6833 2113/5205/6834
f 4946/5199/6826 4947/5198/6825 2113/5205/6834 2114/5206/6835
f 2126/5187/6836 4946/5199/6826 2114/5206/6835 328/5188/6837
f 2125/5186/6838 4943/5195/6822 4946/5199/6826 2126/5187/6836
f 2124/5185/6830 4940/5192/6819 4943/5195/6822 2125/5186/6838
f 4949/5207/6839 4950/5208/6840 4953/5209/6841 4952/5210/6842
f 4950/5208/6840 4951/5211/6843 4954/5212/6844 4953/5209/6841
f 4952/5210/6842 4953/5209/6841 4956/5213/6845 4955/5214/6846
f 4953/5209/6841 4954/5212/6844 4957/5215/6847 4956/5213/6845
f 175/3262/6848 2130/5216/6849 4949/5207/6839 1518/3330/6850
f 2130/5216/6849 2131/5217/6851 4950/5208/6840 4949/5207/6839
f 2131/5217/6851 2132/5218/6852 4951/5211/6843 4950/5208/6840
f 2132/5218/6852 323/5219/6853 2133/5220/6854 4951/5211/6843
f 4951/5211/6843 2133/5220/6854 2134/5221/6855 4954/5212/6844
f 4954/5212/6844 2134/5221/6855 2135/5222/6856 4957/5215/6847
f 4957/5215/6847 2135/5222/6856 326/5223/6857 2117/5224/6858
f 4956/5213/6845 4957/5215/6847 2117/5224/6858 2116/5162/6859
f 4955/5214/6846 4956/5213/6845 2116/5162/6859 2115/5161/6860
f 1520/3332/6861 4955/5214/6846 2115/5161/6860 183/3333/6862
f 1519/3331/6863 4952/5210/6842 4955/5214/6846 1520/3332/6861
f 1518/3330/6850 4949/5207/6839 4952/5210/6842 1519/3331/6863
f 4958/5225/6864 4959/5226/6865 4962/5227/6866 4961/5228/6867
f 4959/5226/6865 4960/5229/6868 4963/5230/6869 4962/5227/6866
f 4961/5228/6867 4962/5227/6866 4965/5231/6870 4964/5232/6871
f 4962/5227/6866 4963/5230/6869 4966/5233/6872 4965/5231/6870
f 323/5219/6873 2138/5234/6874 4958/5225/6864 2133/5220/6875
f 2138/5234/6874 2137/5235/6876 4959/5226/6865 4958/5225/6864
f 2137/5235/6876 2136/5236/6877 4960/5229/6868 4959/5226/6865
f 2136/5236/6877 322/5237/6878 2139/5238/6879 4960/5229/6868
f 4960/5229/6868 2139/5238/6879 2140/5239/6880 4963/5230/6869
f 4963/5230/6869 2140/5239/6880 2141/5240/6881 4966/5233/6872
f 4966/5233/6872 2141/5240/6881 325/5184/6882 2121/5241/6883
f 4965/5231/6870 4966/5233/6872 2121/5241/6883 2122/5182/6884
f 4964/5232/6871 4965/5231/6870 2122/5182/6884 2123/5242/6885
f 2135/5222/6886 4964/5232/6871 2123/5242/6885 326/5223/6887
f 2134/5221/6888 4961/5228/6867 4964/5232/6871 2135/5222/6886
f 2133/5220/6875 4958/5225/6864 4961/5228/6867 2134/5221/6888
f 4967/5243/6889 4968/5244/6890 4971/5245/6891 4970/5246/6892
f 4968/5244/6890 4969/5247/6893 4972/5248/6894 4971/5245/6891
f 4970/5246/6892 4971/5245/6891 4974/5249/6895 4973/5250/6896
f 4971/5245/6891 4972/5248/6894 4975/5251/6897 4974/5249/6895
f 322/5237/6898 2144/5252/6899 4967/5243/6889 2139/5238/6900
f 2144/5252/6899 2143/5253/6901 4968/5244/6890 4967/5243/6889
f 2143/5253/6901 2142/5254/6902 4969/5247/6893 4968/5244/6890
f 2142/5254/6902 321/3247/4303 1509/3310/4305 4969/5247/6893
f 4969/5247/6893 1509/3310/4305 1510/3319/4318 4972/5248/6894
f 4972/5248/6894 1510/3319/4318 1511/3317/4316 4975/5251/6897
f 4975/5251/6897 1511/3317/4316 324/3318/4317 2127/5255/6903
f 4974/5249/6895 4975/5251/6897 2127/5255/6903 2128/5256/6904
f 4973/5250/6896 4974/5249/6895 2128/5256/6904 2129/5257/6905
f 2141/5240/6906 4973/5250/6896 2129/5257/6905 325/5184/6907
f 2140/5239/6908 4970/5246/6892 4973/5250/6896 2141/5240/6906
f 2139/5238/6900 4967/5243/6889 4970/5246/6892 2140/5239/6908
f 4976/5258/6909 4977/5259/6910 4980/5260/6911 4979/5261/6912
f 4977/5259/6910 4978/5262/6913 4981/5263/6914 4980/5260/6911
f 4979/5261/6912 4980/5260/6911 4983/5264/6915 4982/5265/6916
f 4980/5260/6911 4981/5263/6914 4984/5266/6917 4983/5264/6915
f 167/3063/6918 2145/5267/6919 4976/5258/6909 1491/3259/6920
f 2145/5267/6919 2146/5268/6921 4977/5259/6910 4976/5258/6909
f 2146/5268/6921 2147/5269/6922 4978/5262/6913 4977/5259/6910
f 2147/5269/6922 320/5270/6923 2148/5271/6924 4978/5262/6913
f 4978/5262/6913 2148/5271/6924 2149/5272/6925 4981/5263/6914
f 4981/5263/6914 2149/5272/6925 2150/5273/6926 4984/5266/6917
f 4984/5266/6917 2150/5273/6926 323/5219/6927 2132/5218/6928
f 4983/5264/6915 4984/5266/6917 2132/5218/6928 2131/5217/6929
f 4982/5265/6916 4983/5264/6915 2131/5217/6929 2130/5216/6930
f 1493/3261/6931 4982/5265/6916 2130/5216/6930 175/3262/6932
f 1492/3260/6933 4979/5261/6912 4982/5265/6916 1493/3261/6931
f 1491/3259/6920 4976/5258/6909 4979/5261/6912 1492/3260/6933
f 4985/5274/6934 4986/5275/6935 4989/5276/6936 4988/5277/6937
f 4986/5275/6935 4987/5278/6938 4990/5279/6939 4989/5276/6936
f 4988/5277/6937 4989/5276/6936 4992/5280/6940 4991/5281/6941
f 4989/5276/6936 4990/5279/6939 4993/5282/6942 4992/5280/6940
f 320/5270/6943 2153/5283/6944 4985/5274/6934 2148/5271/6945
f 2153/5283/6944 2152/5284/6946 4986/5275/6935 4985/5274/6934
f 2152/5284/6946 2151/5285/6947 4987/5278/6938 4986/5275/6935
f 2151/5285/6947 319/5286/6948 2154/5287/6949 4987/5278/6938
f 4987/5278/6938 2154/5287/6949 2155/5288/6950 4990/5279/6939
f 4990/5279/6939 2155/5288/6950 2156/5289/6951 4993/5282/6942
f 4993/5282/6942 2156/5289/6951 322/5237/6952 2136/5236/6953
f 4992/5280/6940 4993/5282/6942 2136/5236/6953 2137/5235/6954
f 4991/5281/6941 4992/5280/6940 2137/5235/6954 2138/5234/6955
f 2150/5273/6956 4991/5281/6941 2138/5234/6955 323/5219/6957
f 2149/5272/6958 4988/5277/6937 4991/5281/6941 2150/5273/6956
f 2148/5271/6945 4985/5274/6934 4988/5277/6937 2149/5272/6958
f 4994/5290/6959 4995/5291/6960 4998/5292/6961 4997/5293/6962
f 4995/5291/6960 4996/5294/6963 4999/5295/6964 4998/5292/6961
f 4997/5293/6962 4998/5292/6961 5001/5296/6965 5000/5297/6966
f 4998/5292/6961 4999/5295/6964 5002/5298/6967 5001/5296/6965
f 319/5286/6968 2159/5299/6969 4994/5290/6959 2154/5287/6970
f 2159/5299/6969 2158/5300/6971 4995/5291/6960 4994/5290/6959
f 2158/5300/6971 2157/5301/6972 4996/5294/6963 4995/5291/6960
f 2157/5301/6972 318/3048/4203 1482/3239/4205 4996/5294/6963
f 4996/5294/6963 1482/3239/4205 1483/3248/4218 4999/5295/6964
f 4999/5295/6964 1483/3248/4218 1484/3246/4216 5002/5298/6967
f 5002/5298/6967 1484/3246/4216 321/3247/4217 2142/5254/6973
f 5001/5296/6965 5002/5298/6967 2142/5254/6973 2143/5253/6974
f 5000/5297/6966 5001/5296/6965 2143/5253/6974 2144/5252/6975
f 2156/5289/6976 5000/5297/6966 2144/5252/6975 322/5237/6977
f 2155/5288/6978 4997/5293/6962 5000/5297/6966 2156/5289/6976
f 2154/5287/6970 4994/5290/6959 4997/5293/6962 2155/5288/6978
f 5003/5302/6979 5004/5303/6980 5007/5304/6981 5006/5305/6982
f 5004/5303/6980 5005/5306/6983 5008/5307/6984 5007/5304/6981
f 5006/5305/6982 5007/5304/6981 5010/5308/6985 5009/5309/6986
f 5007/5304/6981 5008/5307/6984 5011/5310/6987 5010/5308/6985
f 159/2985/6988 2160/5311/6989 5003/5302/6979 1422/3060/6990
f 2160/5311/6989 2161/5312/6991 5004/5303/6980 5003/5302/6979
f 2161/5312/6991 2162/5313/6992 5005/5306/6983 5004/5303/6980
f 2162/5313/6992 317/5314/6993 2163/5315/6994 5005/5306/6983
f 5005/5306/6983 2163/5315/6994 2164/5316/6995 5008/5307/6984
f 5008/5307/6984 2164/5316/6995 2165/5317/6996 5011/5310/6987
f 5011/5310/6987 2165/5317/6996 320/5270/6997 2147/5269/6998
f 5010/5308/6985 5011/5310/6987 2147/5269/6998 2146/5268/6999
f 5009/5309/6986 5010/5308/6985 2146/5268/6999 2145/5267/7000
f 1424/3062/7001 5009/5309/6986 2145/5267/7000 167/3063/7002
f 1423/3061/7003 5006/5305/6982 5009/5309/6986 1424/3062/7001
f 1422/3060/6990 5003/5302/6979 5006/5305/6982 1423/3061/7003
f 5012/5318/7004 5013/5319/7005 5016/5320/7006 5015/5321/7007
f 5013/5319/7005 5014/5322/7008 5017/5323/7009 5016/5320/7006
f 5015/5321/7007 5016/5320/7006 5019/5324/7010 5018/5325/7011
f 5016/5320/7006 5017/5323/7009 5020/5326/7012 5019/5324/7010
f 317/5314/7013 2168/5327/7014 5012/5318/7004 2163/5315/7015
f 2168/5327/7014 2167/5328/7016 5013/5319/7005 5012/5318/7004
f 2167/5328/7016 2166/5329/7017 5014/5322/7008 5013/5319/7005
f 2166/5329/7017 316/5330/7018 2169/5331/7019 5014/5322/7008
f 5014/5322/7008 2169/5331/7019 2170/5332/7020 5017/5323/7009
f 5017/5323/7009 2170/5332/7020 2171/5333/7021 5020/5326/7012
f 5020/5326/7012 2171/5333/7021 319/5286/7022 2151/5285/7023
f 5019/5324/7010 5020/5326/7012 2151/5285/7023 2152/5284/7024
f 5018/5325/7011 5019/5324/7010 2152/5284/7024 2153/5283/7025
f 2165/5317/7026 5018/5325/7011 2153/5283/7025 320/5270/7027
f 2164/5316/7028 5015/5321/7007 5018/5325/7011 2165/5317/7026
f 2163/5315/7015 5012/5318/7004 5015/5321/7007 2164/5316/7028
f 5021/5334/7029 5022/5335/7030 5025/5336/7031 5024/5337/7032
f 5022/5335/7030 5023/5338/7033 5026/5339/7034 5025/5336/7031
f 5024/5337/7032 5025/5336/7031 5028/5340/7035 5027/5341/7036
f 5025/5336/7031 5026/5339/7034 5029/5342/7037 5028/5340/7035
f 316/5330/7038 2174/5343/7039 5021/5334/7029 2169/5331/7040
f 2174/5343/7039 2173/5344/7041 5022/5335/7030 5021/5334/7029
f 2173/5344/7041 2172/5345/7042 5023/5338/7033 5022/5335/7030
f 2172/5345/7042 315/2971/3934 1413/3039/3936 5023/5338/7033
f 5023/5338/7033 1413/3039/3936 1414/3049/3949 5026/5339/7034
f 5026/5339/7034 1414/3049/3949 1415/3047/3947 5029/5342/7037
f 5029/5342/7037 1415/3047/3947 318/3048/3948 2157/5301/7043
f 5028/5340/7035 5029/5342/7037 2157/5301/7043 2158/5300/7044
f 5027/5341/7036 5028/5340/7035 2158/5300/7044 2159/5299/7045
f 2171/5333/7046 5027/5341/7036 2159/5299/7045 319/5286/7047
f 2170/5332/7048 5024/5337/7032 5027/5341/7036 2171/5333/7046
f 2169/5331/7040 5021/5334/7029 5024/5337/7032 2170/5332/7048
f 5030/5346/7049 5031/5347/7050 5034/5348/7051 5033/5349/7052
f 5031/5347/7050 5032/5350/7053 5035/5351/7054 5034/5348/7051
f 5033/5349/7052 5034/5348/7051 5037/5352/7055 5036/5353/7056
f 5034/5348/7051 5035/5351/7054 5038/5354/7057 5037/5352/7055
f 151/2768/7058 2175/5355/7059 5030/5346/7049 1392/2982/7060
f 2175/5355/7059 2176/5356/7061 5031/5347/7050 5030/5346/7049
f 2176/5356/7061 2177/5357/7062 5032/5350/7053 5031/5347/7050
f 2177/5357/7062 314/5358/7063 2178/5359/7064 5032/5350/7053
f 5032/5350/7053 2178/5359/7064 2179/5360/7065 5035/5351/7054
f 5035/5351/7054 2179/5360/7065 2180/5361/7066 5038/5354/7057
f 5038/5354/7057 2180/5361/7066 317/5314/7067 2162/5313/7068
f 5037/5352/7055 5038/5354/7057 2162/5313/7068 2161/5312/7069
f 5036/5353/7056 5037/5352/7055 2161/5312/7069 2160/5311/7070
f 1394/2984/7071 5036/5353/7056 2160/5311/7070 159/2985/7072
f 1393/2983/7073 5033/5349/7052 5036/5353/7056 1394/2984/7071
f 1392/2982/7060 5030/5346/7049 5033/5349/7052 1393/2983/7073
f 5039/5362/7074 5040/5363/7075 5043/5364/7076 5042/5365/7077
f 5040/5363/7075 5041/5366/7078 5044/5367/7079 5043/5364/7076
f 5042/5365/7077 5043/5364/7076 5046/5368/7080 5045/5369/7081
f 5043/5364/7076 5044/5367/7079 5047/5370/7082 5046/5368/7080
f 314/5358/7083 2183/5371/7084 5039/5362/7074 2178/5359/7085
f 2183/5371/7084 2182/5372/7086 5040/5363/7075 5039/5362/7074
f 2182/5372/7086 2181/5373/7087 5041/5366/7078 5040/5363/7075
f 2181/5373/7087 313/5374/7088 2184/5375/7089 5041/5366/7078
f 5041/5366/7078 2184/5375/7089 2185/5376/7090 5044/5367/7079
f 5044/5367/7079 2185/5376/7090 2186/5377/7091 5047/5370/7082
f 5047/5370/7082 2186/5377/7091 316/5330/7092 2166/5329/7093
f 5046/5368/7080 5047/5370/7082 2166/5329/7093 2167/5328/7094
f 5045/5369/7081 5046/5368/7080 2167/5328/7094 2168/5327/7095
f 2180/5361/7096 5045/5369/7081 2168/5327/7095 317/5314/7097
f 2179/5360/7098 5042/5365/7077 5045/5369/7081 2180/5361/7096
f 2178/5359/7085 5039/5362/7074 5042/5365/7077 2179/5360/7098
f 5048/5378/7099 5049/5379/7100 5052/5380/7101 5051/5381/7102
f 5049/5379/7100 5050/5382/7103 5053/5383/7104 5052/5380/7101
f 5051/5381/7102 5052/5380/7101 5055/5384/7105 5054/5385/7106
f 5052/5380/7101 5053/5383/7104 5056/5386/7107 5055/5384/7105
f 313/5374/7108 2189/5387/7109 5048/5378/7099 2184/5375/7110
f 2189/5387/7109 2188/5388/7111 5049/5379/7100 5048/5378/7099
f 2188/5388/7111 2187/5389/7112 5050/5382/7103 5049/5379/7100
f 2187/5389/7112 312/2753/3840 1386/2962/3842 5050/5382/7103
f 5050/5382/7103 1386/2962/3842 1387/2972/3855 5053/5383/7104
f 5053/5383/7104 1387/2972/3855 1388/2970/3853 5056/5386/7107
f 5056/5386/7107 1388/2970/3853 315/2971/3854 2172/5345/7113
f 5055/5384/7105 5056/5386/7107 2172/5345/7113 2173/5344/7114
f 5054/5385/7106 5055/5384/7105 2173/5344/7114 2174/5343/7115
f 2186/5377/7116 5054/5385/7106 2174/5343/7115 316/5330/7117
f 2185/5376/7118 5051/5381/7102 5054/5385/7106 2186/5377/7116
f 2184/5375/7110 5048/5378/7099 5051/5381/7102 2185/5376/7118
f 5057/5390/7119 5058/5391/7120 5061/5392/7121 5060/5393/7122
f 5058/5391/7120 5059/5394/7123 5062/5395/7124 5061/5392/7121
f 5060/5393/7122 5061/5392/7121 5064/5396/7125 5063/5397/7126
f 5061/5392/7121 5062/5395/7124 5065/5398/7127 5064/5396/7125
f 143/2688/7128 2190/5399/7129 5057/5390/7119 1320/2765/7130
f 2190/5399/7129 2191/5400/7131 5058/5391/7120 5057/5390/7119
f 2191/5400/7131 2192/5401/7132 5059/5394/7123 5058/5391/7120
f 2192/5401/7132 311/5402/7133 2193/5403/7134 5059/5394/7123
f 5059/5394/7123 2193/5403/7134 2194/5404/7135 5062/5395/7124
f 5062/5395/7124 2194/5404/7135 2195/5405/7136 5065/5398/7127
f 5065/5398/7127 2195/5405/7136 314/5358/7137 2177/5357/7138
f 5064/5396/7125 5065/5398/7127 2177/5357/7138 2176/5356/7139
f 5063/5397/7126 5064/5396/7125 2176/5356/7139 2175/5355/7140
f 1322/2767/7141 5063/5397/7126 2175/5355/7140 151/2768/7142
f 1321/2766/7143 5060/5393/7122 5063/5397/7126 1322/2767/7141
f 1320/2765/7130 5057/5390/7119 5060/5393/7122 1321/2766/7143
f 5066/5406/7144 5067/5407/7145 5070/5408/7146 5069/5409/7147
f 5067/5407/7145 5068/5410/7148 5071/5411/7149 5070/5408/7146
f 5069/5409/7147 5070/5408/7146 5073/5412/7150 5072/5413/7151
f 5070/5408/7146 5071/5411/7149 5074/5414/7152 5073/5412/7150
f 311/5402/7153 2198/5415/7154 5066/5406/7144 2193/5403/7155
f 2198/5415/7154 2197/5416/7156 5067/5407/7145 5066/5406/7144
f 2197/5416/7156 2196/5417/7157 5068/5410/7148 5067/5407/7145
f 2196/5417/7157 310/5418/7158 2199/5419/7159 5068/5410/7148
f 5068/5410/7148 2199/5419/7159 2200/5420/7160 5071/5411/7149
f 5071/5411/7149 2200/5420/7160 2201/5421/7161 5074/5414/7152
f 5074/5414/7152 2201/5421/7161 313/5374/7162 2181/5373/7163
f 5073/5412/7150 5074/5414/7152 2181/5373/7163 2182/5372/7164
f 5072/5413/7151 5073/5412/7150 2182/5372/7164 2183/5371/7165
f 2195/5405/7166 5072/5413/7151 2183/5371/7165 314/5358/7167
f 2194/5404/7168 5069/5409/7147 5072/5413/7151 2195/5405/7166
f 2193/5403/7155 5066/5406/7144 5069/5409/7147 2194/5404/7168
f 5075/5422/7169 5076/5423/7170 5079/5424/7171 5078/5425/7172
f 5076/5423/7170 5077/5426/7173 5080/5427/7174 5079/5424/7171
f 5078/5425/7172 5079/5424/7171 5082/5428/7175 5081/5429/7176
f 5079/5424/7171 5080/5427/7174 5083/5430/7177 5082/5428/7175
f 310/5418/7178 2204/5431/7179 5075/5422/7169 2199/5419/7180
f 2204/5431/7179 2203/5432/7181 5076/5423/7170 5075/5422/7169
f 2203/5432/7181 2202/5433/7182 5077/5426/7173 5076/5423/7170
f 2202/5433/7182 309/2674/3546 1311/2744/3548 5077/5426/7173
f 5077/5426/7173 1311/2744/3548 1312/2754/3561 5080/5427/7174
f 5080/5427/7174 1312/2754/3561 1313/2752/3559 5083/5430/7177
f 5083/5430/7177 1313/2752/3559 312/2753/3560 2187/5389/7183
f 5082/5428/7175 5083/5430/7177 2187/5389/7183 2188/5388/7184
f 5081/5429/7176 5082/5428/7175 2188/5388/7184 2189/5387/7185
f 2201/5421/7186 5081/5429/7176 2189/5387/7185 313/5374/7187
f 2200/5420/7188 5078/5425/7172 5081/5429/7176 2201/5421/7186
f 2199/5419/7180 5075/5422/7169 5078/5425/7172 2200/5420/7188
f 5084/5434/7189 5085/5435/7190 5088/5436/7191 5087/5437/7192
f 5085/5435/7190 5086/5438/7193 5089/5439/7194 5088/5436/7191
f 5087/5437/7192 5088/5436/7191 5091/5440/7195 5090/5441/7196
f 5088/5436/7191 5089/5439/7194 5092/5442/7197 5091/5440/7195
f 135/2489/7198 2205/5443/7199 5084/5434/7189 1290/2685/7200
f 2205/5443/7199 2206/5444/7201 5085/5435/7190 5084/5434/7189
f 2206/5444/7201 2207/5445/7202 5086/5438/7193 5085/5435/7190
f 2207/5445/7202 308/5446/7203 2208/5447/7204 5086/5438/7193
f 5086/5438/7193 2208/5447/7204 2209/5448/7205 5089/5439/7194
f 5089/5439/7194 2209/5448/7205 2210/5449/7206 5092/5442/7197
f 5092/5442/7197 2210/5449/7206 311/5402/7207 2192/5401/7208
f 5091/5440/7195 5092/5442/7197 2192/5401/7208 2191/5400/7209
f 5090/5441/7196 5091/5440/7195 2191/5400/7209 2190/5399/7210
f 1292/2687/7211 5090/5441/7196 2190/5399/7210 143/2688/7212
f 1291/2686/7213 5087/5437/7192 5090/5441/7196 1292/2687/7211
f 1290/2685/7200 5084/5434/7189 5087/5437/7192 1291/2686/7213
f 5093/5450/7214 5094/5451/7215 5097/5452/7216 5096/5453/7217
f 5094/5451/7215 5095/5454/7218 5098/5455/7219 5097/5452/7216
f 5096/5453/7217 5097/5452/7216 5100/5456/7220 5099/5457/7221
f 5097/5452/7216 5098/5455/7219 5101/5458/7222 5100/5456/7220
f 308/5446/7223 2213/5459/7224 5093/5450/7214 2208/5447/7225
f 2213/5459/7224 2212/5460/7226 5094/5451/7215 5093/5450/7214
f 2212/5460/7226 2211/5461/7227 5095/5454/7218 5094/5451/7215
f 2211/5461/7227 307/5462/7228 2214/5463/7229 5095/5454/7218
f 5095/5454/7218 2214/5463/7229 2215/5464/7230 5098/5455/7219
f 5098/5455/7219 2215/5464/7230 2216/5465/7231 5101/5458/7222
f 5101/5458/7222 2216/5465/7231 310/5418/7232 2196/5417/7233
f 5100/5456/7220 5101/5458/7222 2196/5417/7233 2197/5416/7234
f 5099/5457/7221 5100/5456/7220 2197/5416/7234 2198/5415/7235
f 2210/5449/7236 5099/5457/7221 2198/5415/7235 311/5402/7237
f 2209/5448/7238 5096/5453/7217 5099/5457/7221 2210/5449/7236
f 2208/5447/7225 5093/5450/7214 5096/5453/7217 2209/5448/7238
f 5102/5466/7239 5103/5467/7240 5106/5468/7241 5105/5469/7242
f 5103/5467/7240 5104/5470/7243 5107/5471/7244 5106/5468/7241
f 5105/5469/7242 5106/5468/7241 5109/5472/7245 5108/5473/7246
f 5106/5468/7241 5107/5471/7244 5110/5474/7247 5109/5472/7245
f 307/5462/7248 2219/5475/7249 5102/5466/7239 2214/5463/7250
f 2219/5475/7249 2218/5476/7251 5103/5467/7240 5102/5466/7239
f 2218/5476/7251 2217/5477/7252 5104/5470/7243 5103/5467/7240
f 2217/5477/7252 306/2474/3452 1284/2665/3454 5104/5470/7243
f 5104/5470/7243 1284/2665/3454 1285/2675/3467 5107/5471/7244
f 5107/5471/7244 1285/2675/3467 1286/2673/3465 5110/5474/7247
f 5110/5474/7247 1286/2673/3465 309/2674/3466 2202/5433/7253
f 5109/5472/7245 5110/5474/7247 2202/5433/7253 2203/5432/7254
f 5108/5473/7246 5109/5472/7245 2203/5432/7254 2204/5431/7255
f 2216/5465/7256 5108/5473/7246 2204/5431/7255 310/5418/7257
f 2215/5464/7258 5105/5469/7242 5108/5473/7246 2216/5465/7256
f 2214/5463/7250 5102/5466/7239 5105/5469/7242 2215/5464/7258
f 5111/5478/7259 5112/5479/7260 5115/5480/7261 5114/5481/7262
f 5112/5479/7260 5113/5482/7263 5116/5483/7264 5115/5480/7261
f 5114/5481/7262 5115/5480/7261 5118/5484/7265 5117/5485/7266
f 5115/5480/7261 5116/5483/7264 5119/5486/7267 5118/5484/7265
f 127/2264/7268 2220/5487/7269 5111/5478/7259 1224/2486/7270
f 2220/5487/7269 2221/5488/7271 5112/5479/7260 5111/5478/7259
f 2221/5488/7271 2222/5489/7272 5113/5482/7263 5112/5479/7260
f 2222/5489/7272 305/5490/7273 2223/5491/7274 5113/5482/7263
f 5113/5482/7263 2223/5491/7274 2224/5492/7275 5116/5483/7264
f 5116/5483/7264 2224/5492/7275 2225/5493/7276 5119/5486/7267
f 5119/5486/7267 2225/5493/7276 308/5446/7277 2207/5445/7278
f 5118/5484/7265 5119/5486/7267 2207/5445/7278 2206/5444/7279
f 5117/5485/7266 5118/5484/7265 2206/5444/7279 2205/5443/7280
f 1226/2488/7281 5117/5485/7266 2205/5443/7280 135/2489/7282
f 1225/2487/7283 5114/5481/7262 5117/5485/7266 1226/2488/7281
f 1224/2486/7270 5111/5478/7259 5114/5481/7262 1225/2487/7283
f 5120/5494/7284 5121/5495/7285 5124/5496/7286 5123/5497/7287
f 5121/5495/7285 5122/5498/7288 5125/5499/7289 5124/5496/7286
f 5123/5497/7287 5124/5496/7286 5127/5500/7290 5126/5501/7291
f 5124/5496/7286 5125/5499/7289 5128/5502/7292 5127/5500/7290
f 305/5490/7293 2228/5503/7294 5120/5494/7284 2223/5491/7295
f 2228/5503/7294 2227/5504/7296 5121/5495/7285 5120/5494/7284
f 2227/5504/7296 2226/5505/7297 5122/5498/7288 5121/5495/7285
f 2226/5505/7297 304/5506/7298 2229/5507/7299 5122/5498/7288
f 5122/5498/7288 2229/5507/7299 2230/5508/7300 5125/5499/7289
f 5125/5499/7289 2230/5508/7300 2231/5509/7301 5128/5502/7292
f 5128/5502/7292 2231/5509/7301 307/5462/7302 2211/5461/7303
f 5127/5500/7290 5128/5502/7292 2211/5461/7303 2212/5460/7304
f 5126/5501/7291 5127/5500/7290 2212/5460/7304 2213/5459/7305
f 2225/5493/7306 5126/5501/7291 2213/5459/7305 308/5446/7307
f 2224/5492/7308 5123/5497/7287 5126/5501/7291 2225/5493/7306
f 2223/5491/7295 5120/5494/7284 5123/5497/7287 2224/5492/7308
f 5129/5510/7309 5130/5511/7310 5133/5512/7311 5132/5513/7312
f 5130/5511/7310 5131/5514/7313 5134/5515/7314 5133/5512/7311
f 5132/5513/7312 5133/5512/7311 5136/5516/7315 5135/5517/7316
f 5133/5512/7311 5134/5515/7314 5137/5518/7317 5136/5516/7315
f 304/5506/7318 2234/5519/7319 5129/5510/7309 2229/5507/7320
f 2234/5519/7319 2233/5520/7321 5130/5511/7310 5129/5510/7309
f 2233/5520/7321 2232/5521/7322 5131/5514/7313 5130/5511/7310
f 2232/5521/7322 303/2395/3183 1215/2466/3185 5131/5514/7313
f 5131/5514/7313 1215/2466/3185 1216/2475/3198 5134/5515/7314
f 5134/5515/7314 1216/2475/3198 1217/2473/3196 5137/5518/7317
f 5137/5518/7317 1217/2473/3196 306/2474/3197 2217/5477/7323
f 5136/5516/7315 5137/5518/7317 2217/5477/7323 2218/5476/7324
f 5135/5517/7316 5136/5516/7315 2218/5476/7324 2219/5475/7325
f 2231/5509/7326 5135/5517/7316 2219/5475/7325 307/5462/7327
f 2230/5508/7328 5132/5513/7312 5135/5517/7316 2231/5509/7326
f 2229/5507/7320 5129/5510/7309 5132/5513/7312 2230/5508/7328
f 5138/5522/7329 5139/5523/7330 5142/5524/7331 5141/5525/7332
f 5139/5523/7330 5140/5526/7333 5143/5527/7334 5142/5524/7331
f 5141/5525/7332 5142/5524/7331 5145/5528/7335 5144/5529/7336
f 5142/5524/7331 5143/5527/7334 5146/5530/7337 5145/5528/7335
f 119/2216/7338 2235/5531/7339 5138/5522/7329 1146/2261/7340
f 2235/5531/7339 2236/5532/7341 5139/5523/7330 5138/5522/7329
f 2236/5532/7341 2237/5533/7342 5140/5526/7333 5139/5523/7330
f 2237/5533/7342 302/5534/7343 2238/5535/7344 5140/5526/7333
f 5140/5526/7333 2238/5535/7344 2239/5536/7345 5143/5527/7334
f 5143/5527/7334 2239/5536/7345 2240/5537/7346 5146/5530/7337
f 5146/5530/7337 2240/5537/7346 305/5490/7347 2222/5489/7348
f 5145/5528/7335 5146/5530/7337 2222/5489/7348 2221/5488/7349
f 5144/5529/7336 5145/5528/7335 2221/5488/7349 2220/5487/7350
f 1148/2263/7351 5144/5529/7336 2220/5487/7350 127/2264/7352
f 1147/2262/7353 5141/5525/7332 5144/5529/7336 1148/2263/7351
f 1146/2261/7340 5138/5522/7329 5141/5525/7332 1147/2262/7353
f 5147/5538/7354 5148/5539/7355 5151/5540/7356 5150/5541/7357
f 5148/5539/7355 5149/5542/7358 5152/5543/7359 5151/5540/7356
f 5150/5541/7357 5151/5540/7356 5154/5544/7360 5153/5545/7361
f 5151/5540/7356 5152/5543/7359 5155/5546/7362 5154/5544/7360
f 302/5534/7363 2243/5547/7364 5147/5538/7354 2238/5535/7365
f 2243/5547/7364 2242/5548/7366 5148/5539/7355 5147/5538/7354
f 2242/5548/7366 2241/5549/7367 5149/5542/7358 5148/5539/7355
f 2241/5549/7367 301/5550/7368 2244/5551/7369 5149/5542/7358
f 5149/5542/7358 2244/5551/7369 2245/5552/7370 5152/5543/7359
f 5152/5543/7359 2245/5552/7370 2246/5553/7371 5155/5546/7362
f 5155/5546/7362 2246/5553/7371 304/5506/7372 2226/5505/7373
f 5154/5544/7360 5155/5546/7362 2226/5505/7373 2227/5504/7374
f 5153/5545/7361 5154/5544/7360 2227/5504/7374 2228/5503/7375
f 2240/5537/7376 5153/5545/7361 2228/5503/7375 305/5490/7377
f 2239/5536/7378 5150/5541/7357 5153/5545/7361 2240/5537/7376
f 2238/5535/7365 5147/5538/7354 5150/5541/7357 2239/5536/7378
f 5156/5554/7379 5157/5555/7380 5160/5556/7381 5159/5557/7382
f 5157/5555/7380 5158/5558/7383 5161/5559/7384 5160/5556/7381
f 5159/5557/7382 5160/5556/7381 5163/5560/7385 5162/5561/7386
f 5160/5556/7381 5161/5559/7384 5164/5562/7387 5163/5560/7385
f 301/5550/7388 2249/5563/7389 5156/5554/7379 2244/5551/7390
f 2249/5563/7389 2248/5564/7391 5157/5555/7380 5156/5554/7379
f 2248/5564/7391 2247/5565/7392 5158/5558/7383 5157/5555/7380
f 2247/5565/7392 300/2201/3089 1188/2386/3091 5158/5558/7383
f 5158/5558/7383 1188/2386/3091 1189/2396/3104 5161/5559/7384
f 5161/5559/7384 1189/2396/3104 1190/2394/3102 5164/5562/7387
f 5164/5562/7387 1190/2394/3102 303/2395/3103 2232/5521/7393
f 5163/5560/7385 5164/5562/7387 2232/5521/7393 2233/5520/7394
f 5162/5561/7386 5163/5560/7385 2233/5520/7394 2234/5519/7395
f 2246/5553/7396 5162/5561/7386 2234/5519/7395 304/5506/7397
f 2245/5552/7398 5159/5557/7382 5162/5561/7386 2246/5553/7396
f 2244/5551/7390 5156/5554/7379 5159/5557/7382 2245/5552/7398
f 5165/5566/7399 5166/5567/7400 5169/5568/7401 5168/5569/7402
f 5166/5567/7400 5167/5570/7403 5170/5571/7404 5169/5568/7401
f 5168/5569/7402 5169/5568/7401 5172/5572/7405 5171/5573/7406
f 5169/5568/7401 5170/5571/7404 5173/5574/7407 5172/5572/7405
f 111/1989/7408 2250/5575/7409 5165/5566/7399 1128/2213/7410
f 2250/5575/7409 2251/5576/7411 5166/5567/7400 5165/5566/7399
f 2251/5576/7411 2252/5577/7412 5167/5570/7403 5166/5567/7400
f 2252/5577/7412 299/5578/7413 2253/5579/7414 5167/5570/7403
f 5167/5570/7403 2253/5579/7414 2254/5580/7415 5170/5571/7404
f 5170/5571/7404 2254/5580/7415 2255/5581/7416 5173/5574/7407
f 5173/5574/7407 2255/5581/7416 302/5534/7417 2237/5533/7418
f 5172/5572/7405 5173/5574/7407 2237/5533/7418 2236/5532/7419
f 5171/5573/7406 5172/5572/7405 2236/5532/7419 2235/5531/7420
f 1130/2215/7421 5171/5573/7406 2235/5531/7420 119/2216/7422
f 1129/2214/7423 5168/5569/7402 5171/5573/7406 1130/2215/7421
f 1128/2213/7410 5165/5566/7399 5168/5569/7402 1129/2214/7423
f 5174/5582/7424 5175/5583/7425 5178/5584/7426 5177/5585/7427
f 5175/5583/7425 5176/5586/7428 5179/5587/7429 5178/5584/7426
f 5177/5585/7427 5178/5584/7426 5181/5588/7430 5180/5589/7431
f 5178/5584/7426 5179/5587/7429 5182/5590/7432 5181/5588/7430
f 299/5578/7433 2258/5591/7434 5174/5582/7424 2253/5579/7435
f 2258/5591/7434 2257/5592/7436 5175/5583/7425 5174/5582/7424
f 2257/5592/7436 2256/5593/7437 5176/5586/7428 5175/5583/7425
f 2256/5593/7437 298/5594/7438 2259/5595/7439 5176/5586/7428
f 5176/5586/7428 2259/5595/7439 2260/5596/7440 5179/5587/7429
f 5179/5587/7429 2260/5596/7440 2261/5597/7441 5182/5590/7432
f 5182/5590/7432 2261/5597/7441 301/5550/7442 2241/5549/7443
f 5181/5588/7430 5182/5590/7432 2241/5549/7443 2242/5548/7444
f 5180/5589/7431 5181/5588/7430 2242/5548/7444 2243/5547/7445
f 2255/5581/7446 5180/5589/7431 2243/5547/7445 302/5534/7447
f 2254/5580/7448 5177/5585/7427 5180/5589/7431 2255/5581/7446
f 2253/5579/7435 5174/5582/7424 5177/5585/7427 2254/5580/7448
f 5183/5598/7449 5184/5599/7450 5187/5600/7451 5186/5601/7452
f 5184/5599/7450 5185/5602/7453 5188/5603/7454 5187/5600/7451
f 5186/5601/7452 5187/5600/7451 5190/5604/7455 5189/5605/7456
f 5187/5600/7451 5188/5603/7454 5191/5606/7457 5190/5604/7455
f 298/5594/7458 2264/5607/7459 5183/5598/7449 2259/5595/7460
f 2264/5607/7459 2263/5608/7461 5184/5599/7450 5183/5598/7449
f 2263/5608/7461 2262/5609/7462 5185/5602/7453 5184/5599/7450
f 2262/5609/7462 297/1974/2820 1119/2193/2822 5185/5602/7453
f 5185/5602/7453 1119/2193/2822 1120/2202/2835 5188/5603/7454
f 5188/5603/7454 1120/2202/2835 1121/2200/2833 5191/5606/7457
f 5191/5606/7457 1121/2200/2833 300/2201/2834 2247/5565/7463
f 5190/5604/7455 5191/5606/7457 2247/5565/7463 2248/5564/7464
f 5189/5605/7456 5190/5604/7455 2248/5564/7464 2249/5563/7465
f 2261/5597/7466 5189/5605/7456 2249/5563/7465 301/5550/7467
f 2260/5596/7468 5186/5601/7452 5189/5605/7456 2261/5597/7466
f 2259/5595/7460 5183/5598/7449 5186/5601/7452 2260/5596/7468
f 5192/5610/7469 5193/5611/7470 5196/5612/7471 5195/5613/7472
f 5193/5611/7470 5194/5614/7473 5197/5615/7474 5196/5612/7471
f 5195/5613/7472 5196/5612/7471 5199/5616/7475 5198/5617/7476
f 5196/5612/7471 5197/5615/7474 5200/5618/7477 5199/5616/7475
f 103/1921/7478 2265/5619/7479 5192/5610/7469 1053/1986/7480
f 2265/5619/7479 2266/5620/7481 5193/5611/7470 5192/5610/7469
f 2266/5620/7481 2267/5621/7482 5194/5614/7473 5193/5611/7470
f 2267/5621/7482 296/5622/7483 2268/5623/7484 5194/5614/7473
f 5194/5614/7473 2268/5623/7484 2269/5624/7485 5197/5615/7474
f 5197/5615/7474 2269/5624/7485 2270/5625/7486 5200/5618/7477
f 5200/5618/7477 2270/5625/7486 299/5578/7487 2252/5577/7488
f 5199/5616/7475 5200/5618/7477 2252/5577/7488 2251/5576/7489
f 5198/5617/7476 5199/5616/7475 2251/5576/7489 2250/5575/7490
f 1055/1988/7491 5198/5617/7476 2250/5575/7490 111/1989/7492
f 1054/1987/7493 5195/5613/7472 5198/5617/7476 1055/1988/7491
f 1053/1986/7480 5192/5610/7469 5195/5613/7472 1054/1987/7493
f 5201/5626/7494 5202/5627/7495 5205/5628/7496 5204/5629/7497
f 5202/5627/7495 5203/5630/7498 5206/5631/7499 5205/5628/7496
f 5204/5629/7497 5205/5628/7496 5208/5632/7500 5207/5633/7501
f 5205/5628/7496 5206/5631/7499 5209/5634/7502 5208/5632/7500
f 296/5622/7503 2273/5635/7504 5201/5626/7494 2268/5623/7505
f 2273/5635/7504 2272/5636/7506 5202/5627/7495 5201/5626/7494
f 2272/5636/7506 2271/5637/7507 5203/5630/7498 5202/5627/7495
f 2271/5637/7507 295/5638/7508 2274/5639/7509 5203/5630/7498
f 5203/5630/7498 2274/5639/7509 2275/5640/7510 5206/5631/7499
f 5206/5631/7499 2275/5640/7510 2276/5641/7511 5209/5634/7502
f 5209/5634/7502 2276/5641/7511 298/5594/7512 2256/5593/7513
f 5208/5632/7500 5209/5634/7502 2256/5593/7513 2257/5592/7514
f 5207/5633/7501 5208/5632/7500 2257/5592/7514 2258/5591/7515
f 2270/5625/7516 5207/5633/7501 2258/5591/7515 299/5578/7517
f 2269/5624/7518 5204/5629/7497 5207/5633/7501 2270/5625/7516
f 2268/5623/7505 5201/5626/7494 5204/5629/7497 2269/5624/7518
f 5210/5642/7519 5211/5643/7520 5214/5644/7521 5213/5645/7522
f 5211/5643/7520 5212/5646/7523 5215/5647/7524 5214/5644/7521
f 5213/5645/7522 5214/5644/7521 5217/5648/7525 5216/5649/7526
f 5214/5644/7521 5215/5647/7524 5218/5650/7527 5217/5648/7525
f 295/5638/7528 2279/5651/7529 5210/5642/7519 2274/5639/7530
f 2279/5651/7529 2278/5652/7531 5211/5643/7520 5210/5642/7519
f 2278/5652/7531 2277/5653/7532 5212/5646/7523 5211/5643/7520
f 2277/5653/7532 294/1906/2532 1041/1965/2534 5212/5646/7523
f 5212/5646/7523 1041/1965/2534 1042/1975/2547 5215/5647/7524
f 5215/5647/7524 1042/1975/2547 1043/1973/2545 5218/5650/7527
f 5218/5650/7527 1043/1973/2545 297/1974/2546 2262/5609/7533
f 5217/5648/7525 5218/5650/7527 2262/5609/7533 2263/5608/7534
f 5216/5649/7526 5217/5648/7525 2263/5608/7534 2264/5607/7535
f 2276/5641/7536 5216/5649/7526 2264/5607/7535 298/5594/7537
f 2275/5640/7538 5213/5645/7522 5216/5649/7526 2276/5641/7536
f 2274/5639/7530 5210/5642/7519 5213/5645/7522 2275/5640/7538
f 5219/5654/7539 5220/5655/7540 5223/5656/7541 5222/5657/7542
f 5220/5655/7540 5221/5658/7543 5224/5659/7544 5223/5656/7541
f 5222/5657/7542 5223/5656/7541 5226/5660/7545 5225/5661/7546
f 5223/5656/7541 5224/5659/7544 5227/5662/7547 5226/5660/7545
f 95/1693/7548 2280/5663/7549 5219/5654/7539 1026/1918/7550
f 2280/5663/7549 2281/5664/7551 5220/5655/7540 5219/5654/7539
f 2281/5664/7551 2282/5665/7552 5221/5658/7543 5220/5655/7540
f 2282/5665/7552 293/5666/7553 2283/5667/7554 5221/5658/7543
f 5221/5658/7543 2283/5667/7554 2284/5668/7555 5224/5659/7544
f 5224/5659/7544 2284/5668/7555 2285/5669/7556 5227/5662/7547
f 5227/5662/7547 2285/5669/7556 296/5622/7557 2267/5621/7558
f 5226/5660/7545 5227/5662/7547 2267/5621/7558 2266/5620/7559
f 5225/5661/7546 5226/5660/7545 2266/5620/7559 2265/5619/7560
f 1028/1920/7561 5225/5661/7546 2265/5619/7560 103/1921/7562
f 1027/1919/7563 5222/5657/7542 5225/5661/7546 1028/1920/7561
f 1026/1918/7550 5219/5654/7539 5222/5657/7542 1027/1919/7563
f 5228/5670/7564 5229/5671/7565 5232/5672/7566 5231/5673/7567
f 5229/5671/7565 5230/5674/7568 5233/5675/7569 5232/5672/7566
f 5231/5673/7567 5232/5672/7566 5235/5676/7570 5234/5677/7571
f 5232/5672/7566 5233/5675/7569 5236/5678/7572 5235/5676/7570
f 293/5666/7573 2288/5679/7574 5228/5670/7564 2283/5667/7575
f 2288/5679/7574 2287/5680/7576 5229/5671/7565 5228/5670/7564
f 2287/5680/7576 2286/5681/7577 5230/5674/7568 5229/5671/7565
f 2286/5681/7577 292/5682/7578 2289/5683/7579 5230/5674/7568
f 5230/5674/7568 2289/5683/7579 2290/5684/7580 5233/5675/7569
f 5233/5675/7569 2290/5684/7580 2291/5685/7581 5236/5678/7572
f 5236/5678/7572 2291/5685/7581 295/5638/7582 2271/5637/7583
f 5235/5676/7570 5236/5678/7572 2271/5637/7583 2272/5636/7584
f 5234/5677/7571 5235/5676/7570 2272/5636/7584 2273/5635/7585
f 2285/5669/7586 5234/5677/7571 2273/5635/7585 296/5622/7587
f 2284/5668/7588 5231/5673/7567 5234/5677/7571 2285/5669/7586
f 2283/5667/7575 5228/5670/7564 5231/5673/7567 2284/5668/7588
f 5237/5686/7589 5238/5687/7590 5241/5688/7591 5240/5689/7592
f 5238/5687/7590 5239/5690/7593 5242/5691/7594 5241/5688/7591
f 5240/5689/7592 5241/5688/7591 5244/5692/7595 5243/5693/7596
f 5241/5688/7591 5242/5691/7594 5245/5694/7597 5244/5692/7595
f 292/5682/7598 2294/5695/7599 5237/5686/7589 2289/5683/7600
f 2294/5695/7599 2293/5696/7601 5238/5687/7590 5237/5686/7589
f 2293/5696/7601 2292/5697/7602 5239/5690/7593 5238/5687/7590
f 2292/5697/7602 291/1678/2432 1017/1897/2434 5239/5690/7593
f 5239/5690/7593 1017/1897/2434 1018/1907/2447 5242/5691/7594
f 5242/5691/7594 1018/1907/2447 1019/1905/2445 5245/5694/7597
f 5245/5694/7597 1019/1905/2445 294/1906/2446 2277/5653/7603
f 5244/5692/7595 5245/5694/7597 2277/5653/7603 2278/5652/7604
f 5243/5693/7596 5244/5692/7595 2278/5652/7604 2279/5651/7605
f 2291/5685/7606 5243/5693/7596 2279/5651/7605 295/5638/7607
f 2290/5684/7608 5240/5689/7592 5243/5693/7596 2291/5685/7606
f 2289/5683/7600 5237/5686/7589 5240/5689/7592 2290/5684/7608
f 5246/5698/7609 5247/5699/7610 5250/5700/7611 5249/5701/7612
f 5247/5699/7610 5248/5702/7613 5251/5703/7614 5250/5700/7611
f 5249/5701/7612 5250/5700/7611 5253/5704/7615 5252/5705/7616
f 5250/5700/7611 5251/5703/7614 5254/5706/7617 5253/5704/7615
f 87/1641/7618 2295/5707/7619 5246/5698/7609 951/1690/7620
f 2295/5707/7619 2296/5708/7621 5247/5699/7610 5246/5698/7609
f 2296/5708/7621 2297/5709/7622 5248/5702/7613 5247/5699/7610
f 2297/5709/7622 290/5710/7623 2298/5711/7624 5248/5702/7613
f 5248/5702/7613 2298/5711/7624 2299/5712/7625 5251/5703/7614
f 5251/5703/7614 2299/5712/7625 2300/5713/7626 5254/5706/7617
f 5254/5706/7617 2300/5713/7626 293/5666/7627 2282/5665/7628
f 5253/5704/7615 5254/5706/7617 2282/5665/7628 2281/5664/7629
f 5252/5705/7616 5253/5704/7615 2281/5664/7629 2280/5663/7630
f 953/1692/7631 5252/5705/7616 2280/5663/7630 95/1693/7632
f 952/1691/7633 5249/5701/7612 5252/5705/7616 953/1692/7631
f 951/1690/7620 5246/5698/7609 5249/5701/7612 952/1691/7633
f 5255/5714/7634 5256/5715/7635 5259/5716/7636 5258/5717/7637
f 5256/5715/7635 5257/5718/7638 5260/5719/7639 5259/5716/7636
f 5258/5717/7637 5259/5716/7636 5262/5720/7640 5261/5721/7641
f 5259/5716/7636 5260/5719/7639 5263/5722/7642 5262/5720/7640
f 290/5710/7643 2303/5723/7644 5255/5714/7634 2298/5711/7645
f 2303/5723/7644 2302/5724/7646 5256/5715/7635 5255/5714/7634
f 2302/5724/7646 2301/5725/7647 5257/5718/7638 5256/5715/7635
f 2301/5725/7647 289/5726/7648 2304/5727/7649 5257/5718/7638
f 5257/5718/7638 2304/5727/7649 2305/5728/7650 5260/5719/7639
f 5260/5719/7639 2305/5728/7650 2306/5729/7651 5263/5722/7642
f 5263/5722/7642 2306/5729/7651 292/5682/7652 2286/5681/7653
f 5262/5720/7640 5263/5722/7642 2286/5681/7653 2287/5680/7654
f 5261/5721/7641 5262/5720/7640 2287/5680/7654 2288/5679/7655
f 2300/5713/7656 5261/5721/7641 2288/5679/7655 293/5666/7657
f 2299/5712/7658 5258/5717/7637 5261/5721/7641 2300/5713/7656
f 2298/5711/7645 5255/5714/7634 5258/5717/7637 2299/5712/7658
f 5264/5730/7659 5265/5731/7660 5268/5732/7661 5267/5733/7662
f 5265/5731/7660 5266/5734/7663 5269/5735/7664 5268/5732/7661
f 5267/5733/7662 5268/5732/7661 5271/5736/7665 5270/5737/7666
f 5268/5732/7661 5269/5735/7664 5272/5738/7667 5271/5736/7665
f 289/5726/7668 2309/5739/7669 5264/5730/7659 2304/5727/7670
f 2309/5739/7669 2308/5740/7671 5265/5731/7660 5264/5730/7659
f 2308/5740/7671 2307/5741/7672 5266/5734/7663 5265/5731/7660
f 2307/5741/7672 288/1626/2144 939/1669/2146 5266/5734/7663
f 5266/5734/7663 939/1669/2146 940/1679/2159 5269/5735/7664
f 5269/5735/7664 940/1679/2159 941/1677/2157 5272/5738/7667
f 5272/5738/7667 941/1677/2157 291/1678/2158 2292/5697/7673
f 5271/5736/7665 5272/5738/7667 2292/5697/7673 2293/5696/7674
f 5270/5737/7666 5271/5736/7665 2293/5696/7674 2294/5695/7675
f 2306/5729/7676 5270/5737/7666 2294/5695/7675 292/5682/7677
f 2305/5728/7678 5267/5733/7662 5270/5737/7666 2306/5729/7676
f 2304/5727/7670 5264/5730/7659 5267/5733/7662 2305/5728/7678
f 5273/5742/7679 5274/5743/7680 5277/5744/7681 5276/5745/7682
f 5274/5743/7680 5275/5746/7683 5278/5747/7684 5277/5744/7681
f 5276/5745/7682 5277/5744/7681 5280/5748/7685 5279/5749/7686
f 5277/5744/7681 5278/5747/7684 5281/5750/7687 5280/5748/7685
f 79/1417/7688 2310/5751/7689 5273/5742/7679 930/1638/7690
f 2310/5751/7689 2311/5752/7691 5274/5743/7680 5273/5742/7679
f 2311/5752/7691 2312/5753/7692 5275/5746/7683 5274/5743/7680
f 2312/5753/7692 287/5754/7693 2313/5755/7694 5275/5746/7683
f 5275/5746/7683 2313/5755/7694 2314/5756/7695 5278/5747/7684
f 5278/5747/7684 2314/5756/7695 2315/5757/7696 5281/5750/7687
f 5281/5750/7687 2315/5757/7696 290/5710/7697 2297/5709/7698
f 5280/5748/7685 5281/5750/7687 2297/5709/7698 2296/5708/7699
f 5279/5749/7686 5280/5748/7685 2296/5708/7699 2295/5707/7700
f 932/1640/7701 5279/5749/7686 2295/5707/7700 87/1641/7702
f 931/1639/7703 5276/5745/7682 5279/5749/7686 932/1640/7701
f 930/1638/7690 5273/5742/7679 5276/5745/7682 931/1639/7703
f 5282/5758/7704 5283/5759/7705 5286/5760/7706 5285/5761/7707
f 5283/5759/7705 5284/5762/7708 5287/5763/7709 5286/5760/7706
f 5285/5761/7707 5286/5760/7706 5289/5764/7710 5288/5765/7711
f 5286/5760/7706 5287/5763/7709 5290/5766/7712 5289/5764/7710
f 287/5754/7713 2318/5767/7714 5282/5758/7704 2313/5755/7715
f 2318/5767/7714 2317/5768/7716 5283/5759/7705 5282/5758/7704
f 2317/5768/7716 2316/5769/7717 5284/5762/7708 5283/5759/7705
f 2316/5769/7717 286/5770/7718 2319/5771/7719 5284/5762/7708
f 5284/5762/7708 2319/5771/7719 2320/5772/7720 5287/5763/7709
f 5287/5763/7709 2320/5772/7720 2321/5773/7721 5290/5766/7712
f 5290/5766/7712 2321/5773/7721 289/5726/7722 2301/5725/7723
f 5289/5764/7710 5290/5766/7712 2301/5725/7723 2302/5724/7724
f 5288/5765/7711 5289/5764/7710 2302/5724/7724 2303/5723/7725
f 2315/5757/7726 5288/5765/7711 2303/5723/7725 290/5710/7727
f 2314/5756/7728 5285/5761/7707 5288/5765/7711 2315/5757/7726
f 2313/5755/7715 5282/5758/7704 5285/5761/7707 2314/5756/7728
f 5291/5774/7729 5292/5775/7730 5295/5776/7731 5294/5777/7732
f 5292/5775/7730 5293/5778/7733 5296/5779/7734 5295/5776/7731
f 5294/5777/7732 5295/5776/7731 5298/5780/7735 5297/5781/7736
f 5295/5776/7731 5296/5779/7734 5299/5782/7737 5298/5780/7735
f 286/5770/7738 2324/5783/7739 5291/5774/7729 2319/5771/7740
f 2324/5783/7739 2323/5784/7741 5292/5775/7730 5291/5774/7729
f 2323/5784/7741 2322/5785/7742 5293/5778/7733 5292/5775/7730
f 2322/5785/7742 285/1402/2069 921/1617/2071 5293/5778/7733
f 5293/5778/7733 921/1617/2071 922/1627/2084 5296/5779/7734
f 5296/5779/7734 922/1627/2084 923/1625/2082 5299/5782/7737
f 5299/5782/7737 923/1625/2082 288/1626/2083 2307/5741/7743
f 5298/5780/7735 5299/5782/7737 2307/5741/7743 2308/5740/7744
f 5297/5781/7736 5298/5780/7735 2308/5740/7744 2309/5739/7745
f 2321/5773/7746 5297/5781/7736 2309/5739/7745 289/5726/7747
f 2320/5772/7748 5294/5777/7732 5297/5781/7736 2321/5773/7746
f 2319/5771/7740 5291/5774/7729 5294/5777/7732 2320/5772/7748
f 5300/5786/7749 5301/5787/7750 5304/5788/7751 5303/5789/7752
f 5301/5787/7750 5302/5790/7753 5305/5791/7754 5304/5788/7751
f 5303/5789/7752 5304/5788/7751 5307/5792/7755 5306/5793/7756
f 5304/5788/7751 5305/5791/7754 5308/5794/7757 5307/5792/7755
f 71/1345/7758 2325/5795/7759 5300/5786/7749 855/1414/7760
f 2325/5795/7759 2326/5796/7761 5301/5787/7750 5300/5786/7749
f 2326/5796/7761 2327/5797/7762 5302/5790/7753 5301/5787/7750
f 2327/5797/7762 284/5798/7763 2328/5799/7764 5302/5790/7753
f 5302/5790/7753 2328/5799/7764 2329/5800/7765 5305/5791/7754
f 5305/5791/7754 2329/5800/7765 2330/5801/7766 5308/5794/7757
f 5308/5794/7757 2330/5801/7766 287/5754/7767 2312/5753/7768
f 5307/5792/7755 5308/5794/7757 2312/5753/7768 2311/5752/7769
f 5306/5793/7756 5307/5792/7755 2311/5752/7769 2310/5751/7770
f 857/1416/7771 5306/5793/7756 2310/5751/7770 79/1417/7772
f 856/1415/7773 5303/5789/7752 5306/5793/7756 857/1416/7771
f 855/1414/7760 5300/5786/7749 5303/5789/7752 856/1415/7773
f 5309/5802/7774 5310/5803/7775 5313/5804/7776 5312/5805/7777
f 5310/5803/7775 5311/5806/7778 5314/5807/7779 5313/5804/7776
f 5312/5805/7777 5313/5804/7776 5316/5808/7780 5315/5809/7781
f 5313/5804/7776 5314/5807/7779 5317/5810/7782 5316/5808/7780
f 284/5798/7783 2333/5811/7784 5309/5802/7774 2328/5799/7785
f 2333/5811/7784 2332/5812/7786 5310/5803/7775 5309/5802/7774
f 2332/5812/7786 2331/5813/7787 5311/5806/7778 5310/5803/7775
f 2331/5813/7787 283/5814/7788 2334/5815/7789 5311/5806/7778
f 5311/5806/7778 2334/5815/7789 2335/5816/7790 5314/5807/7779
f 5314/5807/7779 2335/5816/7790 2336/5817/7791 5317/5810/7782
f 5317/5810/7782 2336/5817/7791 286/5770/7792 2316/5769/7793
f 5316/5808/7780 5317/5810/7782 2316/5769/7793 2317/5768/7794
f 5315/5809/7781 5316/5808/7780 2317/5768/7794 2318/5767/7795
f 2330/5801/7796 5315/5809/7781 2318/5767/7795 287/5754/7797
f 2329/5800/7798 5312/5805/7777 5315/5809/7781 2330/5801/7796
f 2328/5799/7785 5309/5802/7774 5312/5805/7777 2329/5800/7798
f 5318/5818/7799 5319/5819/7800 5322/5820/7801 5321/5821/7802
f 5319/5819/7800 5320/5822/7803 5323/5823/7804 5322/5820/7801
f 5321/5821/7802 5322/5820/7801 5325/5824/7805 5324/5825/7806
f 5322/5820/7801 5323/5823/7804 5326/5826/7807 5325/5824/7805
f 283/5814/7808 2339/5827/7809 5318/5818/7799 2334/5815/7810
f 2339/5827/7809 2338/5828/7811 5319/5819/7800 5318/5818/7799
f 2338/5828/7811 2337/5829/7812 5320/5822/7803 5319/5819/7800
f 2337/5829/7812 282/1330/1781 846/1393/1783 5320/5822/7803
f 5320/5822/7803 846/1393/1783 847/1403/1796 5323/5823/7804
f 5323/5823/7804 847/1403/1796 848/1401/1794 5326/5826/7807
f 5326/5826/7807 848/1401/1794 285/1402/1795 2322/5785/7813
f 5325/5824/7805 5326/5826/7807 2322/5785/7813 2323/5784/7814
f 5324/5825/7806 5325/5824/7805 2323/5784/7814 2324/5783/7815
f 2336/5817/7816 5324/5825/7806 2324/5783/7815 286/5770/7817
f 2335/5816/7818 5321/5821/7802 5324/5825/7806 2336/5817/7816
f 2334/5815/7810 5318/5818/7799 5321/5821/7802 2335/5816/7818
f 5327/5830/7819 5328/5831/7820 5331/5832/7821 5330/5833/7822
f 5328/5831/7820 5329/5834/7823 5332/5835/7824 5331/5832/7821
f 5330/5833/7822 5331/5832/7821 5334/5836/7825 5333/5837/7826
f 5331/5832/7821 5332/5835/7824 5335/5838/7827 5334/5836/7825
f 63/1145/7828 2340/5839/7829 5327/5830/7819 828/1342/7830
f 2340/5839/7829 2341/5840/7831 5328/5831/7820 5327/5830/7819
f 2341/5840/7831 2342/5841/7832 5329/5834/7823 5328/5831/7820
f 2342/5841/7832 281/5842/7833 2343/5843/7834 5329/5834/7823
f 5329/5834/7823 2343/5843/7834 2344/5844/7835 5332/5835/7824
f 5332/5835/7824 2344/5844/7835 2345/5845/7836 5335/5838/7827
f 5335/5838/7827 2345/5845/7836 284/5798/7837 2327/5797/7838
f 5334/5836/7825 5335/5838/7827 2327/5797/7838 2326/5796/7839
f 5333/5837/7826 5334/5836/7825 2326/5796/7839 2325/5795/7840
f 830/1344/7841 5333/5837/7826 2325/5795/7840 71/1345/7842
f 829/1343/7843 5330/5833/7822 5333/5837/7826 830/1344/7841
f 828/1342/7830 5327/5830/7819 5330/5833/7822 829/1343/7843
f 5336/5846/7844 5337/5847/7845 5340/5848/7846 5339/5849/7847
f 5337/5847/7845 5338/5850/7848 5341/5851/7849 5340/5848/7846
f 5339/5849/7847 5340/5848/7846 5343/5852/7850 5342/5853/7851
f 5340/5848/7846 5341/5851/7849 5344/5854/7852 5343/5852/7850
f 281/5842/7853 2348/5855/7854 5336/5846/7844 2343/5843/7855
f 2348/5855/7854 2347/5856/7856 5337/5847/7845 5336/5846/7844
f 2347/5856/7856 2346/5857/7857 5338/5850/7848 5337/5847/7845
f 2346/5857/7857 280/5858/7858 2349/5859/7859 5338/5850/7848
f 5338/5850/7848 2349/5859/7859 2350/5860/7860 5341/5851/7849
f 5341/5851/7849 2350/5860/7860 2351/5861/7861 5344/5854/7852
f 5344/5854/7852 2351/5861/7861 283/5814/7862 2331/5813/7863
f 5343/5852/7850 5344/5854/7852 2331/5813/7863 2332/5812/7864
f 5342/5853/7851 5343/5852/7850 2332/5812/7864 2333/5811/7865
f 2345/5845/7866 5342/5853/7851 2333/5811/7865 284/5798/7867
f 2344/5844/7868 5339/5849/7847 5342/5853/7851 2345/5845/7866
f 2343/5843/7855 5336/5846/7844 5339/5849/7847 2344/5844/7868
f 5345/5862/7869 5346/5863/7870 5349/5864/7871 5348/5865/7872
f 5346/5863/7870 5347/5866/7873 5350/5867/7874 5349/5864/7871
f 5348/5865/7872 5349/5864/7871 5352/5868/7875 5351/5869/7876
f 5349/5864/7871 5350/5867/7874 5353/5870/7877 5352/5868/7875
f 280/5858/7878 2354/5871/7879 5345/5862/7869 2349/5859/7880
f 2354/5871/7879 2353/5872/7881 5346/5863/7870 5345/5862/7869
f 2353/5872/7881 2352/5873/7882 5347/5866/7873 5346/5863/7870
f 2352/5873/7882 279/1130/1681 819/1321/1683 5347/5866/7873
f 5347/5866/7873 819/1321/1683 820/1331/1696 5350/5867/7874
f 5350/5867/7874 820/1331/1696 821/1329/1694 5353/5870/7877
f 5353/5870/7877 821/1329/1694 282/1330/1695 2337/5829/7883
f 5352/5868/7875 5353/5870/7877 2337/5829/7883 2338/5828/7884
f 5351/5869/7876 5352/5868/7875 2338/5828/7884 2339/5827/7885
f 2351/5861/7886 5351/5869/7876 2339/5827/7885 283/5814/7887
f 2350/5860/7888 5348/5865/7872 5351/5869/7876 2351/5861/7886
f 2349/5859/7880 5345/5862/7869 5348/5865/7872 2350/5860/7888
f 5354/5874/7889 5355/5875/7890 5358/5876/7891 5357/5877/7892
f 5355/5875/7890 5356/5878/7893 5359/5879/7894 5358/5876/7891
f 5357/5877/7892 5358/5876/7891 5361/5880/7895 5360/5881/7896
f 5358/5876/7891 5359/5879/7894 5362/5882/7897 5361/5880/7895
f 55/1068/7898 2355/5883/7899 5354/5874/7889 759/1142/7900
f 2355/5883/7899 2356/5884/7901 5355/5875/7890 5354/5874/7889
f 2356/5884/7901 2357/5885/7902 5356/5878/7893 5355/5875/7890
f 2357/5885/7902 278/5886/7903 2358/5887/7904 5356/5878/7893
f 5356/5878/7893 2358/5887/7904 2359/5888/7905 5359/5879/7894
f 5359/5879/7894 2359/5888/7905 2360/5889/7906 5362/5882/7897
f 5362/5882/7897 2360/5889/7906 281/5842/7907 2342/5841/7908
f 5361/5880/7895 5362/5882/7897 2342/5841/7908 2341/5840/7909
f 5360/5881/7896 5361/5880/7895 2341/5840/7909 2340/5839/7910
f 761/1144/7911 5360/5881/7896 2340/5839/7910 63/1145/7912
f 760/1143/7913 5357/5877/7892 5360/5881/7896 761/1144/7911
f 759/1142/7900 5354/5874/7889 5357/5877/7892 760/1143/7913
f 5363/5890/7914 5364/5891/7915 5367/5892/7916 5366/5893/7917
f 5364/5891/7915 5365/5894/7918 5368/5895/7919 5367/5892/7916
f 5366/5893/7917 5367/5892/7916 5370/5896/7920 5369/5897/7921
f 5367/5892/7916 5368/5895/7919 5371/5898/7922 5370/5896/7920
f 278/5886/7923 2363/5899/7924 5363/5890/7914 2358/5887/7925
f 2363/5899/7924 2362/5900/7926 5364/5891/7915 5363/5890/7914
f 2362/5900/7926 2361/5901/7927 5365/5894/7918 5364/5891/7915
f 2361/5901/7927 277/5902/7928 2364/5903/7929 5365/5894/7918
f 5365/5894/7918 2364/5903/7929 2365/5904/7930 5368/5895/7919
f 5368/5895/7919 2365/5904/7930 2366/5905/7931 5371/5898/7922
f 5371/5898/7922 2366/5905/7931 280/5858/7932 2346/5857/7933
f 5370/5896/7920 5371/5898/7922 2346/5857/7933 2347/5856/7934
f 5369/5897/7921 5370/5896/7920 2347/5856/7934 2348/5855/7935
f 2360/5889/7936 5369/5897/7921 2348/5855/7935 281/5842/7937
f 2359/5888/7938 5366/5893/7917 5369/5897/7921 2360/5889/7936
f 2358/5887/7925 5363/5890/7914 5366/5893/7917 2359/5888/7938
f 5372/5906/7939 5373/5907/7940 5376/5908/7941 5375/5909/7942
f 5373/5907/7940 5374/5910/7943 5377/5911/7944 5376/5908/7941
f 5375/5909/7942 5376/5908/7941 5379/5912/7945 5378/5913/7946
f 5376/5908/7941 5377/5911/7944 5380/5914/7947 5379/5912/7945
f 277/5902/7948 2369/5915/7949 5372/5906/7939 2364/5903/7950
f 2369/5915/7949 2368/5916/7951 5373/5907/7940 5372/5906/7939
f 2368/5916/7951 2367/5917/7952 5374/5910/7943 5373/5907/7940
f 2367/5917/7952 276/1054/1412 750/1121/1414 5374/5910/7943
f 5374/5910/7943 750/1121/1414 751/1131/1427 5377/5911/7944
f 5377/5911/7944 751/1131/1427 752/1129/1425 5380/5914/7947
f 5380/5914/7947 752/1129/1425 279/1130/1426 2352/5873/7953
f 5379/5912/7945 5380/5914/7947 2352/5873/7953 2353/5872/7954
f 5378/5913/7946 5379/5912/7945 2353/5872/7954 2354/5871/7955
f 2366/5905/7956 5378/5913/7946 2354/5871/7955 280/5858/7957
f 2365/5904/7958 5375/5909/7942 5378/5913/7946 2366/5905/7956
f 2364/5903/7950 5372/5906/7939 5375/5909/7942 2365/5904/7958
f 5381/5918/7959 5382/5919/7960 5385/5920/7961 5384/5921/7962
f 5382/5919/7960 5383/5922/7963 5386/5923/7964 5385/5920/7961
f 5384/5921/7962 5385/5920/7961 5388/5924/7965 5387/5925/7966
f 5385/5920/7961 5386/5923/7964 5389/5926/7967 5388/5924/7965
f 47/870/7968 2370/5927/7969 5381/5918/7959 729/1065/7970
f 2370/5927/7969 2371/5928/7971 5382/5919/7960 5381/5918/7959
f 2371/5928/7971 2372/5929/7972 5383/5922/7963 5382/5919/7960
f 2372/5929/7972 275/5930/7973 2373/5931/7974 5383/5922/7963
f 5383/5922/7963 2373/5931/7974 2374/5932/7975 5386/5923/7964
f 5386/5923/7964 2374/5932/7975 2375/5933/7976 5389/5926/7967
f 5389/5926/7967 2375/5933/7976 278/5886/7977 2357/5885/7978
f 5388/5924/7965 5389/5926/7967 2357/5885/7978 2356/5884/7979
f 5387/5925/7966 5388/5924/7965 2356/5884/7979 2355/5883/7980
f 731/1067/7981 5387/5925/7966 2355/5883/7980 55/1068/7982
f 730/1066/7983 5384/5921/7962 5387/5925/7966 731/1067/7981
f 729/1065/7970 5381/5918/7959 5384/5921/7962 730/1066/7983
f 5390/5934/7984 5391/5935/7985 5394/5936/7986 5393/5937/7987
f 5391/5935/7985 5392/5938/7988 5395/5939/7989 5394/5936/7986
f 5393/5937/7987 5394/5936/7986 5397/5940/7990 5396/5941/7991
f 5394/5936/7986 5395/5939/7989 5398/5942/7992 5397/5940/7990
f 275/5930/7993 2378/5943/7994 5390/5934/7984 2373/5931/7995
f 2378/5943/7994 2377/5944/7996 5391/5935/7985 5390/5934/7984
f 2377/5944/7996 2376/5945/7997 5392/5938/7988 5391/5935/7985
f 2376/5945/7997 274/5946/7998 2379/5947/7999 5392/5938/7988
f 5392/5938/7988 2379/5947/7999 2380/5948/8000 5395/5939/7989
f 5395/5939/7989 2380/5948/8000 2381/5949/8001 5398/5942/7992
f 5398/5942/7992 2381/5949/8001 277/5902/8002 2361/5901/8003
f 5397/5940/7990 5398/5942/7992 2361/5901/8003 2362/5900/8004
f 5396/5941/7991 5397/5940/7990 2362/5900/8004 2363/5899/8005
f 2375/5933/8006 5396/5941/7991 2363/5899/8005 278/5886/8007
f 2374/5932/8008 5393/5937/7987 5396/5941/7991 2375/5933/8006
f 2373/5931/7995 5390/5934/7984 5393/5937/7987 2374/5932/8008
f 5399/5950/8009 5400/5951/8010 5403/5952/8011 5402/5953/8012
f 5400/5951/8010 5401/5954/8013 5404/5955/8014 5403/5952/8011
f 5402/5953/8012 5403/5952/8011 5406/5956/8015 5405/5957/8016
f 5403/5952/8011 5404/5955/8014 5407/5958/8017 5406/5956/8015
f 274/5946/8018 2384/5959/8019 5399/5950/8009 2379/5947/8020
f 2384/5959/8019 2383/5960/8021 5400/5951/8010 5399/5950/8009
f 2383/5960/8021 2382/5961/8022 5401/5954/8013 5400/5951/8010
f 2382/5961/8022 273/855/1318 723/1046/1320 5401/5954/8013
f 5401/5954/8013 723/1046/1320 724/1055/1333 5404/5955/8014
f 5404/5955/8014 724/1055/1333 725/1053/1331 5407/5958/8017
f 5407/5958/8017 725/1053/1331 276/1054/1332 2367/5917/8023
f 5406/5956/8015 5407/5958/8017 2367/5917/8023 2368/5916/8024
f 5405/5957/8016 5406/5956/8015 2368/5916/8024 2369/5915/8025
f 2381/5949/8026 5405/5957/8016 2369/5915/8025 277/5902/8027
f 2380/5948/8028 5402/5953/8012 5405/5957/8016 2381/5949/8026
f 2379/5947/8020 5399/5950/8009 5402/5953/8012 2380/5948/8028
f 5408/5962/8029 5409/5963/8030 5412/5964/8031 5411/5965/8032
f 5409/5963/8030 5410/5966/8033 5413/5967/8034 5412/5964/8031
f 5411/5965/8032 5412/5964/8031 5415/5968/8035 5414/5969/8036
f 5412/5964/8031 5413/5967/8034 5416/5970/8037 5415/5968/8035
f 39/641/8038 2385/5971/8039 5408/5962/8029 663/867/8040
f 2385/5971/8039 2386/5972/8041 5409/5963/8030 5408/5962/8029
f 2386/5972/8041 2387/5973/8042 5410/5966/8033 5409/5963/8030
f 2387/5973/8042 272/5974/8043 2388/5975/8044 5410/5966/8033
f 5410/5966/8033 2388/5975/8044 2389/5976/8045 5413/5967/8034
f 5413/5967/8034 2389/5976/8045 2390/5977/8046 5416/5970/8037
f 5416/5970/8037 2390/5977/8046 275/5930/8047 2372/5929/8048
f 5415/5968/8035 5416/5970/8037 2372/5929/8048 2371/5928/8049
f 5414/5969/8036 5415/5968/8035 2371/5928/8049 2370/5927/8050
f 665/869/8051 5414/5969/8036 2370/5927/8050 47/870/8052
f 664/868/8053 5411/5965/8032 5414/5969/8036 665/869/8051
f 663/867/8040 5408/5962/8029 5411/5965/8032 664/868/8053
f 5417/5978/8054 5418/5979/8055 5421/5980/8056 5420/5981/8057
f 5418/5979/8055 5419/5982/8058 5422/5983/8059 5421/5980/8056
f 5420/5981/8057 5421/5980/8056 5424/5984/8060 5423/5985/8061
f 5421/5980/8056 5422/5983/8059 5425/5986/8062 5424/5984/8060
f 272/5974/8063 2393/5987/8064 5417/5978/8054 2388/5975/8065
f 2393/5987/8064 2392/5988/8066 5418/5979/8055 5417/5978/8054
f 2392/5988/8066 2391/5989/8067 5419/5982/8058 5418/5979/8055
f 2391/5989/8067 271/5990/8068 2394/5991/8069 5419/5982/8058
f 5419/5982/8058 2394/5991/8069 2395/5992/8070 5422/5983/8059
f 5422/5983/8059 2395/5992/8070 2396/5993/8071 5425/5986/8062
f 5425/5986/8062 2396/5993/8071 274/5946/8072 2376/5945/8073
f 5424/5984/8060 5425/5986/8062 2376/5945/8073 2377/5944/8074
f 5423/5985/8061 5424/5984/8060 2377/5944/8074 2378/5943/8075
f 2390/5977/8076 5423/5985/8061 2378/5943/8075 275/5930/8077
f 2389/5976/8078 5420/5981/8057 5423/5985/8061 2390/5977/8076
f 2388/5975/8065 5417/5978/8054 5420/5981/8057 2389/5976/8078
f 5426/5994/8079 5427/5995/8080 5430/5996/8081 5429/5997/8082
f 5427/5995/8080 5428/5998/8083 5431/5999/8084 5430/5996/8081
f 5429/5997/8082 5430/5996/8081 5433/6000/8085 5432/6001/8086
f 5430/5996/8081 5431/5999/8084 5434/6002/8087 5433/6000/8085
f 271/5990/8088 2399/6003/8089 5426/5994/8079 2394/5991/8090
f 2399/6003/8089 2398/6004/8091 5427/5995/8080 5426/5994/8079
f 2398/6004/8091 2397/6005/8092 5428/5998/8083 5427/5995/8080
f 2397/6005/8092 270/774/1049 654/846/1051 5428/5998/8083
f 5428/5998/8083 654/846/1051 655/856/1064 5431/5999/8084
f 5431/5999/8084 655/856/1064 656/854/1062 5434/6002/8087
f 5434/6002/8087 656/854/1062 273/855/1063 2382/5961/8093
f 5433/6000/8085 5434/6002/8087 2382/5961/8093 2383/5960/8094
f 5432/6001/8086 5433/6000/8085 2383/5960/8094 2384/5959/8095
f 2396/5993/8096 5432/6001/8086 2384/5959/8095 274/5946/8097
f 2395/5992/8098 5429/5997/8082 5432/6001/8086 2396/5993/8096
f 2394/5991/8090 5426/5994/8079 5429/5997/8082 2395/5992/8098
f 5435/6006/8099 5436/6007/8100 5439/6008/8101 5438/6009/8102
f 5436/6007/8100 5437/6010/8103 5440/6011/8104 5439/6008/8101
f 5438/6009/8102 5439/6008/8101 5442/6012/8105 5441/6013/8106
f 5439/6008/8101 5440/6011/8104 5443/6014/8107 5442/6012/8105
f 31/574/8108 2400/6015/8109 5435/6006/8099 585/638/8110
f 2400/6015/8109 2401/6016/8111 5436/6007/8100 5435/6006/8099
f 2401/6016/8111 2402/6017/8112 5437/6010/8103 5436/6007/8100
f 2402/6017/8112 269/6018/8113 2403/6019/8114 5437/6010/8103
f 5437/6010/8103 2403/6019/8114 2404/6020/8115 5440/6011/8104
f 5440/6011/8104 2404/6020/8115 2405/6021/8116 5443/6014/8107
f 5443/6014/8107 2405/6021/8116 272/5974/8117 2387/5973/8118
f 5442/6012/8105 5443/6014/8107 2387/5973/8118 2386/5972/8119
f 5441/6013/8106 5442/6012/8105 2386/5972/8119 2385/5971/8120
f 587/640/8121 5441/6013/8106 2385/5971/8120 39/641/8122
f 586/639/8123 5438/6009/8102 5441/6013/8106 587/640/8121
f 585/638/8110 5435/6006/8099 5438/6009/8102 586/639/8123
f 5444/6022/8124 5445/6023/8125 5448/6024/8126 5447/6025/8127
f 5445/6023/8125 5446/6026/8128 5449/6027/8129 5448/6024/8126
f 5447/6025/8127 5448/6024/8126 5451/6028/8130 5450/6029/8131
f 5448/6024/8126 5449/6027/8129 5452/6030/8132 5451/6028/8130
f 269/6018/8133 2408/6031/8134 5444/6022/8124 2403/6019/8135
f 2408/6031/8134 2407/6032/8136 5445/6023/8125 5444/6022/8124
f 2407/6032/8136 2406/6033/8137 5446/6026/8128 5445/6023/8125
f 2406/6033/8137 268/6034/8138 2409/6035/8139 5446/6026/8128
f 5446/6026/8128 2409/6035/8139 2410/6036/8140 5449/6027/8129
f 5449/6027/8129 2410/6036/8140 2411/6037/8141 5452/6030/8132
f 5452/6030/8132 2411/6037/8141 271/5990/8142 2391/5989/8143
f 5451/6028/8130 5452/6030/8132 2391/5989/8143 2392/5988/8144
f 5450/6029/8131 5451/6028/8130 2392/5988/8144 2393/5987/8145
f 2405/6021/8146 5450/6029/8131 2393/5987/8145 272/5974/8147
f 2404/6020/8148 5447/6025/8127 5450/6029/8131 2405/6021/8146
f 2403/6019/8135 5444/6022/8124 5447/6025/8127 2404/6020/8148
f 5453/6038/8149 5454/6039/8150 5457/6040/8151 5456/6041/8152
f 5454/6039/8150 5455/6042/8153 5458/6043/8154 5457/6040/8151
f 5456/6041/8152 5457/6040/8151 5460/6044/8155 5459/6045/8156
f 5457/6040/8151 5458/6043/8154 5461/6046/8157 5460/6044/8155
f 268/6034/8158 2414/6047/8159 5453/6038/8149 2409/6035/8160
f 2414/6047/8159 2413/6048/8161 5454/6039/8150 5453/6038/8149
f 2413/6048/8161 2412/6049/8162 5455/6042/8153 5454/6039/8150
f 2412/6049/8162 267/559/955 627/766/957 5455/6042/8153
f 5455/6042/8153 627/766/957 628/775/970 5458/6043/8154
f 5458/6043/8154 628/775/970 629/773/968 5461/6046/8157
f 5461/6046/8157 629/773/968 270/774/969 2397/6005/8163
f 5460/6044/8155 5461/6046/8157 2397/6005/8163 2398/6004/8164
f 5459/6045/8156 5460/6044/8155 2398/6004/8164 2399/6003/8165
f 2411/6037/8166 5459/6045/8156 2399/6003/8165 271/5990/8167
f 2410/6036/8168 5456/6041/8152 5459/6045/8156 2411/6037/8166
f 2409/6035/8160 5453/6038/8149 5456/6041/8152 2410/6036/8168
f 5462/6050/8169 5463/6051/8170 5466/6052/8171 5465/6053/8172
f 5463/6051/8170 5464/6054/8173 5467/6055/8174 5466/6052/8171
f 5465/6053/8172 5466/6052/8171 5469/6056/8175 5468/6057/8176
f 5466/6052/8171 5467/6055/8174 5470/6058/8177 5469/6056/8175
f 23/343/8178 2415/6059/8179 5462/6050/8169 561/571/8180
f 2415/6059/8179 2416/6060/8181 5463/6051/8170 5462/6050/8169
f 2416/6060/8181 2417/6061/8182 5464/6054/8173 5463/6051/8170
f 2417/6061/8182 266/6062/8183 2418/6063/8184 5464/6054/8173
f 5464/6054/8173 2418/6063/8184 2419/6064/8185 5467/6055/8174
f 5467/6055/8174 2419/6064/8185 2420/6065/8186 5470/6058/8177
f 5470/6058/8177 2420/6065/8186 269/6018/8187 2402/6017/8188
f 5469/6056/8175 5470/6058/8177 2402/6017/8188 2401/6016/8189
f 5468/6057/8176 5469/6056/8175 2401/6016/8189 2400/6015/8190
f 563/573/8191 5468/6057/8176 2400/6015/8190 31/574/8192
f 562/572/8193 5465/6053/8172 5468/6057/8176 563/573/8191
f 561/571/8180 5462/6050/8169 5465/6053/8172 562/572/8193
f 5471/6066/8194 5472/6067/8195 5475/6068/8196 5474/6069/8197
f 5472/6067/8195 5473/6070/8198 5476/6071/8199 5475/6068/8196
f 5474/6069/8197 5475/6068/8196 5478/6072/8200 5477/6073/8201
f 5475/6068/8196 5476/6071/8199 5479/6074/8202 5478/6072/8200
f 266/6062/8203 2423/6075/8204 5471/6066/8194 2418/6063/8205
f 2423/6075/8204 2422/6076/8206 5472/6067/8195 5471/6066/8194
f 2422/6076/8206 2421/6077/8207 5473/6070/8198 5472/6067/8195
f 2421/6077/8207 265/6078/8208 2424/6079/8209 5473/6070/8198
f 5473/6070/8198 2424/6079/8209 2425/6080/8210 5476/6071/8199
f 5476/6071/8199 2425/6080/8210 2426/6081/8211 5479/6074/8202
f 5479/6074/8202 2426/6081/8211 268/6034/8212 2406/6033/8213
f 5478/6072/8200 5479/6074/8202 2406/6033/8213 2407/6032/8214
f 5477/6073/8201 5478/6072/8200 2407/6032/8214 2408/6031/8215
f 2420/6065/8216 5477/6073/8201 2408/6031/8215 269/6018/8217
f 2419/6064/8218 5474/6069/8197 5477/6073/8201 2420/6065/8216
f 2418/6063/8205 5471/6066/8194 5474/6069/8197 2419/6064/8218
f 5480/6082/8219 5481/6083/8220 5484/6084/8221 5483/6085/8222
f 5481/6083/8220 5482/6086/8223 5485/6087/8224 5484/6084/8221
f 5483/6085/8222 5484/6084/8221 5487/6088/8225 5486/6089/8226
f 5484/6084/8221 5485/6087/8224 5488/6090/8227 5487/6088/8225
f 265/6078/8228 2429/6091/8229 5480/6082/8219 2424/6079/8230
f 2429/6091/8229 2428/6092/8231 5481/6083/8220 5480/6082/8219
f 2428/6092/8231 2427/6093/8232 5482/6086/8223 5481/6083/8220
f 2427/6093/8232 264/477/661 552/550/663 5482/6086/8223
f 5482/6086/8223 552/550/663 553/560/676 5485/6087/8224
f 5485/6087/8224 553/560/676 554/558/674 5488/6090/8227
f 5488/6090/8227 554/558/674 267/559/675 2412/6049/8233
f 5487/6088/8225 5488/6090/8227 2412/6049/8233 2413/6048/8234
f 5486/6089/8226 5487/6088/8225 2413/6048/8234 2414/6047/8235
f 2426/6081/8236 5486/6089/8226 2414/6047/8235 268/6034/8237
f 2425/6080/8238 5483/6085/8222 5486/6089/8226 2426/6081/8236
f 2424/6079/8230 5480/6082/8219 5483/6085/8222 2425/6080/8238
f 5489/6094/8239 5490/6095/8240 5493/6096/8241 5492/6097/8242
f 5490/6095/8240 5491/6098/8243 5494/6099/8244 5493/6096/8241
f 5492/6097/8242 5493/6096/8241 5496/6100/8245 5495/6101/8246
f 5493/6096/8241 5494/6099/8244 5497/6102/8247 5496/6100/8245
f 15/295/8248 2430/6103/8249 5489/6094/8239 483/340/8250
f 2430/6103/8249 2431/6104/8251 5490/6095/8240 5489/6094/8239
f 2431/6104/8251 2432/6105/8252 5491/6098/8243 5490/6095/8240
f 2432/6105/8252 263/6106/8253 2433/6107/8254 5491/6098/8243
f 5491/6098/8243 2433/6107/8254 2434/6108/8255 5494/6099/8244
f 5494/6099/8244 2434/6108/8255 2435/6109/8256 5497/6102/8247
f 5497/6102/8247 2435/6109/8256 266/6062/8257 2417/6061/8258
f 5496/6100/8245 5497/6102/8247 2417/6061/8258 2416/6060/8259
f 5495/6101/8246 5496/6100/8245 2416/6060/8259 2415/6059/8260
f 485/342/8261 5495/6101/8246 2415/6059/8260 23/343/8262
f 484/341/8263 5492/6097/8242 5495/6101/8246 485/342/8261
f 483/340/8250 5489/6094/8239 5492/6097/8242 484/341/8263
f 5498/6110/8264 5499/6111/8265 5502/6112/8266 5501/6113/8267
f 5499/6111/8265 5500/6114/8268 5503/6115/8269 5502/6112/8266
f 5501/6113/8267 5502/6112/8266 5505/6116/8270 5504/6117/8271
f 5502/6112/8266 5503/6115/8269 5506/6118/8272 5505/6116/8270
f 263/6106/8273 2438/6119/8274 5498/6110/8264 2433/6107/8275
f 2438/6119/8274 2437/6120/8276 5499/6111/8265 5498/6110/8264
f 2437/6120/8276 2436/6121/8277 5500/6114/8268 5499/6111/8265
f 2436/6121/8277 262/6122/8278 2439/6123/8279 5500/6114/8268
f 5500/6114/8268 2439/6123/8279 2440/6124/8280 5503/6115/8269
f 5503/6115/8269 2440/6124/8280 2441/6125/8281 5506/6118/8272
f 5506/6118/8272 2441/6125/8281 265/6078/8282 2421/6077/8283
f 5505/6116/8270 5506/6118/8272 2421/6077/8283 2422/6076/8284
f 5504/6117/8271 5505/6116/8270 2422/6076/8284 2423/6075/8285
f 2435/6109/8286 5504/6117/8271 2423/6075/8285 266/6062/8287
f 2434/6108/8288 5501/6113/8267 5504/6117/8271 2435/6109/8286
f 2433/6107/8275 5498/6110/8264 5501/6113/8267 2434/6108/8288
f 5507/6126/8289 5508/6127/8290 5511/6128/8291 5510/6129/8292
f 5508/6127/8290 5509/6130/8293 5512/6131/8294 5511/6128/8291
f 5510/6129/8292 5511/6128/8291 5514/6132/8295 5513/6133/8296
f 5511/6128/8291 5512/6131/8294 5515/6134/8297 5514/6132/8295
f 262/6122/8298 2444/6135/8299 5507/6126/8289 2439/6123/8300
f 2444/6135/8299 2443/6136/8301 5508/6127/8290 5507/6126/8289
f 2443/6136/8301 2442/6137/8302 5509/6130/8293 5508/6127/8290
f 2442/6137/8302 261/280/567 525/469/569 5509/6130/8293
f 5509/6130/8293 525/469/569 526/478/582 5512/6131/8294
f 5512/6131/8294 526/478/582 527/476/580 5515/6134/8297
f 5515/6134/8297 527/476/580 264/477/581 2427/6093/8303
f 5514/6132/8295 5515/6134/8297 2427/6093/8303 2428/6092/8304
f 5513/6133/8296 5514/6132/8295 2428/6092/8304 2429/6091/8305
f 2441/6125/8306 5513/6133/8296 2429/6091/8305 265/6078/8307
f 2440/6124/8308 5510/6129/8292 5513/6133/8296 2441/6125/8306
f 2439/6123/8300 5507/6126/8289 5510/6129/8292 2440/6124/8308
f 5516/6138/8309 5517/6139/8310 5520/6140/8311 5519/6141/8312
f 5517/6139/8310 5518/6142/8313 5521/6143/8314 5520/6140/8311
f 5519/6141/8312 5520/6140/8311 5523/6144/8315 5522/6145/8316
f 5520/6140/8311 5521/6143/8314 5524/6146/8317 5523/6144/8315
f 7/114/8318 2445/6147/8319 5516/6138/8309 465/292/8320
f 2445/6147/8319 2446/6148/8321 5517/6139/8310 5516/6138/8309
f 2446/6148/8321 2447/6149/8322 5518/6142/8313 5517/6139/8310
f 2447/6149/8322 260/6150/8323 2448/6151/8324 5518/6142/8313
f 5518/6142/8313 2448/6151/8324 2449/6152/8325 5521/6143/8314
f 5521/6143/8314 2449/6152/8325 2450/6153/8326 5524/6146/8317
f 5524/6146/8317 2450/6153/8326 263/6106/8327 2432/6105/8328
f 5523/6144/8315 5524/6146/8317 2432/6105/8328 2431/6104/8329
f 5522/6145/8316 5523/6144/8315 2431/6104/8329 2430/6103/8330
f 467/294/8331 5522/6145/8316 2430/6103/8330 15/295/8332
f 466/293/8333 5519/6141/8312 5522/6145/8316 467/294/8331
f 465/292/8320 5516/6138/8309 5519/6141/8312 466/293/8333
f 5525/6154/8334 5526/6155/8335 5529/6156/8336 5528/6157/8337
f 5526/6155/8335 5527/6158/8338 5530/6159/8339 5529/6156/8336
f 5528/6157/8337 5529/6156/8336 5532/6160/8340 5531/6161/8341
f 5529/6156/8336 5530/6159/8339 5533/6162/8342 5532/6160/8340
f 260/6150/8343 2453/6163/8344 5525/6154/8334 2448/6151/8345
f 2453/6163/8344 2452/6164/8346 5526/6155/8335 5525/6154/8334
f 2452/6164/8346 2451/6165/8347 5527/6158/8338 5526/6155/8335
f 2451/6165/8347 259/6166/8348 2454/6167/8349 5527/6158/8338
f 5527/6158/8338 2454/6167/8349 2455/6168/8350 5530/6159/8339
f 5530/6159/8339 2455/6168/8350 2456/6169/8351 5533/6162/8342
f 5533/6162/8342 2456/6169/8351 262/6122/8352 2436/6121/8353
f 5532/6160/8340 5533/6162/8342 2436/6121/8353 2437/6120/8354
f 5531/6161/8341 5532/6160/8340 2437/6120/8354 2438/6119/8355
f 2450/6153/8356 5531/6161/8341 2438/6119/8355 263/6106/8357
f 2449/6152/8358 5528/6157/8337 5531/6161/8341 2450/6153/8356
f 2448/6151/8345 5525/6154/8334 5528/6157/8337 2449/6152/8358
f 5534/6170/8359 5535/6171/8360 5538/6172/8361 5537/6173/8362
f 5535/6171/8360 5536/6174/8363 5539/6175/8364 5538/6172/8361
f 5537/6173/8362 5538/6172/8361 5541/6176/8365 5540/6177/8366
f 5538/6172/8361 5539/6175/8364 5542/6178/8367 5541/6176/8365
f 259/6166/8368 2459/6179/8369 5534/6170/8359 2454/6167/8370
f 2459/6179/8369 2458/6180/8371 5535/6171/8360 5534/6170/8359
f 2458/6180/8371 2457/6181/8372 5536/6174/8363 5535/6171/8360
f 2457/6181/8372 258/94/298 456/271/300 5536/6174/8363
f 5536/6174/8363 456/271/300 457/281/313 5539/6175/8364
f 5539/6175/8364 457/281/313 458/279/311 5542/6178/8367
f 5542/6178/8367 458/279/311 261/280/312 2442/6137/8373
f 5541/6176/8365 5542/6178/8367 2442/6137/8373 2443/6136/8374
f 5540/6177/8366 5541/6176/8365 2443/6136/8374 2444/6135/8375
f 2456/6169/8376 5540/6177/8366 2444/6135/8375 262/6122/8377
f 2455/6168/8378 5537/6173/8362 5540/6177/8366 2456/6169/8376
f 2454/6167/8370 5534/6170/8359 5537/6173/8362 2455/6168/8378
f 5543/6182/8379 5544/6183/8380 5547/6184/8381 5546/6185/8382
f 5544/6183/8380 5545/6186/8383 5548/6187/8384 5547/6184/8381
f 5546/6185/8382 5547/6184/8381 5550/6188/8385 5549/6189/8386
f 5547/6184/8381 5548/6187/8384 5551/6190/8387 5550/6188/8385
f 253/110/8388 1992/4797/8389 5543/6182/8379 401/111/8390
f 1992/4797/8389 1993/4796/8391 5544/6183/8380 5543/6182/8379
f 1993/4796/8391 1994/4795/8392 5545/6186/8383 5544/6183/8380
f 1994/4795/8392 353/4794/8393 2462/6191/8394 5545/6186/8383
f 5545/6186/8383 2462/6191/8394 2461/6192/8395 5548/6187/8384
f 5548/6187/8384 2461/6192/8395 2460/6193/8396 5551/6190/8387
f 5551/6190/8387 2460/6193/8396 260/6150/8397 2447/6149/8398
f 5550/6188/8385 5551/6190/8387 2447/6149/8398 2446/6148/8399
f 5549/6189/8386 5550/6188/8385 2446/6148/8399 2445/6147/8400
f 399/113/8401 5549/6189/8386 2445/6147/8400 7/114/8402
f 400/112/8403 5546/6185/8382 5549/6189/8386 399/113/8401
f 401/111/8390 5543/6182/8379 5546/6185/8382 400/112/8403
f 5552/6194/8404 5553/6195/8405 5556/6196/8406 5555/6197/8407
f 5553/6195/8405 5554/6198/8408 5557/6199/8409 5556/6196/8406
f 5555/6197/8407 5556/6196/8406 5559/6200/8410 5558/6201/8411
f 5556/6196/8406 5557/6199/8409 5560/6202/8412 5559/6200/8410
f 353/4794/8413 2003/4817/8414 5552/6194/8404 2462/6191/8415
f 2003/4817/8414 2002/4816/8416 5553/6195/8405 5552/6194/8404
f 2002/4816/8416 2001/4815/8417 5554/6198/8408 5553/6195/8405
f 2001/4815/8417 352/4814/8418 2465/6203/8419 5554/6198/8408
f 5554/6198/8408 2465/6203/8419 2464/6204/8420 5557/6199/8409
f 5557/6199/8409 2464/6204/8420 2463/6205/8421 5560/6202/8412
f 5560/6202/8412 2463/6205/8421 259/6166/8422 2451/6165/8423
f 5559/6200/8410 5560/6202/8412 2451/6165/8423 2452/6164/8424
f 5558/6201/8411 5559/6200/8410 2452/6164/8424 2453/6163/8425
f 2460/6193/8426 5558/6201/8411 2453/6163/8425 260/6150/8427
f 2461/6192/8428 5555/6197/8407 5558/6201/8411 2460/6193/8426
f 2462/6191/8415 5552/6194/8404 5555/6197/8407 2461/6192/8428
f 5561/6206/8429 5562/6207/8430 5565/6208/8431 5564/6209/8432
f 5562/6207/8430 5563/6210/8433 5566/6211/8434 5565/6208/8431
f 5564/6209/8432 5565/6208/8431 5568/6212/8435 5567/6213/8436
f 5565/6208/8431 5566/6211/8434 5569/6214/8437 5568/6212/8435
f 352/4814/8438 2009/4832/8439 5561/6206/8429 2465/6203/8440
f 2009/4832/8439 2008/4831/8441 5562/6207/8430 5561/6206/8429
f 2008/4831/8441 2007/4830/8442 5563/6210/8433 5562/6207/8430
f 2007/4830/8442 351/81/79 386/83/81 5563/6210/8433
f 5563/6210/8433 386/83/81 385/95/94 5566/6211/8434
f 5566/6211/8434 385/95/94 384/93/92 5569/6214/8437
f 5569/6214/8437 384/93/92 258/94/93 2457/6181/8443
f 5568/6212/8435 5569/6214/8437 2457/6181/8443 2458/6180/8444
f 5567/6213/8436 5568/6212/8435 2458/6180/8444 2459/6179/8445
f 2463/6205/8446 5567/6213/8436 2459/6179/8445 259/6166/8447
f 2464/6204/8448 5564/6209/8432 5567/6213/8436 2463/6205/8446
f 2465/6203/8440 5561/6206/8429 5564/6209/8432 2464/6204/8448
